Index,Time,Difference,Hz,AveHz,Pressure,Acceleration-X,Acceleration-Y,Acceleration-Z,Magnetic-X,Magnetic-Y,Magnetic-Z,Angular-Vel-X,Angular-Vel-Y,Angular-Vel-Z,Heading,Roll,Pitch,Quaternion-X,Quaternion-Y,Quaternion-Z,Quaternion-W,Linear-Acceleration-X,Linear-Acceleration-Y,Linear-Acceleration-Z,Gravity-X,Gravity-Y,Gravity-Z,Position-X,Position-Y,Position-Z
0,0.0,0.0,0,0,2.6097243066045465e-38,56.0,-111.0,996.0,-16.1875,2.75,-14.0625,0.6875,1.8125,-113.75,293.3125,2.5,1.6875,-0.00042724609375,-0.02685546875,0.54937744140625,0.83514404296875,12.0,-81.0,17.0,43.0,-29.0,979.0,3349,3077,742,
1,0.09800958633422852,0.09800958633422852,10.203083569701421,10.203083569701421,2.6097243066045465e-38,53.0,-100.0,1000.0,-16.875,-0.0625,-14.5,-0.5625,3.5625,-113.75,303.1875,2.4375,1.25,0.00042724609375,-0.0245361328125,0.47528076171875,0.8795166015625,10.0,-78.0,20.0,42.0,-22.0,979.0,3308,3006,640,
2,0.19401931762695312,0.09600973129272461,10.41561086085216,10.30825190224337,2.6097243066045465e-38,52.0,-111.0,998.0,-15.0,-2.75,-17.5625,0.0625,4.9375,-113.875,314.25,2.3125,0.8125,0.00128173828125,-0.021728515625,0.38861083984375,0.921142578125,12.0,-97.0,19.0,40.0,-14.0,979.0,3191,3023,277,
3,0.2840282917022705,0.09000897407531738,11.110003311039003,10.562328076615398,2.6097243066045465e-38,21.0,-105.0,990.0,-15.0,-6.5,-21.0625,0.875,6.25,-114.0,324.125,2.125,0.4375,0.002197265625,-0.01849365234375,0.3074951171875,0.95135498046875,-14.0,-98.0,10.0,35.0,-7.0,979.0,3278,3109,245,
4,0.3740372657775879,0.09000897407531738,11.110003311039003,10.694121591559549,2.6097243066045465e-38,19.0,-109.0,994.0,-13.1875,-12.5,-23.375,0.5,3.5625,-114.0625,334.0625,1.75,0.0,0.0032958984375,-0.0152587890625,0.22406005859375,0.9765625,-11.0,-109.0,14.0,30.0,0.0,980.0,3231,3132,245,
5,0.4640464782714844,0.09000921249389648,11.109973882593517,10.77478277310579,2.6097243066045465e-38,38.0,-107.0,1002.0,-10.0,-15.75,-24.5625,-0.1875,3.0625,-114.125,344.0,1.4375,-0.25,0.0040283203125,-0.012451171875,0.1387939453125,0.990234375,13.0,-111.0,21.0,25.0,4.0,980.0,3118,3214,271,
6,0.5570554733276367,0.09300899505615234,10.75164826150707,10.770920109909863,2.6092220812349324e-38,36.0,-107.0,1013.0,-5.6875,-19.375,-27.25,0.3125,3.1875,-114.125,353.9375,1.0625,-0.4375,0.00469970703125,-0.00927734375,0.0523681640625,0.99859619140625,18.0,-115.0,33.0,18.0,8.0,980.0,3038,3290,340,
7,0.6480648517608643,0.09100937843322754,10.987878581477048,10.801388134197097,2.6092220812349324e-38,41.0,-101.0,1008.0,-3.1875,-20.5,-27.5625,0.8125,3.1875,-114.4375,3.9375,0.625,-0.625,0.0054931640625,-0.0059814453125,-0.0345458984375,0.9993896484375,15.0,-133.0,10.0,11.0,11.0,980.0,2973,3276,330,
8,0.7390739917755127,0.09100914001464844,10.987907366656188,10.824356003627212,2.6092220812349324e-38,24.0,-102.0,1008.0,2.5,-23.0,-29.1875,0.0625,4.1875,-114.3125,15.0,0.125,-0.75,0.0064697265625,-0.00225830078125,-0.1307373046875,0.99139404296875,21.0,-115.0,27.0,2.0,13.0,980.0,2965,3318,242,
9,0.8360836505889893,0.09700965881347656,10.30825190224337,10.764473140528272,2.6092220812349324e-38,32.0,-113.0,1000.0,8.5625,-21.6875,-31.5625,-0.125,3.6875,-114.5625,25.0,-0.25,-0.75,0.0069580078125,0.0010986328125,-0.2164306640625,0.97625732421875,37.0,-126.0,20.0,-5.0,12.0,980.0,2922,3338,92,
10,0.9230923652648926,0.08700871467590332,11.493101624646176,10.833152105131298,2.6105852643810276e-38,31.0,-118.0,995.0,13.6875,-19.875,-33.875,0.4375,3.4375,-114.4375,34.9375,-0.6875,-0.625,0.0074462890625,0.00433349609375,-0.300537109375,0.9537353515625,44.0,-130.0,14.0,-12.0,11.0,980.0,2936,3298,29,
11,1.0051004886627197,0.08200812339782715,12.19391395104763,10.944179337366988,2.6105852643810276e-38,32.0,-123.0,1003.0,17.6875,-15.25,-37.0,0.6875,3.875,-114.8125,43.8125,-1.0625,-0.5,0.0081787109375,0.00726318359375,-0.37335205078125,0.9276123046875,51.0,-133.0,22.0,-19.0,9.0,980.0,2960,3304,143,
12,1.088109016418457,0.0830085277557373,12.0469550181955,11.028306740346986,2.6105852643810276e-38,12.0,-110.0,1005.0,18.75,-12.75,-36.25,0.0625,3.25,-114.6875,52.6875,-1.4375,-0.375,0.00872802734375,0.01019287109375,-0.44390869140625,0.89599609375,83.0,-130.0,5.0,-25.0,6.0,980.0,3051,3305,106,
13,1.1731173992156982,0.08500838279724121,11.763545748013609,11.081584851346767,2.6105852643810276e-38,4.0,-116.0,999.0,20.0,-7.6875,-38.0625,-0.3125,3.25,-114.5,62.625,-1.8125,-0.0625,0.00897216796875,0.01324462890625,-0.52001953125,0.85400390625,35.0,-117.0,19.0,-31.0,1.0,980.0,2977,3323,187,
14,1.2641263008117676,0.09100890159606934,10.987936151986148,11.07484275187519,2.6105852643810276e-38,37.0,-114.0,1011.0,20.0625,-2.75,-39.25,0.125,3.8125,-114.125,72.625,-2.0625,0.25,0.0091552734375,0.0162353515625,-0.5921630859375,0.80560302734375,73.0,-110.0,31.0,-36.0,-4.0,979.0,2802,3355,261,
15,1.356135606765747,0.09200930595397949,10.86846585387974,11.060840763390585,2.6093655741976793e-38,11.0,-122.0,1004.0,18.0,0.1875,-38.5,-0.0625,4.25,-114.3125,82.5625,-2.3125,0.625,0.00927734375,0.01910400390625,-0.6597900390625,0.75115966796875,51.0,-111.0,24.0,-40.0,-11.0,979.0,2748,3269,147,
16,1.4501447677612305,0.0940091609954834,10.637261192534675,11.033381187659765,2.6093655741976793e-38,18.0,-119.0,1016.0,14.6875,5.1875,-37.25,0.3125,4.1875,-114.125,93.625,-2.5,1.0625,0.00946044921875,0.022216796875,-0.72906494140625,0.68402099609375,62.0,-100.0,36.0,-43.0,-19.0,979.0,2769,3341,172,
17,1.545154333114624,0.09500956535339355,10.52525602322716,11.002137220644153,2.6093655741976793e-38,44.0,-122.0,1006.0,13.0,5.1875,-37.5,0.8125,2.5625,-113.9375,103.5625,-2.625,1.5,0.009765625,0.02471923828125,-0.7855224609375,0.61822509765625,89.0,-96.0,26.0,-44.0,-26.0,979.0,2678,3398,325,
18,1.6381638050079346,0.09300947189331055,10.751593140396299,10.987912164200708,2.6093655741976793e-38,58.0,-126.0,997.0,10.5,6.875,-33.875,0.5,1.6875,-114.125,114.625,-2.5625,2.0,0.0096435546875,0.0269775390625,-0.84130859375,0.539794921875,102.0,-92.0,18.0,-44.0,-34.0,979.0,2601,3279,154,
19,1.730173110961914,0.09200930595397949,10.86846585387974,10.981560099172205,2.6098677995672933e-38,46.0,-127.0,991.0,8.25,7.875,-32.375,0.25,3.5625,-113.875,124.5,-2.5,2.4375,0.0096435546875,0.029296875,-0.884765625,0.4649658203125,90.0,-85.0,12.0,-43.0,-41.0,978.0,2595,3334,206,
20,1.8201818466186523,0.09000873565673828,11.110032739640394,10.987913123710115,2.6098677995672933e-38,39.0,-125.0,995.0,6.25,6.5625,-29.375,0.125,4.6875,-113.5625,134.4375,-2.375,2.875,0.00958251953125,0.03131103515625,-0.921630859375,0.38671875,80.0,-76.0,17.0,-41.0,-49.0,978.0,2581,3264,61,
21,1.9091911315917969,0.08900928497314453,11.23478298136779,10.999422557809156,2.6098677995672933e-38,41.0,-122.0,1005.0,7.0,6.25,-25.875,0.1875,5.3125,-113.5,144.375,-2.1875,3.25,0.00958251953125,0.033203125,-0.95147705078125,0.3056640625,74.0,-67.0,24.0,-37.0,-56.0,978.0,2595,3329,103,
22,1.9991998672485352,0.09000873565673828,11.110032739640394,11.004402491421844,2.6098677995672933e-38,41.0,-124.0,1005.0,8.375,6.0,-26.25,0.375,4.0625,-113.4375,154.25,-1.875,3.625,0.00933837890625,0.03460693359375,-0.97430419921875,0.222412109375,84.0,-61.0,22.0,-32.0,-62.0,978.0,2548,3463,184,
23,2.0972096920013428,0.09800982475280762,10.203058749692884,10.966952941196533,2.610800503825148e-38,45.0,-122.0,999.0,9.25,7.75,-27.0625,0.125,3.1875,-113.5,164.125,-1.5625,3.875,0.0087890625,0.03582763671875,-0.98980712890625,0.13751220703125,82.0,-51.0,26.0,-26.0,-67.0,977.0,2506,3593,329,
24,2.1972196102142334,0.10000991821289062,9.999008277072129,10.922895412197759,2.610800503825148e-38,57.0,-124.0,1002.0,10.5625,9.875,-28.375,0.25,3.25,-113.375,176.25,-1.0625,4.1875,0.00823974609375,0.03704833984375,-0.998779296875,0.032470703125,72.0,-48.0,23.0,-18.0,-71.0,977.0,2507,3609,217,
25,2.29422926902771,0.09700965881347656,10.30825190224337,10.896905700533997,2.610800503825148e-38,50.0,-115.0,992.0,8.6875,14.875,-31.5,0.3125,4.0625,-113.4375,186.125,-0.625,4.3125,0.00787353515625,0.0377197265625,-0.997802734375,-0.0537109375,59.0,-43.0,19.0,-11.0,-74.0,977.0,2528,3712,185,
26,2.3892388343811035,0.09500956535339355,10.52525602322716,10.882126820416808,2.610800503825148e-38,49.0,-109.0,998.0,2.375,18.375,-33.375,0.1875,4.125,-113.25,197.125,-0.1875,4.4375,0.0074462890625,0.0380859375,-0.98809814453125,-0.14898681640625,49.0,-44.0,20.0,-3.0,-76.0,977.0,2556,3690,171,
27,2.484248399734497,0.09500956535339355,10.52525602322716,10.868478370715913,2.609150334753559e-38,40.0,-113.0,997.0,-7.0,19.875,-29.5,0.125,3.5,-113.5625,207.0,0.25,4.4375,0.00677490234375,0.0382080078125,-0.9715576171875,-0.233642578125,49.0,-40.0,17.0,4.0,-75.0,977.0,2584,3701,205,
28,2.5822582244873047,0.09800982475280762,10.203058749692884,10.843222313895145,2.609150334753559e-38,43.0,-115.0,994.0,-11.875,18.1875,-24.0,0.5,3.5,-113.1875,218.0,0.75,4.3125,0.0059814453125,0.0379638671875,-0.94476318359375,-0.3255615234375,36.0,-31.0,24.0,13.0,-74.0,977.0,2656,3751,220,
29,2.6772677898406982,0.09500956535339355,10.52525602322716,10.831938482226146,2.609150334753559e-38,63.0,-117.0,994.0,-15.0,15.375,-18.25,0.25,2.8125,-113.3125,227.875,1.1875,4.125,0.0052490234375,0.0374755859375,-0.91314697265625,-0.40582275390625,43.0,-46.0,16.0,20.0,-71.0,977.0,2796,3660,72,
30,2.774277448654175,0.09700965881347656,10.30825190224337,10.813626450574816,2.609150334753559e-38,102.0,-117.0,989.0,-15.6875,14.0,-13.1875,-0.0625,2.125,-113.5625,238.875,1.625,3.875,0.00408935546875,0.0367431640625,-0.8701171875,-0.49139404296875,-7.0,-27.0,28.0,28.0,-66.0,977.0,2924,3537,102,
31,2.863286256790161,0.08900880813598633,11.234843168242573,10.826720495194927,2.610154785492787e-38,32.0,-113.0,989.0,-15.25,12.0625,-11.5625,0.6875,2.6875,-113.3125,247.6875,1.9375,3.5625,0.00341796875,0.03570556640625,-0.8299560546875,-0.556640625,-1.0,-51.0,11.0,33.0,-61.0,978.0,3029,3504,100,
32,2.9512951374053955,0.08800888061523438,11.362489705691127,10.842697361719138,2.610154785492787e-38,54.0,-109.0,1009.0,-14.5625,11.375,-9.0,-0.125,4.5,-113.4375,257.5625,2.1875,3.25,0.002685546875,0.03424072265625,-0.7789306640625,-0.62615966796875,16.0,-53.0,31.0,37.0,-55.0,978.0,3160,3391,16,
33,3.044304370880127,0.09300923347473145,10.751620700881036,10.839914798157814,2.610154785492787e-38,60.0,-101.0,998.0,-15.5625,9.0625,-9.75,-0.1875,4.75,-113.4375,268.5625,2.4375,2.75,0.00177001953125,0.03240966796875,-0.71539306640625,-0.69793701171875,18.0,-54.0,19.0,41.0,-47.0,978.0,3293,3263,26,
34,3.1393136978149414,0.09500932693481445,10.525282435545472,10.830392650363372,2.610154785492787e-38,11.0,-102.0,1007.0,-16.6875,7.0,-12.0625,0.375,2.6875,-113.25,279.5625,2.5625,2.3125,0.00091552734375,0.03021240234375,-0.64532470703125,-0.7633056640625,15.0,-65.0,34.0,44.0,-39.0,978.0,3358,3146,92,
35,3.236323595046997,0.09700989723205566,10.308226567933762,10.81474054497067,2.6093655741976793e-38,67.0,-108.0,997.0,-17.375,4.0,-13.25,0.8125,3.0,-113.3125,289.4375,2.5625,1.8125,-0.00018310546875,0.02789306640625,-0.57708740234375,-0.81622314453125,22.0,-77.0,18.0,44.0,-31.0,979.0,3378,3053,147,
36,3.3253326416015625,0.08900904655456543,11.234813074724574,10.82598460966645,2.6093655741976793e-38,59.0,-104.0,995.0,-15.875,-0.75,-16.0,0.125,1.125,-113.9375,299.375,2.5625,1.3125,-0.001220703125,0.02569580078125,-0.50445556640625,-0.863037109375,14.0,-77.0,2.0,44.0,-23.0,979.0,3391,2964,162,
37,3.414341449737549,0.08900880813598633,11.234843168242573,10.836643184249803,2.6093655741976793e-38,50.0,-110.0,1005.0,-16.1875,-3.875,-18.6875,0.0,2.25,-113.75,308.1875,2.5,0.9375,-0.001953125,0.02349853515625,-0.43670654296875,-0.8992919921875,7.0,-93.0,25.0,43.0,-16.0,979.0,3256,2834,188,
38,3.5053505897521973,0.09100914001464844,10.987907366656188,10.840570444249437,2.6093655741976793e-38,20.0,-95.0,1018.0,-14.6875,-7.5625,-19.875,0.3125,4.0625,-114.125,319.1875,2.25,0.4375,-0.0029296875,0.02032470703125,-0.34832763671875,-0.9371337890625,-18.0,-86.0,39.0,39.0,-8.0,979.0,3190,2853,259,
39,3.600360155105591,0.09500956535339355,10.52525602322716,10.832249641662923,2.6100830390114136e-38,38.0,-102.0,1000.0,-14.0,-9.75,-22.6875,0.3125,5.6875,-114.1875,329.125,1.9375,0.0625,-0.0040283203125,0.01678466796875,-0.2659912109375,-0.96380615234375,5.0,-101.0,20.0,33.0,-1.0,980.0,3193,2930,254,
40,3.694369316101074,0.0940091609954834,10.637261192534675,10.827287847392256,2.6100830390114136e-38,44.0,-104.0,999.0,-11.875,-13.0625,-24.5625,-0.0625,2.5625,-114.0625,339.0625,1.625,-0.25,-0.0048828125,0.01336669921875,-0.17205810546875,-0.9849853515625,16.0,-109.0,19.0,27.0,4.0,980.0,3111,3033,267,
41,3.7833783626556396,0.08900904655456543,11.234813074724574,10.836875424540189,2.6100830390114136e-38,35.0,-116.0,1001.0,-7.875,-18.1875,-25.6875,0.0,3.9375,-114.25,349.0,1.25,-0.5,-0.00555419921875,0.0101318359375,-0.0860595703125,-0.9962158203125,8.0,-118.0,22.0,20.0,9.0,980.0,3071,3152,400,
42,3.871387004852295,0.08800864219665527,11.362520487084671,10.848824968249959,2.6100830390114136e-38,11.0,-105.0,1001.0,-3.1875,-22.0,-28.5,0.25,3.5,-114.4375,358.9375,0.8125,-0.6875,-0.006103515625,0.007080078125,-0.00897216796875,-0.99993896484375,-2.0,-117.0,21.0,14.0,11.0,980.0,3048,3237,321,
43,3.9543955326080322,0.0830085277557373,12.0469550181955,10.873975464877264,2.608791602346692e-38,11.0,-103.0,1004.0,3.25,-23.375,-29.875,0.1875,2.6875,-114.5,8.875,0.3125,-0.75,-0.0067138671875,0.0037841796875,0.077880859375,-0.9969482421875,28.0,-135.0,8.0,7.0,13.0,980.0,3022,3278,277,
44,4.036403656005859,0.08200812339782715,12.19391395104763,10.90079282197938,2.608791602346692e-38,36.0,-113.0,996.0,6.875,-22.75,-30.375,0.1875,2.875,-114.3125,17.75,0.0,-0.8125,-0.00714111328125,0.00115966796875,0.14508056640625,-0.98797607421875,33.0,-119.0,20.0,0.0,14.0,980.0,2990,3339,172,
45,4.126412630081177,0.09000897407531738,11.110003311039003,10.905356306820615,2.608791602346692e-38,24.0,-124.0,986.0,11.5,-20.25,-33.1875,0.0,4.3125,-114.5,27.75,-0.4375,-0.75,-0.00762939453125,-0.0025634765625,0.2398681640625,-0.97076416015625,33.0,-137.0,22.0,-7.0,13.0,980.0,2971,3333,39,
46,4.222422122955322,0.09600949287414551,10.415636725743928,10.894221056184707,2.608791602346692e-38,6.0,-110.0,991.0,15.875,-17.0625,-35.5,0.5,3.625,-114.375,37.6875,-0.9375,-0.625,-0.008056640625,-0.0059814453125,0.32330322265625,-0.94622802734375,55.0,-140.0,20.0,-16.0,11.0,980.0,2966,3341,98,
47,4.322432041168213,0.10000991821289062,9.999008277072129,10.873508143646239,2.609293827716306e-38,19.0,-117.0,1012.0,18.5,-13.0625,-36.6875,0.4375,3.4375,-114.5625,48.8125,-1.375,-0.4375,-0.0086669921875,-0.00970458984375,0.41314697265625,-0.91058349609375,43.0,-124.0,32.0,-24.0,7.0,980.0,2942,3345,65,
48,4.423442363739014,0.10101032257080078,9.899978284883446,10.851277365672948,2.609293827716306e-38,-15.0,-114.0,997.0,19.5625,-8.6875,-38.5,-0.4375,3.875,-114.6875,61.0,-1.8125,-0.0625,-0.00897216796875,-0.0135498046875,0.50750732421875,-0.86151123046875,16.0,-116.0,17.0,-31.0,1.0,980.0,2838,3343,176,
49,4.525452375411987,0.10201001167297363,9.802959372319515,10.827646815206878,2.609293827716306e-38,43.0,-127.0,994.0,19.6875,-3.875,-39.6875,0.0,3.75,-114.5625,72.0625,-2.125,0.25,-0.0091552734375,-0.0169677734375,0.58831787109375,-0.80841064453125,80.0,-122.0,14.0,-37.0,-5.0,979.0,2714,3377,281,
50,4.620461940765381,0.09500956535339355,10.52525602322716,10.821428818374269,2.609293827716306e-38,41.0,-134.0,1000.0,16.5,0.25,-39.25,0.125,3.8125,-114.125,82.0,-2.375,0.6875,-0.00921630859375,-0.0198974609375,0.65631103515625,-0.75421142578125,82.0,-122.0,21.0,-41.0,-11.0,979.0,2701,3343,238,
51,4.708470821380615,0.08800888061523438,11.362489705691127,10.831542115205423,2.609437320679053e-38,49.0,-137.0,1001.0,13.6875,4.375,-37.375,0.5,2.8125,-114.1875,92.0,-2.5625,1.125,-0.00927734375,-0.02264404296875,0.71923828125,-0.6943359375,93.0,-118.0,21.0,-43.0,-19.0,979.0,2741,3417,285,
52,4.799479961395264,0.09100914001464844,10.987907366656188,10.83450715874705,2.609437320679053e-38,49.0,-112.0,1017.0,12.5625,5.25,-38.1875,0.4375,1.5625,-114.3125,101.9375,-2.625,1.5625,-0.00921630859375,-0.025146484375,0.7767333984375,-0.6292724609375,94.0,-85.0,38.0,-45.0,-26.0,979.0,2668,3435,400,
53,4.890488862991333,0.09100890159606934,10.987936151986148,10.837362375176097,2.609437320679053e-38,52.0,-122.0,990.0,10.5,5.75,-35.875,0.75,1.8125,-114.1875,111.875,-2.625,2.0,-0.00921630859375,-0.02734375,0.82830810546875,-0.55950927734375,97.0,-87.0,11.0,-44.0,-34.0,979.0,2596,3296,212,
54,4.9824981689453125,0.09200930595397949,10.86846585387974,10.837936747587534,2.609437320679053e-38,36.0,-121.0,995.0,7.0625,5.6875,-32.375,0.125,4.625,-114.125,122.9375,-2.5,2.5,-0.0091552734375,-0.02996826171875,0.8782958984375,-0.47711181640625,80.0,-78.0,16.0,-43.0,-42.0,978.0,2581,3369,251,
55,5.081508159637451,0.09900999069213867,10.099990849503225,10.823558335863043,2.6085763629025716e-38,44.0,-124.0,1002.0,6.25,6.5625,-29.75,0.0625,5.0625,-113.9375,132.875,-2.375,2.9375,-0.00909423828125,-0.031982421875,0.916259765625,-0.39923095703125,79.0,-77.0,17.0,-41.0,-50.0,978.0,2579,3379,215,
56,5.177517652511597,0.09600949287414551,10.415636725743928,10.815994026178663,2.6085763629025716e-38,49.0,-118.0,997.0,7.6875,7.0625,-27.75,0.625,2.5625,-113.875,143.9375,-2.125,3.375,-0.00885009765625,-0.033935546875,0.9503173828125,-0.309326171875,86.0,-60.0,19.0,-37.0,-57.0,978.0,2601,3400,194,
57,5.269526958465576,0.09200930595397949,10.86846585387974,10.816910217800219,2.6085763629025716e-38,57.0,-121.0,997.0,9.0,7.75,-25.875,0.25,2.1875,-114.0,153.8125,-1.8125,3.6875,-0.00830078125,-0.0352783203125,0.97344970703125,-0.22589111328125,88.0,-57.0,19.0,-31.0,-63.0,978.0,2557,3536,270,
58,5.3605358600616455,0.09100890159606934,10.987936151986148,10.81981382348835,2.6085763629025716e-38,48.0,-116.0,1008.0,10.0,9.5625,-27.5625,-0.125,4.1875,-113.6875,163.75,-1.4375,4.0,-0.00799560546875,-0.0364990234375,0.98931884765625,-0.14080810546875,73.0,-48.0,30.0,-25.0,-68.0,977.0,2530,3641,386,
59,5.451545238494873,0.09100937843322754,10.987878581477048,10.82261953608761,2.6085763629025716e-38,64.0,-118.0,1009.0,9.875,12.75,-29.875,0.5,3.0625,-113.6875,173.6875,-1.0625,4.1875,-0.007568359375,-0.0374755859375,0.99774169921875,-0.05474853515625,83.0,-45.0,32.0,-18.0,-72.0,977.0,2457,3619,253,
60,5.542554140090942,0.09100890159606934,10.987936151986148,10.82533403977097,2.609293827716306e-38,35.0,-108.0,995.0,8.0625,15.6875,-33.0625,0.375,3.875,-113.875,184.6875,-0.5625,4.375,-0.00701904296875,-0.0382080078125,0.9984130859375,0.04132080078125,46.0,-33.0,17.0,-10.0,-75.0,977.0,2488,3704,260,
61,5.630563020706177,0.08800888061523438,11.362489705691127,10.833730086258669,2.609293827716306e-38,50.0,-115.0,995.0,0.6875,19.5,-33.0,-0.1875,3.625,-113.8125,193.5,-0.1875,4.4375,-0.0064697265625,-0.03857421875,0.99224853515625,0.11798095703125,53.0,-39.0,17.0,-3.0,-76.0,977.0,2490,3718,226,
62,5.720571994781494,0.09000897407531738,11.110003311039003,10.838077041344567,2.609293827716306e-38,51.0,-119.0,999.0,-6.5,20.0,-30.1875,0.1875,4.5,-113.625,202.375,0.1875,4.4375,-0.00604248046875,-0.03863525390625,0.97833251953125,0.20330810546875,40.0,-39.0,30.0,3.0,-76.0,977.0,2524,3726,224,
63,5.811581134796143,0.09100914001464844,10.987907366656188,10.840423378552712,2.609293827716306e-38,55.0,-114.0,992.0,-11.375,19.375,-24.375,0.6875,4.1875,-113.6875,214.5,0.6875,4.3125,-0.0052490234375,-0.0382080078125,0.95428466796875,0.29638671875,33.0,-32.0,22.0,12.0,-74.0,977.0,2587,3774,220,
64,5.899590015411377,0.08800888061523438,11.362489705691127,10.848211457544359,2.608648109383945e-38,54.0,-102.0,1016.0,-13.5625,17.5625,-19.6875,-0.125,3.0625,-113.5,223.3125,1.0625,4.1875,-0.00457763671875,-0.03778076171875,0.9287109375,0.36883544921875,26.0,-44.0,27.0,18.0,-72.0,977.0,2777,3653,37,
65,5.990598917007446,0.09100890159606934,10.987936151986148,10.850334148638048,2.608648109383945e-38,53.0,-110.0,987.0,-14.875,16.1875,-15.0625,0.125,2.125,-113.6875,233.1875,1.5,3.9375,-0.00372314453125,-0.03704833984375,0.89337158203125,0.44775390625,21.0,-33.0,21.0,26.0,-68.0,977.0,2919,3529,87,
66,6.078607797622681,0.08800888061523438,11.362489705691127,10.857749372448794,2.608648109383945e-38,47.0,-101.0,1015.0,-15.1875,12.5,-11.6875,1.0,1.125,-113.8125,243.125,1.875,3.625,-0.00274658203125,-0.03594970703125,0.851318359375,0.52337646484375,27.0,-49.0,1.0,32.0,-62.0,978.0,3019,3485,92,
67,6.169616937637329,0.09100914001464844,10.987907366656188,10.859669356661522,2.608648109383945e-38,59.0,-105.0,998.0,-15.1875,10.6875,-9.25,0.375,1.625,-113.8125,251.9375,2.125,3.3125,-0.001953125,-0.03460693359375,0.80859375,0.58734130859375,22.0,-48.0,20.0,36.0,-57.0,978.0,3138,3448,113,
68,6.2606260776519775,0.09100914001464844,10.987907366656188,10.861533520223128,2.6088633488280653e-38,67.0,-113.0,1001.0,-14.5,9.0,-10.5,-0.375,3.8125,-113.875,263.0,2.375,2.875,-0.0010986328125,-0.0330810546875,0.7547607421875,0.662353515625,38.0,-57.0,17.0,40.0,-50.0,978.0,3242,3364,19,
69,6.351634979248047,0.09100890159606934,10.987936151986148,10.863344670377883,2.6088633488280653e-38,31.0,-114.0,1011.0,-16.0,7.875,-10.5,-0.1875,3.25,-114.1875,272.9375,2.5625,2.4375,-0.00018310546875,-0.03118896484375,0.68829345703125,0.72479248046875,-13.0,-72.0,33.0,44.0,-42.0,978.0,3329,3237,91,
70,6.445644378662109,0.0940093994140625,10.637234215224801,10.86004686074995,2.6088633488280653e-38,66.0,-118.0,1000.0,-15.5,5.5625,-13.25,0.875,6.625,-113.9375,284.0,2.5625,1.875,0.00079345703125,-0.0284423828125,0.61541748046875,0.7877197265625,29.0,-69.0,16.0,44.0,-33.0,979.0,3390,3148,99,
71,6.544654369354248,0.09900999069213867,10.099990849503225,10.848548447793045,2.6088633488280653e-38,42.0,-112.0,1006.0,-16.1875,1.375,-14.5,0.125,3.625,-114.0,295.0,2.5,1.375,0.00177001953125,-0.02520751953125,0.53680419921875,0.84332275390625,13.0,-75.0,28.0,43.0,-23.0,979.0,3416,3059,103,
72,6.642664194107056,0.09800982475280762,10.203058749692884,10.839024508249834,2.60750016568197e-38,29.0,-99.0,1000.0,-16.5625,-2.375,-18.375,-0.5,2.1875,-114.125,306.0625,2.4375,0.875,0.002685546875,-0.0228271484375,0.46868896484375,0.89117431640625,-12.0,-82.0,20.0,42.0,-16.0,979.0,3356,2927,121,
73,6.740673780441284,0.09800958633422852,10.203083569701421,10.8297779091189,2.60750016568197e-38,78.0,-114.0,979.0,-15.5,-6.875,-20.25,1.375,2.4375,-113.9375,316.0,2.25,0.4375,0.00360107421875,-0.0198974609375,0.37408447265625,0.92718505859375,39.0,-106.0,0.0,38.0,-8.0,979.0,3243,2925,213,
74,6.832683086395264,0.09200930595397949,10.86846585387974,10.830298883222516,2.60750016568197e-38,43.0,-102.0,984.0,-14.6875,-10.1875,-23.25,1.25,2.375,-114.25,326.0,1.9375,0.0,0.00482177734375,-0.01641845703125,0.292236328125,0.9561767578125,9.0,-102.0,4.0,33.0,0.0,980.0,3219,2959,254,
75,6.915691375732422,0.0830082893371582,12.046989619774703,10.844902689437461,2.60750016568197e-38,28.0,-107.0,1005.0,-11.875,-14.25,-26.5,-0.25,4.875,-114.5625,334.875,1.625,-0.25,0.00537109375,-0.013427734375,0.21746826171875,0.9759521484375,0.0,-111.0,24.0,28.0,4.0,980.0,3157,3029,274,
76,7.003700256347656,0.08800888061523438,11.362489705691127,10.851406716202481,2.6082176304957044e-38,42.0,-101.0,1005.0,-10.0,-17.1875,-26.75,-0.125,3.5,-114.5,344.8125,1.25,-0.5,0.0059814453125,-0.01031494140625,0.1317138671875,0.9912109375,21.0,-110.0,25.0,21.0,8.0,980.0,3069,3149,379,
77,7.0897088050842285,0.08600854873657227,11.626751232168894,10.8608127804602,2.6082176304957044e-38,43.0,-128.0,994.0,-4.1875,-21.1875,-28.0,0.5625,4.0,-114.4375,354.8125,0.8125,-0.6875,0.0064697265625,-0.0068359375,0.04498291015625,0.99896240234375,29.0,-140.0,24.0,14.0,12.0,980.0,3042,3192,391,
78,7.186718463897705,0.09700965881347656,10.30825190224337,10.853354057464612,2.6082176304957044e-38,51.0,-126.0,986.0,0.25,-22.6875,-30.25,0.375,4.375,-115.0,5.9375,0.25,-0.8125,0.0074462890625,-0.0029296875,-0.05194091796875,0.99859619140625,11.0,-113.0,29.0,4.0,14.0,980.0,2993,3243,306,
79,7.278727769851685,0.09200930595397949,10.86846585387974,10.853545083416376,2.6082176304957044e-38,39.0,-122.0,989.0,6.5,-23.875,-31.5,0.1875,2.3125,-114.8125,14.8125,-0.0625,-0.875,0.00775146484375,-6.103515625e-05,-0.12921142578125,0.9915771484375,38.0,-126.0,5.0,-2.0,15.0,980.0,2960,3290,218,
80,7.369736909866333,0.09100914001464844,10.987907366656188,10.855204327972542,2.608791602346692e-38,35.0,-115.0,1006.0,12.1875,-19.75,-33.0625,0.0,4.0,-114.875,25.9375,-0.625,-0.8125,0.008056640625,0.00341796875,-0.21527099609375,0.97650146484375,47.0,-132.0,29.0,-9.0,14.0,980.0,2934,3298,47,
81,7.4627461433410645,0.09300923347473145,10.751620700881036,10.853913350955333,2.608791602346692e-38,29.0,-103.0,1011.0,16.25,-16.25,-36.5625,0.625,4.3125,-115.1875,35.9375,-1.0625,-0.6875,0.00872802734375,0.00726318359375,-0.30889892578125,0.9510498046875,48.0,-115.0,31.0,-18.0,11.0,980.0,2897,3364,53,
82,7.556755542755127,0.0940093994140625,10.637234215224801,10.851217766150407,2.608791602346692e-38,9.0,-104.0,1007.0,18.5,-14.5,-36.1875,0.625,3.875,-115.1875,46.0,-1.5,-0.5,0.00946044921875,0.01068115234375,-0.3907470703125,0.92034912109375,35.0,-113.0,27.0,-26.0,8.0,980.0,2837,3269,146,
83,7.655765533447266,0.09900999069213867,10.099990849503225,10.841502347137121,2.608791602346692e-38,74.0,-136.0,976.0,18.875,-8.5625,-38.5,-0.4375,2.875,-115.25,57.125,-1.9375,-0.125,0.00946044921875,0.01416015625,-0.47821044921875,0.8780517578125,107.0,-139.0,-3.0,-33.0,3.0,980.0,2809,3288,221,
84,7.747774600982666,0.09200906753540039,10.868494016801671,10.841822888000138,2.60979605308592e-38,63.0,-120.0,1004.0,19.6875,-4.875,-39.6875,0.3125,3.6875,-115.125,67.125,-2.1875,0.1875,0.0093994140625,0.01727294921875,-0.55303955078125,0.8328857421875,102.0,-116.0,24.0,-39.0,-4.0,979.0,2688,3331,301,
85,7.840784072875977,0.09300947189331055,10.751593140396299,10.840752558668823,2.60979605308592e-38,31.0,-128.0,996.0,18.375,-0.875,-38.875,0.3125,4.25,-114.8125,78.25,-2.5,0.625,0.0093994140625,0.020751953125,-0.63116455078125,0.7752685546875,74.0,-116.0,17.0,-43.0,-11.0,979.0,2679,3265,215,
86,7.932793140411377,0.09200906753540039,10.868494016801671,10.84107431995135,2.60979605308592e-38,15.0,-123.0,989.0,14.6875,1.75,-38.1875,-0.0625,3.5625,-114.75,88.25,-2.625,1.0625,0.00927734375,0.0235595703125,-0.6964111328125,0.71722412109375,61.0,-103.0,9.0,-45.0,-19.0,979.0,2704,3354,232,
87,8.024802446365356,0.09200930595397949,10.86846585387974,10.841388380769994,2.60979605308592e-38,31.0,-143.0,1002.0,11.875,5.0,-37.0,0.125,2.375,-114.6875,98.3125,-2.75,1.5625,0.00909423828125,0.02618408203125,-0.7562255859375,0.65374755859375,78.0,-116.0,23.0,-47.0,-27.0,979.0,2637,3417,362,
88,8.118811845779419,0.0940093994140625,10.637234215224801,10.839024437516308,2.6095808136417996e-38,45.0,-125.0,1003.0,9.0,5.5625,-34.375,0.6875,2.125,-114.6875,109.375,-2.6875,2.0625,0.0087890625,0.0286865234375,-0.81585693359375,0.5775146484375,91.0,-90.0,24.0,-46.0,-35.0,978.0,2571,3283,158,
89,8.207820653915405,0.08900880813598633,11.234843168242573,10.843316850197503,2.6095808136417996e-38,50.0,-127.0,1002.0,7.875,6.0625,-31.5625,1.3125,3.25,-114.5,119.375,-2.625,2.4375,0.00927734375,0.03045654296875,-0.86297607421875,0.5042724609375,96.0,-85.0,24.0,-45.0,-42.0,978.0,2572,3285,131,
90,8.298829555511475,0.09100890159606934,10.987936151986148,10.844902814063532,2.6095808136417996e-38,50.0,-121.0,996.0,5.875,6.5625,-30.0625,0.125,4.5625,-114.25,129.375,-2.5,2.875,0.0093994140625,0.0322265625,-0.90350341796875,0.42730712890625,94.0,-72.0,18.0,-43.0,-49.0,978.0,2581,3267,41,
91,8.389838933944702,0.09100937843322754,10.987878581477048,10.846453753935652,2.6095808136417996e-38,36.0,-127.0,1005.0,6.6875,7.1875,-29.375,-0.625,4.0,-114.1875,139.3125,-2.3125,3.3125,0.009033203125,0.0341796875,-0.9371337890625,0.34716796875,76.0,-70.0,27.0,-39.0,-56.0,978.0,2603,3330,75,
92,8.48084807395935,0.09100914001464844,10.987907366656188,10.847971711990482,2.6095808136417996e-38,45.0,-122.0,997.0,8.0,6.375,-26.375,0.375,2.6875,-114.0625,149.25,-2.0,3.6875,0.0084228515625,0.03570556640625,-0.96368408203125,0.26446533203125,79.0,-59.0,19.0,-34.0,-63.0,978.0,2549,3489,172,
93,8.57185697555542,0.09100890159606934,10.987936151986148,10.84945773887857,2.6090785882721856e-38,45.0,-119.0,1001.0,9.375,7.75,-28.0,0.6875,2.875,-114.3125,159.25,-1.625,3.9375,0.00799560546875,0.0367431640625,-0.98297119140625,0.1798095703125,74.0,-51.0,23.0,-28.0,-68.0,977.0,2522,3625,320,
94,8.659865856170654,0.08800888061523438,11.362489705691127,10.854671603604526,2.6090785882721856e-38,45.0,-112.0,1009.0,10.375,12.0625,-30.25,0.0,3.9375,-113.9375,169.1875,-1.25,4.1875,0.0076904296875,0.0377197265625,-0.99481201171875,0.0938720703125,67.0,-39.0,31.0,-22.0,-72.0,977.0,2625,3612,229,
95,8.747874736785889,0.08800888061523438,11.362489705691127,10.859780559101209,2.6090785882721856e-38,48.0,-129.0,990.0,9.1875,13.0625,-31.75,-0.0625,3.25,-114.0,179.125,-0.8125,4.375,0.00714111328125,0.03851318359375,-0.99920654296875,0.00726318359375,62.0,-53.0,12.0,-14.0,-75.0,977.0,2592,3604,133,
96,8.835883378982544,0.08800864219665527,11.362520487084671,10.864788033344826,2.6090785882721856e-38,58.0,-126.0,988.0,3.0,17.75,-35.0,0.25,3.125,-114.0,188.0,-0.375,4.5,0.0064697265625,0.0389404296875,-0.99676513671875,-0.06976318359375,65.0,-49.0,11.0,-7.0,-77.0,977.0,2764,3664,72,
97,8.927892684936523,0.09200930595397949,10.86846585387974,10.864825936322246,2.608002391051584e-38,61.0,-113.0,991.0,-5.25,19.5625,-32.5625,0.5,4.25,-114.0625,199.0625,0.0625,4.5,0.00579833984375,0.03912353515625,-0.98541259765625,-0.16546630859375,60.0,-35.0,13.0,1.0,-77.0,977.0,2833,3638,108,
98,9.022902011871338,0.09500932693481445,10.525282435545472,10.861250612171386,2.608002391051584e-38,46.0,-111.0,1007.0,-9.5625,18.0,-26.0,0.25,4.125,-114.125,209.0,0.5,4.4375,0.005126953125,0.0389404296875,-0.96734619140625,-0.25030517578125,33.0,-29.0,29.0,9.0,-76.0,977.0,2846,3671,134,
99,9.1169114112854,0.0940093994140625,10.637234215224801,10.858940658066778,2.608002391051584e-38,27.0,-113.0,1013.0,-14.0,16.1875,-19.375,-0.25,3.375,-113.9375,220.0625,1.0,4.3125,0.00421142578125,0.03851318359375,-0.93878173828125,-0.3424072265625,37.0,-31.0,36.0,18.0,-73.0,977.0,2917,3582,-14,
100,9.207920789718628,0.09100937843322754,10.987878581477048,10.86021505654761,2.608002391051584e-38,45.0,-105.0,1007.0,-14.875,15.875,-17.0625,0.0625,3.625,-113.9375,228.875,1.375,4.0625,0.00341796875,0.03778076171875,-0.905517578125,-0.422607421875,24.0,-36.0,28.0,25.0,-69.0,977.0,2980,3522,5,
101,9.295929431915283,0.08800864219665527,11.362520487084671,10.864970602427487,2.6089350953094387e-38,51.0,-106.0,1005.0,-14.5,13.6875,-11.25,0.75,2.1875,-114.0625,238.875,1.75,3.8125,0.0028076171875,0.03680419921875,-0.8702392578125,-0.4912109375,21.0,-40.0,27.0,30.0,-65.0,977.0,3047,3473,42,
102,9.386938571929932,0.09100914001464844,10.987907366656188,10.866162510641534,2.6089350953094387e-38,46.0,-107.0,984.0,-15.1875,11.75,-9.375,0.0,2.8125,-114.0625,249.9375,2.125,3.375,0.00146484375,0.0352783203125,-0.81890869140625,-0.5728759765625,36.0,-44.0,9.0,37.0,-58.0,978.0,3155,3481,107,
103,9.48494839668274,0.09800982475280762,10.203058749692884,10.859310529936375,2.6089350953094387e-38,42.0,-125.0,986.0,-14.0,9.75,-10.5625,-0.4375,3.875,-114.1875,259.875,2.375,3.0,0.00067138671875,0.03369140625,-0.76605224609375,-0.641845703125,47.0,-50.0,19.0,41.0,-51.0,978.0,3245,3357,80,
104,9.57795763015747,0.09300923347473145,10.751620700881036,10.858264780013455,2.6089350953094387e-38,57.0,-122.0,1008.0,-15.5,7.875,-12.1875,0.0625,3.8125,-114.5,270.9375,2.625,2.5,-0.0003662109375,0.03179931640625,-0.7005615234375,-0.712890625,10.0,-71.0,16.0,44.0,-43.0,978.0,3318,3222,150,
105,9.67696762084961,0.09900999069213867,10.099990849503225,10.850506492733444,2.6107287573437745e-38,87.0,-117.0,993.0,-16.5,3.6875,-13.0,0.625,7.1875,-114.4375,282.0625,2.625,1.9375,-0.001220703125,0.02880859375,-0.6285400390625,-0.7772216796875,-10.0,-67.0,7.0,45.0,-33.0,979.0,3383,3128,207,
106,9.773977279663086,0.09700965881347656,10.30825190224337,10.845124453128857,2.6107287573437745e-38,18.0,-111.0,1007.0,-15.75,0.6875,-15.75,-0.25,5.875,-114.3125,290.9375,2.625,1.5,-0.0020751953125,0.02642822265625,-0.566650390625,-0.82354736328125,-26.0,-85.0,28.0,44.0,-25.0,979.0,3408,3023,211,
107,9.863986253738403,0.09000897407531738,11.110003311039003,10.84754147537944,2.6107287573437745e-38,44.0,-107.0,994.0,-15.375,-2.25,-18.0625,-0.375,3.4375,-114.5625,300.875,2.5,1.0625,-0.00286865234375,0.0240478515625,-0.4927978515625,-0.86981201171875,0.0,-88.0,15.0,43.0,-18.0,979.0,3413,2905,274,
108,9.948994636535645,0.08500838279724121,11.763545748013609,10.855368200058338,2.6107287573437745e-38,29.0,-101.0,1013.0,-16.0625,-6.0,-20.375,0.75,2.5625,-114.5625,312.0,2.375,0.5625,-0.0037841796875,0.02105712890625,-0.40643310546875,-0.9134521484375,5.0,-98.0,19.0,40.0,-9.0,979.0,3311,2876,316,
109,10.032003164291382,0.0830085277557373,12.0469550181955,10.865227832860167,2.61001129253004e-38,13.0,-107.0,1005.0,-14.0,-10.5,-22.25,1.25,2.25,-114.875,320.875,2.0625,0.125,-0.0048828125,0.01788330078125,-0.33441162109375,-0.9422607421875,-3.0,-103.0,15.0,36.0,-2.0,979.0,3323,2936,354,
110,10.116011381149292,0.08400821685791016,11.903597497984993,10.87385095325019,2.61001129253004e-38,52.0,-105.0,989.0,-12.1875,-13.75,-24.5625,0.375,2.375,-114.75,329.75,1.8125,-0.1875,-0.00579833984375,0.014892578125,-0.26043701171875,-0.96539306640625,21.0,-109.0,9.0,31.0,3.0,980.0,3282,2996,359,
111,10.200019836425781,0.08400845527648926,11.903563715209291,10.882331777787584,2.61001129253004e-38,39.0,-112.0,998.0,-11.0625,-16.0,-26.1875,-0.5625,3.6875,-115.1875,339.8125,1.4375,-0.4375,-0.00634765625,0.01165771484375,-0.175048828125,-0.9844970703125,13.0,-119.0,28.0,24.0,8.0,980.0,3160,3110,413,
112,10.293029308319092,0.09300947189331055,10.751593140396299,10.881150402387245,2.61001129253004e-38,55.0,-111.0,995.0,-5.6875,-18.875,-28.1875,0.0,3.5625,-114.9375,349.8125,1.0,-0.6875,-0.00689697265625,0.0084228515625,-0.08831787109375,-0.99603271484375,33.0,-125.0,16.0,17.0,11.0,980.0,3103,3208,405,
113,10.393039226531982,0.10000991821289062,9.999008277072129,10.872661743787777,2.61001129253004e-38,13.0,-91.0,1001.0,0.0,-22.5625,-28.875,0.875,4.5625,-115.125,1.0,0.4375,-0.875,-0.00787353515625,0.004150390625,0.0089111328125,-0.99993896484375,26.0,-144.0,17.0,8.0,15.0,980.0,3034,3240,320,
114,10.487048625946045,0.0940093994140625,10.637234215224801,10.870551292949305,2.609652560123173e-38,30.0,-111.0,991.0,5.5,-23.0,-31.6875,0.375,2.75,-115.5625,12.1875,-0.0625,-0.9375,-0.008544921875,0.0006103515625,0.0965576171875,-0.99530029296875,31.0,-127.0,11.0,0.0,16.0,980.0,2999,3304,226,
115,10.586058616638184,0.09900999069213867,10.099990849503225,10.86334434415975,2.609652560123173e-38,28.0,-106.0,1002.0,12.0,-20.1875,-33.5625,-0.1875,2.9375,-115.4375,22.25,-0.5,-0.875,-0.00885009765625,-0.0030517578125,0.19293212890625,-0.98114013671875,37.0,-122.0,22.0,-9.0,15.0,980.0,2955,3330,63,
116,10.68306827545166,0.09700965881347656,10.30825190224337,10.858303720341592,2.609652560123173e-38,47.0,-120.0,1001.0,16.25,-17.375,-34.75,0.5,4.3125,-115.5,33.375,-1.0625,-0.75,-0.00909423828125,-0.00701904296875,0.28753662109375,-0.95770263671875,58.0,-123.0,15.0,-18.0,13.0,980.0,2943,3352,112,
117,10.772077083587646,0.08900880813598633,11.234843168242573,10.861415035570195,2.609652560123173e-38,55.0,-106.0,1006.0,19.1875,-11.5,-38.25,0.625,3.625,-115.375,42.3125,-1.4375,-0.5625,-0.00970458984375,-0.0101318359375,0.36126708984375,-0.932373046875,80.0,-116.0,25.0,-25.0,10.0,980.0,2848,3250,202,
118,10.863086223602295,0.09100914001464844,10.987907366656188,10.862474767402718,2.6077154051260904e-38,10.0,-130.0,1006.0,19.6875,-7.5625,-39.375,-0.1875,3.3125,-115.25,52.375,-1.875,-0.3125,-0.00982666015625,-0.0135498046875,0.44158935546875,-0.8970947265625,34.0,-101.0,41.0,-32.0,5.0,980.0,2820,3266,263,
119,10.957095623016357,0.0940093994140625,10.637234215224801,10.860542254466584,2.6077154051260904e-38,20.0,-113.0,1022.0,19.6875,-4.5625,-40.0625,-0.375,3.0,-115.375,63.5625,-2.1875,0.0625,-0.0096435546875,-0.01708984375,0.52679443359375,-0.84979248046875,58.0,-111.0,42.0,-38.0,-1.0,979.0,2672,3321,332,
122,11.155115365982056,0.04300427436828613,23.25350246433779,10.936686533251248,2.6093655741976793e-38,21.0,-141.0,1000.0,15.5,3.375,-38.875,-0.1875,4.0625,-115.125,85.875,-2.6875,1.0625,-0.0093994140625,-0.0238037109375,0.68133544921875,-0.7315673828125,68.0,-123.0,20.0,-46.0,-18.0,979.0,2686,3343,226,
123,11.252125024795532,0.09700965881347656,10.30825190224337,10.93126851407653,2.6093655741976793e-38,52.0,-122.0,1009.0,13.375,5.6875,-37.875,0.4375,3.3125,-114.9375,95.9375,-2.8125,1.5,-0.00921630859375,-0.02655029296875,0.74261474609375,-0.66912841796875,94.0,-111.0,15.0,-48.0,-26.0,979.0,2638,3389,363,
124,11.347134590148926,0.09500956535339355,10.52525602322716,10.927868971224793,2.6093655741976793e-38,51.0,-127.0,987.0,9.375,5.875,-34.6875,0.6875,2.875,-114.875,107.0625,-2.75,2.0625,-0.00885009765625,-0.029052734375,0.80401611328125,-0.5938720703125,99.0,-91.0,8.0,-47.0,-35.0,978.0,2579,3272,182,
125,11.440144062042236,0.09300947189331055,10.751593140396299,10.926435831760465,2.6093655741976793e-38,50.0,-131.0,994.0,7.5,6.0625,-33.25,0.5625,3.9375,-114.875,117.0625,-2.6875,2.5,-0.0087890625,-0.03125,0.85272216796875,-0.5213623046875,97.0,-88.0,15.0,-46.0,-43.0,978.0,2577,3341,215,
126,11.53515362739563,0.09500956535339355,10.52525602322716,10.923131504790186,2.6098677995672933e-38,33.0,-126.0,992.0,7.1875,6.0,-29.75,0.375,4.5625,-114.625,128.1875,-2.5625,2.9375,-0.0089111328125,-0.03338623046875,0.899169921875,-0.436279296875,77.0,-75.0,14.0,-44.0,-51.0,978.0,2581,3374,190,
127,11.627162456512451,0.09200882911682129,10.868522179869556,10.922699366677074,2.6098677995672933e-38,48.0,-123.0,1001.0,7.0,6.75,-27.5,-0.125,2.625,-114.5,138.1875,-2.3125,3.375,-0.00836181640625,-0.03515625,0.9337158203125,-0.35626220703125,88.0,-64.0,23.0,-39.0,-58.0,978.0,2598,3368,143,
128,11.715171337127686,0.08800888061523438,11.362489705691127,10.926003241142773,2.6098677995672933e-38,62.0,-125.0,1007.0,9.5,6.75,-26.875,0.125,2.125,-114.3125,148.1875,-1.9375,3.75,-0.007568359375,-0.03668212890625,0.96112060546875,-0.273681640625,96.0,-60.0,30.0,-33.0,-65.0,977.0,2549,3513,211,
129,11.807180643081665,0.09200930595397949,10.86846585387974,10.925554872033455,2.6098677995672933e-38,50.0,-123.0,998.0,9.6875,8.25,-26.875,0.625,4.1875,-114.0625,158.125,-1.625,4.0625,-0.00714111328125,-0.03790283203125,0.981201171875,-0.1890869140625,78.0,-53.0,20.0,-27.0,-70.0,977.0,2529,3635,355,
130,11.897189378738403,0.09000873565673828,11.110032739640394,10.92695054786002,2.6098677995672933e-38,48.0,-128.0,993.0,10.375,12.0625,-30.75,0.6875,3.6875,-113.9375,168.125,-1.1875,4.3125,-0.0068359375,-0.03863525390625,0.993896484375,-0.1031494140625,70.0,-54.0,15.0,-21.0,-73.0,977.0,2445,3587,262,
131,11.984198331832886,0.08700895309448242,11.493070131692159,10.931060749556588,2.609939546048667e-38,57.0,-113.0,993.0,9.1875,15.6875,-33.0625,-0.1875,2.625,-114.0,178.0625,-0.75,4.4375,-0.006103515625,-0.039306640625,0.99908447265625,-0.0164794921875,71.0,-37.0,15.0,-13.0,-76.0,977.0,2471,3632,190,
132,12.067206382751465,0.0830080509185791,12.047024221552672,10.938737253112468,2.609939546048667e-38,62.0,-119.0,1006.0,0.0,19.25,-35.0,-0.25,2.5,-114.25,186.9375,-0.3125,4.5625,-0.00531005859375,-0.03973388671875,0.99737548828125,0.0606689453125,68.0,-41.0,28.0,-5.0,-78.0,977.0,2674,3657,113,
133,12.150214910507202,0.0830085277557373,12.0469550181955,10.946308438131817,2.609939546048667e-38,50.0,-120.0,990.0,-3.1875,19.5625,-31.875,0.4375,3.9375,-114.0,195.75,0.0625,4.5625,-0.0047607421875,-0.0399169921875,0.98968505859375,0.1373291015625,49.0,-41.0,12.0,1.0,-78.0,977.0,2778,3620,154,
134,12.235223293304443,0.08500838279724121,11.763545748013609,10.951986472803455,2.609939546048667e-38,45.0,-101.0,995.0,-10.0,19.375,-26.5,0.6875,3.8125,-114.0625,205.6875,0.5,4.5,-0.004150390625,-0.03936767578125,0.97412109375,0.22265625,36.0,-24.0,18.0,9.0,-77.0,977.0,2824,3654,157,
135,12.335233449935913,0.10001015663146973,9.998984439999713,10.944259834879848,2.610657010862401e-38,33.0,-114.0,1000.0,-13.5625,17.6875,-21.375,-0.5,3.875,-114.0625,216.75,1.0,4.3125,-0.00335693359375,-0.03887939453125,0.9481201171875,0.3154296875,16.0,-40.0,23.0,17.0,-74.0,977.0,2912,3579,0,
136,12.441243886947632,0.10601043701171875,9.43303346527528,10.931382845302183,2.610657010862401e-38,80.0,-125.0,1001.0,-14.5625,16.0,-16.0,0.0625,1.9375,-114.125,228.9375,1.5625,4.0625,-0.001953125,-0.0380859375,0.90948486328125,0.4140625,53.0,-55.0,23.0,27.0,-69.0,977.0,2988,3484,82,
137,12.535253286361694,0.0940093994140625,10.637234215224801,10.929176847910641,2.610657010862401e-38,77.0,-103.0,985.0,-15.5625,13.0,-12.1875,0.6875,3.1875,-114.0,238.875,1.9375,3.6875,-0.0010986328125,-0.0367431640625,0.87017822265625,0.4913330078125,44.0,-40.0,7.0,33.0,-63.0,978.0,3035,3443,92,
138,12.627262592315674,0.09200930595397949,10.86846585387974,10.928734473612671,2.610657010862401e-38,61.0,-106.0,1000.0,-14.5,11.0625,-10.1875,0.125,4.0625,-114.0,247.6875,2.1875,3.375,-0.00042724609375,-0.03515625,0.8243408203125,0.56500244140625,25.0,-52.0,14.0,38.0,-57.0,978.0,3164,3457,32,
139,12.72427225112915,0.09700965881347656,10.30825190224337,10.924003923891613,2.6082176304957044e-38,38.0,-109.0,1012.0,-14.6875,10.1875,-11.0,-0.1875,4.0,-114.1875,259.875,2.5,2.875,0.00048828125,-0.033447265625,0.76605224609375,0.64190673828125,-4.0,-59.0,33.0,42.0,-49.0,978.0,3284,3368,20,
140,12.81628155708313,0.09200930595397949,10.86846585387974,10.923605210797408,2.6082176304957044e-38,33.0,-100.0,1007.0,-16.1875,7.5,-12.1875,0.3125,5.875,-114.1875,269.875,2.625,2.4375,0.00128173828125,-0.031494140625,0.70751953125,0.70599365234375,-14.0,-63.0,25.0,45.0,-41.0,978.0,3345,3229,106,
141,12.915291547775269,0.09900999069213867,10.099990849503225,10.917291296013216,2.6082176304957044e-38,-9.0,-105.0,995.0,-16.5625,3.6875,-15.0,0.6875,6.5625,-114.1875,279.8125,2.625,1.875,0.002197265625,-0.02862548828125,0.6436767578125,0.7647705078125,24.0,-77.0,28.0,45.0,-31.0,979.0,3390,3142,138,
142,12.998299837112427,0.0830082893371582,12.046989619774703,10.924505649159213,2.6082176304957044e-38,5.0,-106.0,998.0,-15.75,1.0,-16.1875,0.3125,2.875,-114.3125,289.75,2.625,1.375,0.00323486328125,-0.02606201171875,0.574951171875,0.8177490234375,11.0,-74.0,22.0,45.0,-24.0,979.0,3411,3054,142,
145,13.180317878723145,0.05200529098510742,19.22881270458359,11.001252119576877,2.608002391051584e-38,28.0,-107.0,1018.0,-15.0,-6.375,-21.5,0.5625,2.6875,-114.375,308.5625,2.375,0.5625,0.004638671875,-0.021240234375,0.4334716796875,0.90087890625,-12.0,-97.0,38.0,41.0,-9.0,979.0,3281,2904,205,
146,13.273327112197876,0.09300923347473145,10.751620700881036,10.999502895233361,2.608002391051584e-38,60.0,-104.0,996.0,-12.875,-11.1875,-23.375,1.125,3.1875,-114.25,319.625,2.0625,0.0,0.0059814453125,-0.0174560546875,0.34454345703125,0.9385986328125,24.0,-104.0,16.0,36.0,0.0,979.0,3243,2957,212,
147,13.370336771011353,0.09700965881347656,10.30825190224337,10.994487462628117,2.608002391051584e-38,30.0,-106.0,1006.0,-10.75,-15.6875,-26.5625,-0.25,4.1875,-114.75,330.75,1.625,-0.3125,0.006591796875,-0.01348876953125,0.25225830078125,0.967529296875,1.0,-112.0,26.0,28.0,5.0,980.0,3167,3026,238,
148,13.466346502304077,0.09600973129272461,10.41561086085216,10.990360301116368,2.608002391051584e-38,34.0,-112.0,1011.0,-8.1875,-16.75,-26.875,-0.1875,4.0,-114.75,340.75,1.25,-0.5625,0.007080078125,-0.01031494140625,0.16705322265625,0.98583984375,12.0,-122.0,31.0,22.0,10.0,980.0,3067,3160,316,
149,13.554355382919312,0.08800888061523438,11.362489705691127,10.992776549725425,2.608002391051584e-38,16.0,-109.0,988.0,-5.375,-21.0625,-27.375,0.625,2.9375,-114.875,351.875,0.75,-0.8125,0.0076904296875,-0.0064697265625,0.07080078125,0.9974365234375,19.0,-116.0,31.0,13.0,14.0,980.0,3025,3198,324,
150,13.648364543914795,0.0940091609954834,10.637261192534675,10.990327780105961,2.608002391051584e-38,8.0,-109.0,988.0,1.875,-22.25,-31.1875,0.5,2.375,-114.875,1.875,0.3125,-0.9375,0.00836181640625,-0.00299072265625,-0.01641845703125,0.99981689453125,37.0,-133.0,10.0,5.0,16.0,980.0,2989,3264,247,
151,13.743374109268188,0.09500956535339355,10.52525602322716,10.98711268422573,2.608002391051584e-38,38.0,-111.0,995.0,8.0,-22.375,-32.375,-0.125,4.375,-114.875,13.0,-0.1875,-0.9375,0.00860595703125,0.00091552734375,-0.11322021484375,0.9935302734375,42.0,-128.0,14.0,-3.0,16.0,980.0,2944,3300,169,
152,13.840383768081665,0.09700965881347656,10.30825190224337,10.982354430845946,2.6084328699398247e-38,38.0,-111.0,1000.0,13.0625,-19.5,-34.6875,0.1875,3.75,-115.1875,23.0,-0.6875,-0.875,0.00885009765625,0.00445556640625,-0.1995849609375,0.9798583984375,50.0,-126.0,20.0,-12.0,15.0,980.0,2929,3366,98,
153,13.933393239974976,0.09300947189331055,10.751593140396299,10.980814031792502,2.6084328699398247e-38,47.0,-127.0,1001.0,17.0,-15.875,-36.25,0.875,3.875,-115.1875,34.125,-1.1875,-0.6875,0.00933837890625,0.00836181640625,-0.293701171875,0.955810546875,40.0,-118.0,25.0,-21.0,12.0,980.0,3074,3427,154,
154,14.026402473449707,0.09300923347473145,10.751620700881036,10.979294248222484,2.6084328699398247e-38,21.0,-113.0,1012.0,19.5625,-11.1875,-39.0625,0.25,3.0,-115.3125,43.0625,-1.5625,-0.5,0.00946044921875,0.011474609375,-0.3670654296875,0.9300537109375,48.0,-122.0,32.0,-27.0,9.0,980.0,3008,3346,202,
155,14.118411540985107,0.09200906753540039,10.868494016801671,10.978572167983774,2.6084328699398247e-38,37.0,-131.0,1000.0,19.25,-6.0625,-40.5,-0.5625,3.0625,-115.0625,54.1875,-2.0,-0.125,0.0093994140625,0.01507568359375,-0.45550537109375,0.89007568359375,72.0,-134.0,20.0,-34.0,2.0,980.0,2767,3382,250,
156,14.218421697616577,0.10001015663146973,9.998984439999713,10.971681900963041,2.6087198558653184e-38,55.0,-131.0,1005.0,18.375,-1.1875,-41.25,0.0625,4.0625,-114.9375,65.3125,-2.3125,0.25,0.00927734375,0.01861572265625,-0.53961181640625,0.8416748046875,96.0,-126.0,25.0,-40.0,-4.0,979.0,2660,3418,336,
157,14.307430505752563,0.08900880813598633,11.234843168242573,10.973319069198014,2.6087198558653184e-38,44.0,-117.0,998.0,17.6875,0.375,-40.0625,0.375,3.625,-114.625,75.3125,-2.5625,0.6875,0.00909423828125,0.02166748046875,-0.6109619140625,0.79132080078125,89.0,-105.0,19.0,-44.0,-11.0,979.0,2680,3397,303,
158,14.399439811706543,0.09200930595397949,10.86846585387974,10.972649079830745,2.6087198558653184e-38,47.0,-96.0,1005.0,14.5,3.0,-39.75,0.3125,3.5,-114.875,84.1875,-2.6875,1.0625,0.0087890625,0.02447509765625,-0.6776123046875,0.73492431640625,94.0,-76.0,25.0,-46.0,-19.0,979.0,2664,3436,344,
159,14.491448879241943,0.09200906753540039,10.868494016801671,10.971987778789817,2.6087198558653184e-38,53.0,-137.0,987.0,11.0625,5.75,-37.0625,0.625,1.3125,-114.625,94.1875,-2.8125,1.5625,0.0086669921875,0.02691650390625,-0.7325439453125,0.68017578125,98.0,-85.0,28.0,-47.0,-27.0,979.0,2611,3437,400,
160,14.580457925796509,0.08900904655456543,11.234813074724574,10.973592243417789,2.609652560123173e-38,56.0,-130.0,1004.0,9.0,5.6875,-34.6875,0.5,2.8125,-114.625,105.3125,-2.75,2.0625,0.00836181640625,0.02935791015625,-0.79486083984375,0.60601806640625,104.0,-94.0,25.0,-47.0,-35.0,978.0,2568,3278,170,
161,14.675467252731323,0.09500932693481445,10.525282435545472,10.970689874970455,2.609652560123173e-38,38.0,-120.0,1005.0,7.1875,5.875,-32.1875,0.75,4.1875,-114.6875,115.3125,-2.6875,2.5,0.00836181640625,0.0316162109375,-0.8446044921875,0.534423828125,85.0,-77.0,26.0,-46.0,-43.0,978.0,2593,3351,228,
162,14.767476558685303,0.09200930595397949,10.86846585387974,10.970052964446506,2.609652560123173e-38,47.0,-123.0,1007.0,7.0625,6.6875,-28.6875,0.125,5.0625,-114.375,125.3125,-2.5625,2.9375,0.0081787109375,0.03369140625,-0.8878173828125,0.4588623046875,77.0,-77.0,25.0,-44.0,-51.0,978.0,2598,3368,186,
163,14.859485864639282,0.09200930595397949,10.86846585387974,10.969423941368436,2.609652560123173e-38,50.0,-121.0,1004.0,7.0,6.375,-29.0,0.125,2.4375,-114.25,136.375,-2.3125,3.4375,0.007568359375,0.03564453125,-0.92791748046875,0.3709716796875,89.0,-62.0,26.0,-39.0,-59.0,978.0,2610,3430,237,
164,14.953495025634766,0.0940091609954834,10.637261192534675,10.967335711073225,2.6097243066045465e-38,52.0,-120.0,997.0,8.0,7.1875,-27.5625,0.375,2.1875,-114.4375,146.375,-1.9375,3.8125,0.0068359375,0.03717041015625,-0.95660400390625,0.28900146484375,86.0,-54.0,20.0,-33.0,-65.0,977.0,2557,3563,301,
165,15.046504497528076,0.09300947189331055,10.751593140396299,10.966002105479523,2.6097243066045465e-38,52.0,-115.0,1003.0,10.0625,7.75,-29.0625,0.3125,4.4375,-114.0,157.4375,-1.5625,4.1875,0.00640869140625,0.03857421875,-0.97998046875,0.1953125,79.0,-43.0,25.0,-27.0,-71.0,977.0,2521,3665,418,
166,15.14151406288147,0.09500956535339355,10.52525602322716,10.96323652381232,2.6097243066045465e-38,74.0,-135.0,990.0,10.25,12.5,-31.875,0.25,3.375,-114.25,167.375,-1.125,4.375,0.00579833984375,0.03955078125,-0.9931640625,0.1094970703125,94.0,-59.0,13.0,-19.0,-75.0,977.0,2448,3638,257,
167,15.230522871017456,0.08900880813598633,11.234843168242573,10.964823822154424,2.6097243066045465e-38,72.0,-124.0,996.0,6.1875,17.875,-35.0,0.125,3.125,-114.125,177.375,-0.625,4.5625,0.0050048828125,0.04022216796875,-0.9989013671875,0.0228271484375,84.0,-45.0,19.0,-11.0,-78.0,977.0,2496,3729,243,
168,15.321532011032104,0.09100914001464844,10.987907366656188,10.964960937263546,2.6097243066045465e-38,42.0,-121.0,998.0,-1.6875,19.25,-33.875,0.25,4.8125,-114.0,187.3125,-0.1875,4.625,0.00433349609375,0.04058837890625,-0.99713134765625,-0.06396484375,45.0,-41.0,20.0,-3.0,-79.0,977.0,2560,3678,217,
169,15.413541316986084,0.09200930595397949,10.86846585387974,10.964384921313185,2.6089350953094387e-38,43.0,-117.0,1005.0,-5.6875,18.5,-32.0,0.3125,3.6875,-114.1875,197.25,0.25,4.625,0.00360107421875,0.04058837890625,-0.98779296875,-0.15020751953125,38.0,-37.0,28.0,4.0,-79.0,977.0,2605,3680,237,
170,15.505550384521484,0.09200906753540039,10.868494016801671,10.963815910056542,2.6089350953094387e-38,63.0,-102.0,1004.0,-11.5,19.75,-25.25,-0.125,3.4375,-114.1875,207.1875,0.75,4.5625,0.00274658203125,0.04034423828125,-0.9710693359375,-0.2353515625,49.0,-24.0,27.0,13.0,-78.0,977.0,2674,3737,237,
171,15.597559690475464,0.09200930595397949,10.86846585387974,10.963253444346163,2.6089350953094387e-38,68.0,-115.0,992.0,-13.5625,16.5625,-20.1875,0.1875,2.5,-114.3125,218.3125,1.3125,4.3125,0.00140380859375,0.039794921875,-0.94384765625,-0.327880859375,45.0,-40.0,14.0,23.0,-74.0,977.0,2805,3630,68,
172,15.68656849861145,0.08900880813598633,11.234843168242573,10.96479450016268,2.6089350953094387e-38,24.0,-103.0,997.0,-16.0625,14.0625,-12.875,0.4375,4.625,-114.375,228.25,1.75,4.0625,0.00054931640625,0.03887939453125,-0.911865234375,-0.40863037109375,-5.0,-33.0,20.0,30.0,-70.0,977.0,2930,3514,117,
173,15.77857780456543,0.09200930595397949,10.86846585387974,10.96423278084946,2.607787151607464e-38,48.0,-101.0,1007.0,-14.75,13.25,-11.0,0.25,5.875,-114.0,238.1875,2.0625,3.6875,-6.103515625e-05,0.03729248046875,-0.873046875,-0.48614501953125,13.0,-38.0,29.0,35.0,-63.0,977.0,3006,3472,122,
174,15.871586799621582,0.09300899505615234,10.75164826150707,10.962987015523147,2.607787151607464e-38,21.0,-101.0,1004.0,-14.5,11.375,-11.75,-0.125,3.5625,-114.4375,248.1875,2.375,3.3125,-0.00103759765625,0.035888671875,-0.82757568359375,-0.5601806640625,-19.0,-44.0,25.0,41.0,-57.0,978.0,3145,3384,20,
175,15.95459508895874,0.0830082893371582,12.046989619774703,10.968626845384968,2.607787151607464e-38,27.0,-103.0,1006.0,-15.5625,9.5,-10.5625,-0.3125,3.9375,-114.1875,257.0,2.625,2.9375,-0.001953125,0.034423828125,-0.7818603515625,-0.62249755859375,-17.0,-53.0,28.0,45.0,-50.0,978.0,3270,3273,11,
176,16.037603616714478,0.0830085277557373,12.0469550181955,10.974208130232864,2.607787151607464e-38,47.0,-102.0,984.0,-16.1875,7.875,-13.0,0.375,5.6875,-114.5,267.0,2.75,2.4375,-0.0028076171875,0.03240966796875,-0.724853515625,-0.6881103515625,0.0,-60.0,6.0,47.0,-42.0,978.0,3349,3161,78,
177,16.126612663269043,0.08900904655456543,11.234813074724574,10.975646510264738,2.607356672719223e-38,-2.0,-106.0,1000.0,-16.1875,4.375,-15.25,0.375,6.125,-114.4375,276.9375,2.75,1.875,-0.00360107421875,0.029541015625,-0.66241455078125,-0.74853515625,-50.0,-73.0,21.0,48.0,-33.0,978.0,3411,3073,128,
178,16.219621658325195,0.09300899505615234,10.75164826150707,10.97436202580202,2.607356672719223e-38,1.0,-102.0,1004.0,-16.0625,0.6875,-17.5625,0.0625,2.875,-114.375,286.9375,2.75,1.375,-0.0045166015625,0.02691650390625,-0.5948486328125,-0.8033447265625,21.0,-78.0,33.0,47.0,-24.0,979.0,3447,2984,156,
179,16.310630798339844,0.09100914001464844,10.987907366656188,10.974437605332792,2.607356672719223e-38,26.0,-99.0,1003.0,-16.0625,-2.0,-18.75,-0.25,2.125,-114.6875,296.9375,2.6875,0.9375,-0.00537109375,0.0245361328125,-0.522705078125,-0.8521728515625,-19.0,-82.0,23.0,46.0,-16.0,979.0,3389,2866,211,
180,16.401639938354492,0.09100914001464844,10.987907366656188,10.974512346114741,2.607356672719223e-38,58.0,-109.0,985.0,-15.75,-5.25,-21.0625,1.125,2.625,-114.4375,306.9375,2.5,0.4375,-0.006103515625,0.021484375,-0.44659423828125,-0.89447021484375,15.0,-101.0,5.0,43.0,-8.0,979.0,3290,2816,239,
181,16.49264907836914,0.09100914001464844,10.987907366656188,10.974586262032927,2.6098677995672933e-38,67.0,-104.0,990.0,-12.5,-10.0625,-23.5,0.9375,3.0625,-114.625,316.875,2.1875,0.0,-0.0072021484375,0.0179443359375,-0.36700439453125,-0.9300537109375,29.0,-105.0,10.0,37.0,0.0,979.0,3269,2901,225,
182,16.582658052444458,0.09000897407531738,11.110003311039003,10.975321291942777,2.6098677995672933e-38,53.0,-104.0,995.0,-11.375,-13.75,-25.5,0.0625,4.1875,-114.9375,325.8125,1.875,-0.3125,-0.00775146484375,0.01434326171875,-0.28448486328125,-0.95855712890625,-6.0,-114.0,18.0,31.0,6.0,980.0,3190,3001,217,
183,16.673667192459106,0.09100914001464844,10.987907366656188,10.975389989957593,2.6098677995672933e-38,45.0,-106.0,1005.0,-10.0,-17.875,-27.0,-0.1875,3.75,-115.0625,335.8125,1.4375,-0.625,-0.0081787109375,0.01141357421875,-0.209228515625,-0.977783203125,20.0,-117.0,25.0,25.0,11.0,980.0,3093,3104,367,
184,16.762676000595093,0.08900880813598633,11.234843168242573,10.976767670834167,2.6098677995672933e-38,33.0,-113.0,1003.0,-6.0625,-21.1875,-28.5,0.5625,3.5,-115.3125,346.9375,0.9375,-0.875,-0.00860595703125,0.00738525390625,-0.1134033203125,-0.99346923828125,16.0,-128.0,27.0,16.0,15.0,980.0,3068,3166,404,
185,16.854685306549072,0.09200930595397949,10.86846585387974,10.976176453921465,2.608504616421198e-38,35.0,-107.0,993.0,0.375,-22.25,-30.5,0.5625,2.625,-115.375,357.0,0.4375,-1.0,-0.00921630859375,0.0037841796875,-0.02606201171875,-0.9996337890625,27.0,-121.0,25.0,7.0,17.0,980.0,3019,3234,302,
186,16.9616961479187,0.1070108413696289,9.344847561247315,10.965884447990378,2.608504616421198e-38,29.0,-129.0,985.0,5.6875,-22.6875,-33.1875,-0.375,4.0,-115.125,9.25,-0.125,-1.0625,-0.00958251953125,-0.0006103515625,0.0809326171875,-0.9967041015625,46.0,-127.0,29.0,-2.0,18.0,980.0,2966,3302,196,
187,17.055705547332764,0.0940093994140625,10.637234215224801,10.964072959693173,2.608504616421198e-38,36.0,-110.0,1003.0,11.5625,-19.75,-35.0625,0.25,4.1875,-115.375,19.3125,-0.625,-1.0,-0.00970458984375,-0.0042724609375,0.16790771484375,-0.98577880859375,48.0,-127.0,23.0,-11.0,17.0,980.0,2930,3329,28,
188,17.150714874267578,0.09500932693481445,10.525282435545472,10.961642204318235,2.608504616421198e-38,22.0,-110.0,991.0,16.25,-17.0,-36.25,0.875,3.6875,-115.4375,30.4375,-1.1875,-0.8125,-0.010009765625,-0.00830078125,0.262939453125,-0.9647216796875,55.0,-135.0,11.0,-20.0,14.0,980.0,3023,3400,76,
189,17.246724367141724,0.09600949287414551,10.415636725743928,10.958602687480806,2.6079306445702107e-38,11.0,-117.0,998.0,18.1875,-12.25,-38.6875,0.375,3.375,-115.375,41.625,-1.6875,-0.5625,-0.01025390625,-0.01220703125,0.3555908203125,-0.93450927734375,43.0,-119.0,23.0,-29.0,10.0,980.0,2940,3332,146,
190,17.340733766555786,0.0940093994140625,10.637234215224801,10.956860451109836,2.6079306445702107e-38,4.0,-115.0,1005.0,19.25,-7.5625,-39.6875,-0.5,3.3125,-115.25,51.6875,-2.0625,-0.25,-0.01007080078125,-0.01556396484375,0.43597412109375,-0.8997802734375,46.0,-119.0,33.0,-36.0,4.0,979.0,2792,3357,219,
191,17.432743072509766,0.09200930595397949,10.86846585387974,10.95639390803584,2.6079306445702107e-38,10.0,-124.0,1005.0,19.6875,-1.5625,-40.875,0.1875,3.5625,-115.375,60.625,-2.375,0.0625,-0.0098876953125,-0.0184326171875,0.50469970703125,-0.863037109375,51.0,-122.0,25.0,-41.0,-1.0,979.0,2671,3389,301,
192,17.523752212524414,0.09100914001464844,10.987907366656188,10.956557572343185,2.6079306445702107e-38,34.0,-121.0,1008.0,16.5625,1.5,-40.5,0.25,4.0625,-114.9375,71.75,-2.6875,0.5625,-0.0096435546875,-0.02203369140625,0.58612060546875,-0.80987548828125,80.0,-111.0,29.0,-46.0,-10.0,979.0,2683,3349,275,
193,17.615761518478394,0.09200930595397949,10.86846585387974,10.956097458378334,2.60728492623785e-38,56.0,-126.0,1006.0,15.0625,2.875,-39.375,0.25,3.125,-114.8125,81.8125,-2.8125,1.0625,-0.00927734375,-0.02496337890625,0.65460205078125,-0.7554931640625,104.0,-108.0,26.0,-48.0,-18.0,979.0,2698,3401,308,
194,17.710770845413208,0.09500932693481445,10.525282435545472,10.953786353700282,2.60728492623785e-38,29.0,-102.0,998.0,11.875,5.0,-37.875,0.5,2.0,-114.875,92.9375,-2.875,1.5625,-0.00872802734375,-0.02777099609375,0.72479248046875,-0.6883544921875,97.0,-117.0,2.0,-49.0,-27.0,979.0,2638,3438,456,
195,17.801779985427856,0.09100914001464844,10.987907366656188,10.953960792663581,2.60728492623785e-38,56.0,-129.0,988.0,9.75,7.0,-36.0,0.5625,2.1875,-115.0625,102.9375,-2.875,2.125,-0.00830078125,-0.0303955078125,0.78204345703125,-0.6224365234375,96.0,-91.0,17.0,-49.0,-36.0,978.0,2560,3279,252,
196,17.893789291381836,0.09200930595397949,10.86846585387974,10.953521180357212,2.60728492623785e-38,38.0,-122.0,997.0,7.5,6.875,-32.75,0.625,3.375,-114.8125,111.8125,-2.8125,2.5,-0.00811767578125,-0.03271484375,0.833251953125,-0.5518798828125,86.0,-77.0,18.0,-48.0,-44.0,978.0,2573,3348,275,
197,17.98979878425598,0.09600949287414551,10.415636725743928,10.950650552712531,2.609939546048667e-38,34.0,-125.0,1005.0,7.375,7.0625,-31.0,0.1875,4.8125,-114.6875,124.0625,-2.625,3.125,-0.00762939453125,-0.03515625,0.88262939453125,-0.4686279296875,87.0,-71.0,17.0,-45.0,-53.0,978.0,2579,3349,199,
198,18.08080768585205,0.09100890159606934,10.987936151986148,10.950838228036234,2.609939546048667e-38,47.0,-123.0,1008.0,7.25,7.875,-28.1875,0.125,3.3125,-114.4375,132.9375,-2.375,3.5,-0.00701904296875,-0.03680419921875,0.91619873046875,-0.39892578125,89.0,-62.0,31.0,-41.0,-60.0,977.0,2594,3299,96,
199,18.178817749023438,0.09801006317138672,10.2030339298051,10.94680648364442,2.609939546048667e-38,52.0,-122.0,1005.0,8.6875,7.875,-27.5625,0.1875,2.4375,-114.6875,144.0,-2.0,3.9375,-0.0059814453125,-0.03839111328125,0.950439453125,-0.30853271484375,86.0,-54.0,27.0,-34.0,-67.0,977.0,2583,3449,139,
200,18.270826816558838,0.09200906753540039,10.868494016801671,10.946412114132686,2.609939546048667e-38,43.0,-118.0,1005.0,9.375,9.6875,-28.25,0.125,4.5,-114.125,154.0,-1.625,4.25,-0.00543212890625,-0.0396728515625,0.9736328125,-0.22467041015625,70.0,-44.0,27.0,-27.0,-73.0,977.0,2567,3603,266,
201,18.362836122512817,0.09200930595397949,10.86846585387974,10.946021554566629,2.608504616421198e-38,72.0,-132.0,993.0,9.25,11.375,-30.6875,0.5625,3.25,-114.3125,165.0625,-1.125,4.5,-0.004638671875,-0.04071044921875,0.99072265625,-0.12957763671875,92.0,-54.0,15.0,-19.0,-77.0,977.0,2507,3588,123,
202,18.454845190048218,0.09200906753540039,10.868494016801671,10.945635030790102,2.608504616421198e-38,53.0,-117.0,993.0,6.875,16.375,-35.25,0.25,3.1875,-114.625,175.0625,-0.625,4.6875,-0.00372314453125,-0.04132080078125,0.99822998046875,-0.04296875,64.0,-36.0,16.0,-10.0,-80.0,977.0,2543,3683,145,
203,18.54985475540161,0.09500956535339355,10.52525602322716,10.943481912756624,2.608504616421198e-38,40.0,-110.0,1002.0,-0.375,19.25,-35.75,-0.1875,4.9375,-114.0,185.0,-0.125,4.75,-0.00299072265625,-0.0416259765625,0.9981689453125,0.0438232421875,42.0,-28.0,25.0,-2.0,-81.0,977.0,2561,3672,155,
204,18.642863988876343,0.09300923347473145,10.751620700881036,10.942524717324597,2.608504616421198e-38,54.0,-108.0,996.0,-8.0,18.875,-30.25,0.4375,3.125,-114.125,196.0625,0.375,4.75,-0.00201416015625,-0.04156494140625,0.9892578125,0.139892578125,47.0,-26.0,19.0,7.0,-81.0,977.0,2629,3694,172,
205,18.736873626708984,0.0940096378326416,10.637207238051761,10.940992829656341,2.608504616421198e-38,61.0,-126.0,993.0,-12.875,17.1875,-24.0625,0.1875,3.1875,-114.1875,206.0625,0.9375,4.625,-0.0010986328125,-0.04119873046875,0.973388671875,0.22528076171875,45.0,-47.0,16.0,16.0,-79.0,977.0,2685,3742,186,
206,18.829882621765137,0.09300899505615234,10.75164826150707,10.940057574330716,2.6087198558653184e-38,79.0,-111.0,1006.0,-14.5625,16.1875,-18.6875,0.125,2.3125,-114.4375,216.0,1.4375,4.375,0.0,-0.04052734375,0.9501953125,0.30902099609375,55.0,-35.0,28.0,24.0,-75.0,977.0,2810,3649,36,
207,18.914891481399536,0.08500885963439941,11.763479763176862,10.943758265996872,2.6087198558653184e-38,30.0,-111.0,996.0,-14.1875,15.875,-15.5625,0.1875,3.3125,-114.5625,225.9375,1.875,4.125,0.00103759765625,-0.03961181640625,0.9197998046875,0.390380859375,-1.0,-40.0,18.0,32.0,-70.0,977.0,2919,3545,100,
208,19.00090003013611,0.08600854873657227,11.626751232168894,10.946849868695933,2.6087198558653184e-38,58.0,-106.0,999.0,-14.5,12.5,-12.0625,0.125,4.4375,-114.375,234.8125,2.1875,3.8125,0.001708984375,-0.03839111328125,0.886962890625,0.46026611328125,-2.0,-45.0,15.0,37.0,-65.0,977.0,3022,3505,112,
209,19.091908931732178,0.09100890159606934,10.987936151986148,10.947045722213057,2.6087198558653184e-38,30.0,-111.0,991.0,-15.1875,11.0,-12.1875,-0.0625,4.25,-114.5,245.875,2.5,3.3125,0.00244140625,-0.0364990234375,0.83843994140625,0.54376220703125,-12.0,-53.0,13.0,43.0,-57.0,978.0,3160,3398,26,
210,19.187918663024902,0.09600973129272461,10.41561086085216,10.94438660534192,2.608145884014331e-38,63.0,-103.0,998.0,-15.5625,9.6875,-13.375,-0.125,3.9375,-114.4375,255.875,2.75,2.875,0.00347900390625,-0.03472900390625,0.78802490234375,0.61468505859375,15.0,-53.0,20.0,47.0,-49.0,978.0,3304,3282,44,
211,19.279927968978882,0.09200930595397949,10.86846585387974,10.944024289898586,2.608145884014331e-38,69.0,-112.0,1008.0,-15.0625,5.875,-15.25,0.1875,5.625,-114.5625,265.875,2.875,2.375,0.0042724609375,-0.03253173828125,0.7315673828125,0.68096923828125,-29.0,-58.0,38.0,49.0,-41.0,978.0,3378,3167,108,
212,19.371936798095703,0.09200882911682129,10.868522179869556,10.943665685551895,2.608145884014331e-38,64.0,-108.0,1008.0,-16.1875,2.0625,-16.0625,0.75,2.75,-114.4375,276.9375,2.875,1.75,0.0052490234375,-0.029541015625,0.66241455078125,0.74853515625,14.0,-77.0,30.0,50.0,-30.0,978.0,3389,3063,159,
213,19.46094584465027,0.08900904655456543,11.234813074724574,10.944997314123496,2.608145884014331e-38,67.0,-105.0,982.0,-17.0,1.0,-16.875,0.375,1.625,-114.6875,286.9375,2.875,1.25,0.00634765625,-0.02691650390625,0.5947265625,0.803466796875,18.0,-84.0,3.0,49.0,-21.0,979.0,3395,2958,174,
214,19.551954984664917,0.09100914001464844,10.987907366656188,10.945197048982852,2.6080741375329576e-38,76.0,-106.0,1002.0,-15.875,-2.75,-20.75,-0.1875,2.375,-114.875,296.9375,2.75,0.75,0.007080078125,-0.02435302734375,0.5224609375,0.852294921875,28.0,-93.0,22.0,47.0,-13.0,979.0,3284,2834,189,
215,19.643964290618896,0.09200930595397949,10.86846585387974,10.944837651872268,2.6080741375329576e-38,4.0,-99.0,1011.0,-16.1875,-8.0,-22.6875,0.4375,3.3125,-115.4375,307.0,2.5625,0.25,0.0078125,-0.0211181640625,0.446044921875,0.89471435546875,-39.0,-94.0,32.0,43.0,-4.0,979.0,3207,2869,265,
216,19.735973358154297,0.09200906753540039,10.868494016801671,10.944481738001306,2.6080741375329576e-38,35.0,-103.0,1004.0,-13.25,-12.0,-25.25,0.5625,5.1875,-115.0,317.0,2.1875,-0.1875,0.0086669921875,-0.017333984375,0.36627197265625,0.9302978515625,-2.0,-106.0,24.0,37.0,3.0,979.0,3213,2937,271,
217,19.826982498168945,0.09100914001464844,10.987907366656188,10.944681068843446,2.6080741375329576e-38,28.0,-108.0,1002.0,-11.875,-13.0,-27.25,0.0,2.625,-115.1875,327.0,1.8125,-0.5,0.0091552734375,-0.01409912109375,0.28363037109375,0.95880126953125,5.0,-119.0,25.0,31.0,9.0,980.0,3136,3058,269,
218,19.918991804122925,0.09200930595397949,10.86846585387974,10.944329017439394,2.6095808136417996e-38,27.0,-109.0,1004.0,-9.25,-18.5625,-28.875,-0.0625,3.1875,-115.25,337.0625,1.375,-0.8125,0.00958251953125,-0.0106201171875,0.19866943359375,0.97998046875,3.0,-123.0,23.0,24.0,14.0,980.0,3141,3206,332,
219,20.01500129699707,0.09600949287414551,10.415636725743928,10.941792945717042,2.6095808136417996e-38,41.0,-109.0,1005.0,-3.5625,-21.0625,-30.75,0.4375,3.875,-115.1875,348.1875,0.8125,-1.0625,0.010009765625,-0.00653076171875,0.1024169921875,0.99468994140625,26.0,-127.0,24.0,14.0,18.0,980.0,3080,3252,293,
220,20.10601043701172,0.09100914001464844,10.987907366656188,10.942001681000708,2.6095808136417996e-38,34.0,-123.0,988.0,2.1875,-23.375,-30.75,0.4375,4.5,-115.3125,358.25,0.3125,-1.125,0.01031494140625,-0.002685546875,0.014892578125,0.99981689453125,28.0,-143.0,7.0,5.0,20.0,980.0,3045,3295,261,
221,20.194019079208374,0.08800864219665527,11.362520487084671,10.943834366658598,2.6095808136417996e-38,26.0,-108.0,991.0,8.6875,-22.6875,-33.875,-0.1875,4.4375,-115.5,8.3125,-0.1875,-1.125,0.01043701171875,0.0009765625,-0.07281494140625,0.997314453125,29.0,-128.0,11.0,-3.0,20.0,980.0,2985,3313,141,
222,20.285028219223022,0.09100914001464844,10.987907366656188,10.944032100957228,2.6092220812349324e-38,19.0,-118.0,1010.0,13.75,-19.0625,-35.0625,0.0625,4.375,-115.625,17.25,-0.625,-1.0625,0.01055908203125,0.0042724609375,-0.15032958984375,0.98858642578125,31.0,-137.0,30.0,-12.0,18.0,980.0,2941,3314,12,
223,20.378037691116333,0.09300947189331055,10.751593140396299,10.943153770748758,2.6092220812349324e-38,37.0,-129.0,996.0,17.0,-15.5625,-37.75,0.6875,3.5,-115.625,27.3125,-1.125,-0.9375,0.0107421875,0.00799560546875,-0.2364501953125,0.9715576171875,50.0,-133.0,24.0,-21.0,16.0,980.0,3064,3407,29,
224,20.47404718399048,0.09600949287414551,10.415636725743928,10.940680071068462,2.6092220812349324e-38,-3.0,-113.0,1008.0,19.25,-13.0,-39.0,0.0625,2.9375,-115.6875,38.5,-1.6875,-0.6875,0.0107421875,0.011962890625,-0.32989501953125,0.94390869140625,25.0,-125.0,28.0,-29.0,12.0,980.0,2983,3323,129,
225,20.565056324005127,0.09100914001464844,10.987907366656188,10.940889071981902,2.6092220812349324e-38,0.0,-112.0,1017.0,20.5,-8.25,-40.5625,-0.375,4.25,-115.25,49.6875,-2.125,-0.3125,0.01055908203125,0.01580810546875,-0.42010498046875,0.90728759765625,76.0,-139.0,15.0,-36.0,5.0,979.0,2740,3363,183,
226,20.665066242218018,0.10000991821289062,9.999008277072129,10.936330779249563,2.6102265319741605e-38,56.0,-130.0,994.0,18.5625,-2.6875,-41.6875,0.125,3.5625,-115.3125,60.8125,-2.5,0.0625,0.01025390625,0.01953125,-0.50640869140625,0.86199951171875,76.0,-122.0,29.0,-43.0,-2.0,979.0,2666,3416,299,
227,20.756075382232666,0.09100914001464844,10.987907366656188,10.936556927053438,2.6102265319741605e-38,44.0,-139.0,989.0,17.0,1.0,-41.25,0.0625,2.6875,-115.4375,70.875,-2.75,0.5625,0.00982666015625,0.02264404296875,-0.579833984375,0.8143310546875,67.0,-110.0,27.0,-47.0,-10.0,979.0,2633,3359,314,
228,20.84308409690857,0.08700871467590332,11.493101624646176,10.938880203137346,2.6102265319741605e-38,44.0,-97.0,1012.0,14.0625,4.0625,-39.75,0.4375,1.9375,-115.4375,80.9375,-2.875,1.0625,0.00933837890625,0.0255126953125,-0.64886474609375,0.76043701171875,82.0,-115.0,23.0,-49.0,-18.0,979.0,2669,3423,335,
229,20.93509340286255,0.09200930595397949,10.86846585387974,10.938570733517139,2.6102265319741605e-38,54.0,-121.0,1007.0,12.0,5.5,-38.25,0.8125,1.6875,-115.125,89.8125,-3.0,1.5,0.009033203125,0.02801513671875,-0.7059326171875,0.7076416015625,105.0,-94.0,28.0,-51.0,-26.0,978.0,2610,3443,437,
230,21.026102304458618,0.09100890159606934,10.987936151986148,10.938784405668384,2.609150334753559e-38,49.0,-130.0,1007.0,9.375,5.875,-36.6875,0.625,3.25,-114.6875,99.8125,-3.0,2.0,0.00872802734375,0.030517578125,-0.76495361328125,0.643310546875,100.0,-95.0,28.0,-51.0,-34.0,978.0,2567,3284,219,
231,21.114111185073853,0.08800888061523438,11.362489705691127,10.940550515017666,2.609150334753559e-38,46.0,-126.0,989.0,7.1875,6.875,-34.75,0.3125,5.0,-114.5625,110.9375,-2.9375,2.5625,0.008544921875,0.033203125,-0.82354736328125,0.56622314453125,90.0,-85.0,27.0,-50.0,-44.0,978.0,2585,3352,255,
232,21.2051203250885,0.09100914001464844,10.987907366656188,10.940753763397083,2.609150334753559e-38,36.0,-126.0,990.0,7.0625,7.0625,-31.25,0.1875,4.125,-114.5,120.9375,-2.75,3.0625,0.008056640625,0.03546142578125,-0.86968994140625,0.4923095703125,91.0,-71.0,14.0,-47.0,-52.0,978.0,2592,3386,240,
233,21.29612946510315,0.09100914001464844,10.987907366656188,10.940955274610106,2.609150334753559e-38,46.0,-129.0,1013.0,6.5625,6.6875,-29.0,-0.0625,3.5,-114.4375,130.9375,-2.5,3.5,0.0072021484375,0.03729248046875,-0.9091796875,0.4146728515625,92.0,-65.0,24.0,-43.0,-60.0,977.0,2617,3388,190,
234,21.38713836669922,0.09100890159606934,10.987936151986148,10.941155192802652,2.609150334753559e-38,63.0,-125.0,1001.0,9.0625,6.75,-28.25,0.5,2.25,-114.4375,139.8125,-2.1875,3.875,0.0064697265625,0.0386962890625,-0.9384765625,0.34307861328125,101.0,-58.0,23.0,-37.0,-66.0,977.0,2582,3507,230,
235,21.48114800453186,0.0940096378326416,10.637207238051761,10.939825001458127,2.6093655741976793e-38,46.0,-121.0,996.0,10.6875,10.0,-29.5625,0.25,4.25,-114.4375,150.875,-1.75,4.25,0.005615234375,0.04022216796875,-0.96722412109375,0.250732421875,77.0,-47.0,19.0,-30.0,-73.0,977.0,2543,3647,369,
236,21.5711567401886,0.09000873565673828,11.110032739640394,10.940535217581319,2.6093655741976793e-38,55.0,-110.0,1008.0,10.6875,10.25,-30.25,0.0625,3.625,-114.4375,160.875,-1.3125,4.5625,0.0048828125,0.041259765625,-0.98529052734375,0.1656494140625,77.0,-32.0,31.0,-22.0,-78.0,977.0,2494,3644,207,
237,21.663166046142578,0.09200930595397949,10.86846585387974,10.940229119565885,2.6093655741976793e-38,56.0,-114.0,996.0,7.25,15.25,-35.0,0.1875,3.0,-114.4375,170.875,-0.8125,4.75,0.0037841796875,0.04205322265625,-0.9967041015625,0.06964111328125,73.0,-36.0,18.0,-13.0,-81.0,977.0,2529,3736,214,
238,21.75617551803589,0.09300947189331055,10.751593140396299,10.939422684961233,2.6093655741976793e-38,63.0,-113.0,995.0,0.375,17.375,-35.75,0.0,4.0,-114.375,180.875,-0.25,4.8125,0.0030517578125,0.04241943359375,-0.99896240234375,-0.017333984375,54.0,-46.0,6.0,-4.0,-83.0,977.0,2586,3693,189,
239,21.844184160232544,0.08800864219665527,11.362520487084671,10.941127315484769,2.607787151607464e-38,50.0,-121.0,1007.0,-6.75,19.6875,-31.875,0.0625,4.1875,-114.4375,190.8125,0.1875,4.8125,0.00225830078125,0.04248046875,-0.99462890625,-0.094482421875,47.0,-38.0,29.0,3.0,-83.0,977.0,2590,3696,208,
240,21.927192449569702,0.0830082893371582,12.046989619774703,10.945313703611415,2.607787151607464e-38,38.0,-116.0,1002.0,-12.1875,19.0625,-25.1875,0.125,3.875,-114.3125,200.8125,0.6875,4.75,0.00128173828125,0.04229736328125,-0.982666015625,-0.1806640625,25.0,-34.0,25.0,12.0,-81.0,977.0,2671,3730,196,
241,22.01020073890686,0.0830082893371582,12.046989619774703,10.949468515023153,2.607787151607464e-38,55.0,-105.0,1008.0,-12.5,17.6875,-22.0625,0.25,3.75,-114.3125,209.6875,1.125,4.625,0.00048828125,0.041748046875,-0.96575927734375,-0.25616455078125,35.0,-33.0,21.0,20.0,-79.0,977.0,2811,3615,33,
242,22.098209619522095,0.08800888061523438,11.362489705691127,10.95111342351515,2.607787151607464e-38,45.0,-113.0,995.0,-15.6875,15.5,-17.375,0.25,2.625,-114.4375,219.6875,1.625,4.375,-0.00054931640625,0.04095458984375,-0.9398193359375,-0.3392333984375,15.0,-28.0,30.0,27.0,-75.0,977.0,2918,3517,70,
243,22.196219444274902,0.09800982475280762,10.203058749692884,10.947810306618557,2.608504616421198e-38,74.0,-118.0,974.0,-14.5,14.0625,-13.6875,0.5625,2.5625,-114.5625,229.625,2.0625,4.0625,-0.00164794921875,0.03985595703125,-0.90673828125,-0.41973876953125,22.0,-37.0,25.0,35.0,-69.0,977.0,3009,3473,66,
244,22.29322910308838,0.09700965881347656,10.30825190224337,10.94502724893262,2.608504616421198e-38,60.0,-114.0,1000.0,-14.5,11.75,-11.25,0.0625,4.6875,-114.375,240.75,2.4375,3.5625,-0.002685546875,0.03814697265625,-0.86199951171875,-0.5054931640625,17.0,-52.0,22.0,42.0,-61.0,977.0,3159,3420,46,
245,22.38523840904236,0.09200930595397949,10.86846585387974,10.944712561159678,2.608504616421198e-38,51.0,-117.0,1001.0,-15.5,10.1875,-13.0,-0.5,3.9375,-114.6875,251.875,2.75,3.125,-0.00372314453125,0.036376953125,-0.81475830078125,-0.57867431640625,3.0,-65.0,31.0,47.0,-53.0,978.0,3273,3324,36,
246,22.480247974395752,0.09500956535339355,10.52525602322716,10.942939787861137,2.608504616421198e-38,81.0,-110.0,995.0,-16.5625,6.25,-14.0625,0.375,5.25,-114.5625,261.8125,2.9375,2.5625,-0.0047607421875,0.03411865234375,-0.7550048828125,-0.65484619140625,30.0,-65.0,17.0,50.0,-44.0,978.0,3354,3190,95,
247,22.57825756072998,0.09800958633422852,10.203083569701421,10.939728158190707,2.6087198558653184e-38,52.0,-101.0,1003.0,-16.0625,2.5625,-16.875,0.5625,5.3125,-114.75,272.9375,3.0,1.9375,-0.005615234375,0.031005859375,-0.6881103515625,-0.72491455078125,0.0,-68.0,24.0,51.0,-33.0,978.0,3393,3077,148,
248,22.66926670074463,0.09100914001464844,10.987907366656188,10.93992158078293,2.6087198558653184e-38,34.0,-103.0,1003.0,-16.0625,0.6875,-17.6875,0.5,2.5625,-114.875,282.9375,3.0,1.375,-0.00665283203125,0.02825927734375,-0.622314453125,-0.7822265625,-16.0,-79.0,24.0,51.0,-24.0,979.0,3416,2976,173,
249,22.758275747299194,0.08900904655456543,11.234813074724574,10.941074919946416,2.6087198558653184e-38,76.0,-120.0,994.0,-16.1875,-2.6875,-19.5625,-0.4375,2.3125,-114.6875,293.0,2.875,0.875,-0.007568359375,0.02569580078125,-0.55169677734375,-0.8336181640625,26.0,-104.0,14.0,50.0,-15.0,979.0,3339,2854,202,
250,22.84628438949585,0.08800864219665527,11.362520487084671,10.942698415981539,2.6087198558653184e-38,91.0,-119.0,975.0,-15.0625,-6.375,-23.5,1.0,2.9375,-114.875,303.0,2.6875,0.375,-0.00836181640625,0.0224609375,-0.47686767578125,-0.878662109375,44.0,-112.0,-3.0,46.0,-6.0,979.0,3244,2836,230,
251,22.93929386138916,0.09300947189331055,10.751593140396299,10.94192356210567,2.6089350953094387e-38,55.0,-104.0,989.0,-13.6875,-11.1875,-25.25,0.875,4.4375,-115.125,313.0,2.375,-0.125,-0.00933837890625,0.01873779296875,-0.3983154296875,-0.9169921875,14.0,-107.0,9.0,40.0,2.0,979.0,3232,2918,205,
252,23.032302856445312,0.09300899505615234,10.75164826150707,10.941155192802652,2.6089350953094387e-38,28.0,-109.0,1007.0,-11.0625,-14.875,-27.6875,-0.125,4.6875,-115.1875,323.0625,1.9375,-0.5,-0.00982666015625,0.01495361328125,-0.31658935546875,-0.9483642578125,-5.0,-118.0,27.0,33.0,8.0,980.0,3150,3044,210,
253,23.12331199645996,0.09100914001464844,10.987907366656188,10.941339200834758,2.6089350953094387e-38,38.0,-112.0,1004.0,-9.25,-18.5625,-28.0625,-0.25,3.8125,-115.5625,333.125,1.5,-0.8125,-0.01025390625,0.011474609375,-0.23236083984375,-0.9725341796875,11.0,-126.0,24.0,26.0,14.0,980.0,3051,3158,306,
254,23.21532130241394,0.09200930595397949,10.86846585387974,10.94105038182646,2.6089350953094387e-38,30.0,-116.0,1000.0,-4.6875,-20.75,-30.0,0.6875,3.0,-115.4375,344.25,1.0,-1.0625,-0.01080322265625,0.00732421875,-0.13653564453125,-0.99053955078125,13.0,-135.0,19.0,17.0,18.0,980.0,3033,3211,295,
255,23.312331199645996,0.09700989723205566,10.308226567933762,10.938417004124934,2.6084328699398247e-38,21.0,-123.0,988.0,1.875,-22.0,-32.75,0.5625,3.4375,-115.4375,354.3125,0.4375,-1.25,-0.01129150390625,0.00347900390625,-0.0491943359375,-0.99871826171875,13.0,-145.0,8.0,7.0,21.0,980.0,3013,3276,251,
256,23.40634036064148,0.0940091609954834,10.637261192534675,10.937207442752234,2.6084328699398247e-38,25.0,-113.0,1004.0,7.5625,-22.6875,-34.6875,-0.3125,3.875,-115.4375,5.5,-0.125,-1.25,-0.01141357421875,-0.000732421875,0.04840087890625,-0.998779296875,27.0,-135.0,24.0,-2.0,22.0,980.0,3014,3345,118,
257,23.49834966659546,0.09200930595397949,10.86846585387974,10.936938280620762,2.6084328699398247e-38,34.0,-108.0,1004.0,13.5,-19.5625,-36.75,0.1875,3.8125,-115.625,15.5625,-0.6875,-1.1875,-0.01141357421875,-0.00457763671875,0.1358642578125,-0.99066162109375,46.0,-129.0,23.0,-11.0,20.0,980.0,2973,3369,-22,
258,23.593359231948853,0.09500956535339355,10.52525602322716,10.935280451739587,2.6084328699398247e-38,21.0,-111.0,1011.0,17.0,-15.5625,-38.6875,0.4375,4.0,-115.75,25.6875,-1.1875,-1.0625,-0.01153564453125,-0.00836181640625,0.2222900390625,-0.974853515625,62.0,-150.0,8.0,-21.0,18.0,980.0,3096,3423,43,
