Index,Time,Difference,Hz,AveHz,0x6103 Range,0x6103 Smoothed Range,0x6103 Velocity,,manual velocity,,,,,
0,0,0,0,0,924,184.8,,,2041.975223,,,-2.35E+01,,-1.05E+02
1,0.02301693,0.02301693,43.44628133,43.44628133,971,342.04,1366.298655,,-2356.150004,,,1.96E+02,,3.41E+01
2,0.037022829,0.014005899,71.39848498,54.02072319,938,461.232,2795.064569,,416.42382,,,1.37E+02,,6.58E+02
3,0.049029827,0.012006998,83.284764,61.1872441,943,557.5856,3841.009022,,3913.995314,,,-2.12E+02,,-2.83E+02
4,0.061038017,0.01200819,83.27649605,65.53292814,990,644.06848,4513.205461,,-5178.153086,,,-5.79E+02,,-1.01E+03
5,0.072045803,0.011007786,90.84479099,69.40029519,933,701.854784,4660.48131,,-1768.38598,,,-1.81E+02,,-4.43E+02
6,0.085052013,0.01300621,76.88634697,70.54506719,910,743.4838272,4368.52606,,5765.736176,,,5.26E+02,,9.11E+02
7,0.098059893,0.013007879,76.87648234,71.38494455,985,791.7870618,4237.4974,,-1265.812793,,,5.23E+02,,1.11E+03
8,0.113070011,0.015010118,66.62172594,70.75262414,966,826.6296494,3854.252585,,-1165.986696,,,1.34E+01,,-4.52E+02
9,0.125077009,0.012006998,83.284764,71.95567001,952,851.7037195,3501.05967,,1076.270753,,,-8.18E+02,,-6.19E+02
10,0.138084889,0.013007879,76.87648234,72.41922061,966,874.5629756,3152.315576,,-1768.126686,,,-1.32E+03,,-1.38E+03
11,0.151093006,0.013008118,76.87507331,72.80284033,943,888.2503805,2732.296511,,-3452.700316,,,-9.37E+02,,-1.97E+03
12,0.162098885,0.011005878,90.86053464,74.02888694,905,891.6003044,2246.712384,,-691.8756598,,,4.03E+02,,5.40E+02
13,0.175107002,0.013008118,76.87507331,74.24032067,896,892.4802435,1810.898984,,5765.736176,,,1.58E+03,,2.64E+03
14,0.188114882,0.013007879,76.87648234,74.42260754,971,908.1841948,1690.172094,,2844.377713,,,1.13E+03,,1.57E+03
15,0.201122999,0.013008118,76.87507331,74.58122671,1008,928.1473559,1659.071569,,-3914.073027,,,-1.07E+02,,-8.18E+02
16,0.213130951,0.012007952,83.27814951,75.07121763,961,934.7178847,1436.693552,,-1383.776682,,,-5.93E+02,,-1.07E+03
17,0.22613883,0.013007879,76.87648234,75.17505944,943,936.3743077,1174.822837,,2089.747027,,,-2.61E+02,,1.07E+02
18,0.237144947,0.011006117,90.85856638,75.90294554,966,942.2994462,1047.528187,,-384.3824117,,,8.84E+00,,1.80E+02
19,0.250152826,0.013007879,76.87648234,75.95356919,961,946.039557,895.5278612,,-1165.870945,,,1.42E+02,,-2.60E+02
20,0.262161017,0.01200819,83.27649605,76.28899319,947,946.2316456,719.6215822,,768.7648234,,,6.41E+01,,5.06E+02
21,0.275168896,0.013007879,76.87648234,76.31676518,957,948.3853165,608.8105941,,1915.549572,,,5.02E+00,,-5.34E+01
22,0.287175894,0.012006998,83.284764,76.60810143,980,954.7082532,592.3693336,,-2844.377713,,,-3.26E+02,,-4.38E+02
23,0.300184012,0.013008118,76.87507331,76.61967034,943,952.3666025,437.8925541,,-384.4105948,,,-2.74E+02,,-4.87E+02
24,0.313190937,0.013006926,76.88211896,76.63056992,938,949.493282,306.1326495,,1768.159094,,,-5.12E+01,,1.02E+02
25,0.326198816,0.013007879,76.87648234,76.64037621,961,951.7946256,280.2899596,,-1076.251026,,,-4.27E+01,,2.31E+02
26,0.339206934,0.013008118,76.87507331,76.64937652,947,950.8357005,209.4884799,,0,,,-1.11E+02,,-4.61E+02
27,0.351213932,0.012006998,83.284764,76.87622141,947,950.0685604,154.8125675,,-307.5059294,,,-1.88E+02,,-1.03E+02
28,0.364221811,0.013007879,76.87648234,76.87623072,943,948.6548483,102.1138116,,0,,,2.81E+02,,-9.39E-03
29,0.378229857,0.014008045,71.38754808,76.67295297,943,947.5238787,65.54361907,,307.4777509,,,4.41E+02,,9.46E+02
30,0.391238928,0.013009071,76.86943772,76.67948628,947,947.4191029,50.82408496,,2531.826662,,,4.20E+02,,3.75E+02
31,0.406247854,0.015008926,66.62701741,76.30809536,985,954.9352823,140.8153913,,-1713.301154,,,-3.16E+02,,-6.03E+01
32,0.420255899,0.014008045,71.38754808,76.14408279,961,956.1482259,129.970126,,-999.3576364,,,-5.52E+02,,-1.26E+03
33,0.434264898,0.014008999,71.38268831,75.99048445,947,954.3185807,77.85510256,,-1076.251026,,,-5.69E+02,,-3.33E+02
34,0.447273016,0.013008118,76.87507331,76.0162111,933,950.0548646,-3.270616108,,1076.270753,,,-1.77E+02,,-1.11E+02
35,0.460280895,0.013007879,76.87648234,76.040523,947,949.4438916,-12.01038253,,-333.139056,,,3.07E+02,,-8.54E+01
36,0.472287893,0.012006998,83.284764,76.22469369,943,948.1551133,-31.07542583,,-999.4256731,,,5.49E+02,,1.12E+03
37,0.486295939,0.014008045,71.38754808,76.08535682,929,944.3240907,-79.55780358,,4689.035701,,,6.97E+02,,6.15E+02
38,0.49930501,0.013009071,76.86943772,76.10578554,990,953.4592725,76.7970159,,-1845.170855,,,-2.53E+02,,3.59E+02
39,0.512311935,0.013006926,76.88211896,76.12549563,966,955.967418,100.0039208,,-1768.159094,,,-6.54E+02,,-1.73E+03
40,0.525319815,0.013007879,76.87648234,76.14409143,943,953.3739344,40.12755734,,-1582.253425,,,-5.35E+02,,-5.89E+02
41,0.537328005,0.01200819,83.27649605,76.3034862,924,947.4991475,-65.74428745,,1582.410516,,,-2.07E+01,,7.18E+02
42,0.549335003,0.012006998,83.284764,76.45607831,943,946.599318,-67.58384758,,2152.383703,,,2.10E+02,,-1.90E+02
43,0.562343836,0.013008833,76.87084654,76.46567324,971,951.4794544,20.96096512,,-4305.319745,,,-1.55E+02,,1.02E+02
44,0.575351,0.013007164,76.88070973,76.47505612,915,944.1835635,-95.41388176,,2460.047435,,,2.61E+02,,-3.77E+02
45,0.588358879,0.013007879,76.87648234,76.48393115,947,944.7468508,-67.67039628,,713.8754808,,,-1.46E+02,,1.06E+03
46,0.602366924,0.014008045,71.38754808,76.36541474,957,947.1974807,-19.147426,,0,,,-1.24E+02,,-1.12E+03
47,0.61437583,0.012008905,83.27153606,76.50040534,957,949.1579845,17.3328929,,-4069.367285,,,-5.39E+02,,-3.13E+02
48,0.628382921,0.014007092,71.39240851,76.38654454,900,939.3263876,-126.5139622,,3131.469818,,,1.42E+02,,-1.85E+02
49,0.643391848,0.015008926,66.62701741,76.15887609,947,940.8611101,-80.76037355,,384.3753666,,,3.88E+02,,9.22E+02
50,0.656399965,0.013008118,76.87507331,76.17306923,952,943.0888881,-30.35617973,,-749.5033456,,,4.08E+02,,4.26E+02
51,0.668407917,0.012007952,83.27814951,76.30071204,943,943.0711105,-24.58104118,,1641.913606,,,2.46E+02,,-1.25E+02
52,0.682415962,0.014008045,71.38754808,76.19985885,966,947.6568884,45.80865523,,-1265.913331,,,-3.11E+02,,4.36E+02
53,0.697424889,0.015008926,66.62701741,75.9938466,947,947.5255107,34.89626366,,932.7782437,,,-5.03E+02,,-1.24E+03
54,0.712433815,0.015008926,66.62701741,75.79651452,961,950.2204086,63.82761227,,-3397.492162,,,-6.28E+02,,-7.03E+02
55,0.727444887,0.015011072,66.61749337,75.6071023,910,942.1763268,-56.1132222,,356.9620426,,,9.97E+01,,6.28E+01
56,0.741451979,0.014007092,71.39240851,75.52748069,915,936.7410615,-122.4979149,,3228.812258,,,7.11E+02,,9.39E+02
57,0.754459858,0.013007879,76.87648234,75.55073925,957,940.7928492,-35.70089472,,-768.7507331,,,6.76E+02,,1.13E+03
58,0.767467976,0.013008118,76.87507331,75.57318591,947,942.0342793,-9.473708806,,932.7782437,,,4.98E+02,,-4.05E+01
59,0.782476902,0.015008926,66.62701741,75.40158674,961,945.8274235,42.96620897,,-285.5307533,,,-1.10E+02,,4.03E+02
60,0.796485901,0.014008999,71.38268831,75.33090031,957,948.0619388,66.27410908,,562.1805293,,,-2.96E+02,,-6.93E+02
61,0.812494993,0.016009092,62.46450325,75.07738572,966,951.649551,97.8389706,,-2355.628714,,,-3.33E+02,,-5.98E+02
62,0.826503992,0.014008999,71.38268831,75.01476169,933,947.9196408,25.02097296,,0,,,7.48E+01,,2.91E+02
63,0.840512991,0.014008999,71.38268831,74.95422519,933,944.9357127,-22.58338445,,3229.048996,,,3.00E+02,,5.31E+02
64,0.853519917,0.013006926,76.88211896,74.98360467,975,950.9485701,74.38953709,,-1635.489623,,,-5.76E+01,,7.91E+01
65,0.864525795,0.011005878,90.86053464,75.18572653,957,952.1588561,81.50507582,,-1356.271078,,,-3.14E+02,,-7.83E+02
66,0.878534794,0.014008999,71.38268831,75.12508379,938,949.3270849,24.77617218,,642.4441948,,,-6.17E+01,,-2.38E+02
67,0.892543793,0.014008999,71.38268831,75.06634469,947,948.8616679,13.17639476,,0,,,4.18E+01,,8.36E+02
68,0.905550957,0.013007164,76.88070973,75.09240589,947,948.4893343,4.816061819,,1865.437957,,,4.04E+01,,-4.73E+02
69,0.920560837,0.01500988,66.62278417,74.95430746,975,953.7914675,74.50142376,,-3283.603662,,,-4.60E+02,,-2.42E+02
70,0.934569836,0.014008999,71.38268831,74.90076967,929,948.833174,-11.18612477,,691.9263876,,,-7.83E+00,,-6.64E+02
71,0.947577,0.013007164,76.88070973,74.92794783,938,946.6665392,-42.26338395,,599.6431567,,,-2.07E+01,,8.83E+02
72,0.962585926,0.015008926,66.62701741,74.79851726,947,946.7332313,-32.92200715,,1356.271078,,,7.74E+01,,-2.81E+02
73,0.976594925,0.014008999,71.38268831,74.74951808,966,950.5865851,28.67494397,,-2798.334731,,,-3.08E+02,,-3.70E+02
74,0.991603851,0.015008926,66.62701741,74.62657583,924,945.2692681,-47.91543948,,333.0239944,,,3.06E+02,,-2.74E+02
75,1.006617785,0.015013933,66.60479888,74.5069292,929,942.0154144,-81.67680466,,1642.500673,,,4.91E+02,,1.56E+03
76,1.020620823,0.014003038,71.41307272,74.46448112,952,944.0123316,-36.82024636,,2712.542156,,,2.80E+02,,1.86E+02
77,1.034629822,0.014008999,71.38268831,74.42275332,990,953.2098652,101.852739,,-3797.679666,,,-5.35E+02,,-9.09E+02
78,1.049638987,0.015009165,66.62595905,74.31126416,933,949.1678922,27.62212506,,-1641.801831,,,-7.42E+02,,-8.80E+02
79,1.063647985,0.014008999,71.38268831,74.27269273,910,941.3343138,-89.73867758,,2798.334731,,,-1.08E+02,,-4.36E+02
80,1.078656912,0.015008926,66.62701741,74.1663073,952,943.467451,-43.36602754,,-2465.199644,,,3.24E+02,,9.91E+02
81,1.093665838,0.015008926,66.62701741,74.06284184,915,937.7739608,-110.5608762,,2640.57525,,,8.11E+02,,4.17E+02
82,1.107677937,0.014012098,71.36689864,74.02873822,952,940.6191686,-47.83796905,,1076.586473,,,4.02E+02,,1.02E+03
83,1.120682001,0.013004065,76.89903379,74.06204429,966,945.6953349,39.80008108,,-642.4004629,,,3.04E+02,,-2.36E+02
84,1.134691954,0.014009953,71.37782921,74.0289025,957,947.9562679,64.11616301,,-1142.148931,,,3.14E+00,,1.23E+02
85,1.155704975,0.021013021,47.58953878,73.54818213,933,944.9650143,22.8224547,,2152.699331,,,2.15E+02,,1.23E+02
86,1.168711901,0.013006926,76.88211896,73.58528646,961,948.1720115,67.57011075,,-642.4879327,,,2.09E+02,,3.99E+02
87,1.182719946,0.014008045,71.38754808,73.55925661,952,948.9376092,64.98691719,,-312.3039121,,,6.63E+01,,1.04E+02
88,1.198729992,0.016010046,62.46078242,73.41102717,947,948.5500873,47.14855033,,1265.913331,,,-2.00E+02,,-3.04E+02
89,1.213738918,0.015008926,66.62701741,73.32713705,966,952.0400699,84.22426564,,-1865.556487,,,-3.97E+02,,-4.00E+02
90,1.228747845,0.015008926,66.62701741,73.24529633,938,949.2320559,29.96149331,,-599.6336314,,,-2.18E+02,,-4.89E+02
91,1.24375701,0.015009165,66.62595905,73.1654168,929,945.1856447,-29.95001047,,999.0855821,,,1.01E+02,,2.36E+02
92,1.257769823,0.014012814,71.36325586,73.14533893,943,944.7485158,-30.19899731,,307.5961352,,,3.77E+02,,5.55E+02
93,1.270773888,0.013004065,76.89903379,73.18375118,947,945.1988126,-17.23371939,,356.9377404,,,3.78E+02,,3.40E+02
94,1.284781933,0.014008045,71.38754808,73.16416708,952,946.5590501,5.633828125,,356.9377404,,,3.82E+01,,2.38E+02
95,1.298789978,0.014008045,71.38754808,73.14500543,957,948.6472401,34.32121503,,0,,,-2.40E+02,,-4.64E+02
96,1.313799858,0.01500988,66.62278417,73.07049046,957,950.3177921,49.71633688,,-1748.901908,,,-3.06E+02,,-4.94E+02
97,1.329809904,0.016010046,62.46078242,72.94275648,929,946.0542336,-13.48796936,,266.5080696,,,2.78E+02,,3.89E+01
98,1.34481883,0.015008926,66.62701741,72.87226932,933,943.4433869,-45.58096159,,1599.023017,,,6.37E+02,,1.29E+03
99,1.359827995,0.015009165,66.62595905,72.80332538,957,946.1547095,-0.335875356,,1998.579218,,,7.20E+02,,5.84E+02
100,1.373837948,0.014009953,71.37782921,72.78878863,985,953.9237676,110.639,,-1845.306154,,,-3.97E+01,,2.89E+02
101,1.38684392,0.013005972,76.88775641,72.82722919,961,955.3390141,110.2742253,,713.7782921,,,-2.68E+02,,-9.92E+02
102,1.400853872,0.014009953,71.37782921,72.81273373,971,958.4712113,132.9332673,,-1845.170855,,,-5.13E+02,,-9.95E+01
103,1.413860798,0.013006926,76.88211896,72.85017037,947,956.176969,71.06937261,,832.7649605,,,-3.66E+02,,-4.48E+02
104,1.425868988,0.01200819,83.27649605,72.93797738,957,956.3415752,59.59706351,,-333.0239944,,,-2.51E+02,,-5.51E+02
105,1.440882921,0.015013933,66.60479888,72.87198596,952,955.4732602,36.11086104,,-2153.528294,,,-4.97E+02,,2.47E+02
106,1.45388484,0.013001919,76.9117248,72.90811286,924,949.1786081,-67.93782018,,3228.516384,,,8.59E+01,,-1.19E+03
107,1.466893911,0.013009071,76.86943772,72.94324366,966,952.5428865,-2.628218784,,-4634.288834,,,-2.38E+02,,1.20E+03
108,1.477898836,0.011004925,90.86840851,73.07672038,915,945.0343092,-138.561069,,4996.629445,,,4.65E+02,,-7.25E+02
109,1.492908955,0.015010118,66.62172594,73.01182009,990,954.0274474,8.978821972,,-2536.737936,,,-1.39E+02,,9.22E+02
110,1.505917788,0.013008833,76.87084654,73.04515619,957,954.6219579,16.32316307,,307.5002933,,,-1.69E+02,,-6.15E+02
111,1.518925905,0.013008118,76.87507331,73.07795569,961,955.8975663,32.67102863,,384.4387821,,,-6.04E+02,,-8.13E+02
112,1.531931877,0.013005972,76.88775641,73.11030058,966,957.9180531,57.20696132,,-3131.221119,,,-3.86E+02,,-3.83E+02
113,1.546941996,0.015010118,66.62172594,73.04734135,919,950.1344424,-57.94594553,,1599.048418,,,2.27E+01,,3.65E+01
114,1.561950922,0.015008926,66.62701741,72.98564788,943,948.707554,-65.37062126,,1641.801831,,,1.50E+02,,4.14E+02
115,1.575959921,0.014008999,71.38268831,72.97139888,966,952.1660432,-2.921245552,,-1998.715273,,,-1.27E+01,,1.62E-02
116,1.58996892,0.014008999,71.38268831,72.95740096,938,949.3328345,-42.78540619,,356.9620426,,,1.43E+02,,-4.52E+02
117,1.603976011,0.014007092,71.39240851,72.94373431,943,948.0662676,-52.31297735,,285.5307533,,,5.08E+02,,8.80E+02
118,1.61798501,0.014008999,71.38268831,72.9302183,947,947.8530141,-44.89490386,,1998.885368,,,7.77E+02,,1.09E+03
119,1.631992817,0.014007807,71.38876313,72.9169876,975,953.2824113,41.60366676,,999.3893857,,,2.26E+02,,3.55E+02
120,1.647001982,0.015009165,66.62595905,72.85965732,990,960.625929,131.1367159,,-1932.060741,,,-5.44E+02,,-7.72E+02
121,1.662011862,0.01500988,66.62278417,72.80333118,961,960.7007432,105.9062387,,-1383.75132,,,-5.72E+02,,-1.22E+03
122,1.675019979,0.013008118,76.87507331,72.83495212,943,957.1605946,30.29515367,,-333.0927573,,,-2.74E+02,,2.73E+02
123,1.690030813,0.015010834,66.61855146,72.77973812,938,953.3284757,-26.82191929,,2537.063421,,,2.08E+02,,1.20E+02
124,1.703037977,0.013007164,76.88070973,72.8110598,971,956.8627805,32.8864379,,-1845.170855,,,-4.20E+01,,2.31E+02
125,1.716044903,0.013006926,76.88211896,72.84191678,947,954.8902244,-4.021708318,,0,,,3.10E+01,,-4.76E+02
126,1.731054783,0.01500988,66.62278417,72.78799103,947,953.3121795,-24.2441154,,416.4568978,,,1.97E+02,,3.39E+02
127,1.743060827,0.012006044,83.29137955,72.86033741,952,953.0497436,-23.76702208,,599.5955335,,,4.22E+02,,7.27E+02
128,1.758070946,0.015010118,66.62172594,72.80707318,961,954.6397949,2.172774376,,1166.079314,,,2.38E+02,,2.00E+02
129,1.77007699,0.012006044,83.29137955,72.87818593,975,958.7118359,69.57140231,,-1165.894093,,,-3.68E+02,,-2.14E+02
130,1.782084942,0.012007952,83.27814951,72.94826242,961,959.1694687,63.27928465,,-642.4441948,,,-7.98E+02,,-1.09E+03
131,1.796093941,0.014008999,71.38268831,72.93605141,952,957.735575,30.15238963,,-1460.76026,,,-6.85E+02,,-1.09E+03
132,1.809100866,0.013006926,76.88211896,72.96442252,933,952.78846,-51.94702506,,-1165.986696,,,-2.72E+02,,1.24E+02
133,1.821107864,0.012006998,83.284764,73.032467,919,946.030768,-154.1201767,,2998.072909,,,1.91E+02,,1.49E+02
134,1.835116863,0.014008999,71.38268831,73.01987284,961,949.0246144,-80.55438046,,-1383.75132,,,-2.37E+02,,3.00E+02
135,1.848124981,0.013008118,76.87507331,73.04700786,943,947.8196915,-82.9692113,,-713.8876313,,,-2.61E+02,,-1.16E+03
136,1.862132788,0.014007807,71.38876313,73.03453379,933,944.8557532,-108.6937469,,-1383.75132,,,-1.62E+00,,7.81E+01
137,1.875140905,0.013008118,76.87507331,73.06117615,915,938.8846026,-178.7615262,,2331.973392,,,6.44E+02,,1.08E+03
138,1.887147903,0.012006998,83.284764,73.12622384,943,939.7076821,-129.2992248,,2284.246026,,,5.07E+02,,7.77E+02
139,1.901156902,0.014008999,71.38268831,73.1133763,975,946.7661456,-2.668958603,,-2284.401539,,,2.99E+02,,-3.33E+02
140,1.915164948,0.014008045,71.38754808,73.10075311,943,946.0129165,-12.88940301,,-999.3576364,,,9.62E+01,,4.52E+02
141,1.929173946,0.014008999,71.38268831,73.08827712,929,942.6103332,-58.88863109,,4639.87474,,,3.45E+02,,1.70E+02
142,1.943182945,0.014008999,71.38268831,73.07598101,994,952.8882666,99.6223978,,-3131.469818,,,-1.83E+02,,4.14E+02
143,1.958191872,0.015008926,66.62701741,73.02655172,947,951.7106133,64.00521267,,-266.5080696,,,-2.37E+02,,-1.13E+03
144,1.973200798,0.015008926,66.62701741,72.9778744,943,949.9684906,27.98968289,,0,,,-5.81E+02,,6.36E+00
145,1.987210989,0.014010191,71.37661454,72.96658523,943,948.5747925,2.496255602,,285.5744949,,,-1.69E+02,,-6.15E+02
146,2.001217842,0.014006853,71.39362372,72.95557581,947,948.259834,-2.5002012,,-2132.03069,,,-1.69E+02,,1.02E+02
147,2.016227007,0.015009165,66.62595905,72.90845698,915,941.6078672,-90.63889445,,2152.541506,,,1.78E+02,,6.84E+00
148,2.029234886,0.013007879,76.87648234,72.93389297,943,941.8862938,-68.23022462,,0,,,-9.35E+01,,4.26E+02
149,2.045244932,0.016010046,62.46078242,72.85191013,943,942.109035,-51.80166115,,-874.5160695,,,-1.83E+02,,-7.13E+02
150,2.061253786,0.016008854,62.46543353,72.77124293,929,939.487228,-74.1957911,,-1265.812793,,,-3.15E+02,,-2.61E+02
151,2.076263905,0.015010118,66.62172594,72.72678568,910,933.5897824,-137.9362338,,1356.271078,,,7.36E+01,,3.02E+01
152,2.090272903,0.014008999,71.38268831,72.71777754,929,932.6718259,-123.4542273,,0,,,1.92E+02,,4.52E+02
153,2.104279995,0.014007092,71.39240851,72.70895526,929,931.9374607,-109.2490017,,0,,,1.48E+02,,9.52E+01
154,2.117287874,0.013007879,76.87648234,72.73455909,929,931.3499686,-96.43206728,,285.5307533,,,5.91E+01,,-1.05E+02
155,2.131296873,0.014008999,71.38268831,72.72567325,933,931.6799749,-72.43430671,,-599.6431567,,,-4.57E+01,,1.87E+02
156,2.146305799,0.015008926,66.62701741,72.68302589,924,930.1439799,-78.41519815,,874.4509538,,,1.90E+02,,-2.19E+02
157,2.162315845,0.016010046,62.46078242,72.60733918,938,931.7151839,-43.10443202,,-932.7634267,,,2.78E+02,,6.02E+02
158,2.17732501,0.015009165,66.62595905,72.56610715,924,930.1721471,-55.04480673,,1865.556487,,,4.42E+02,,4.50E+02
159,2.192333937,0.015008926,66.62701741,72.52544758,952,934.5377177,14.13714393,,416.3907475,,,1.96E+02,,2.74E+02
160,2.204341888,0.012007952,83.27814951,72.58402194,957,939.0301742,86.13440727,,-1460.76026,,,-1.87E+02,,-1.34E+02
161,2.217348814,0.013006926,76.88211896,72.6092345,938,938.8241393,65.7394469,,642.4441948,,,-2.73E+02,,-7.01E+02
162,2.231357813,0.014008999,71.38268831,72.60153395,947,940.4593115,75.93615407,,-1284.88839,,,-1.74E+02,,1.65E+01
163,2.245366812,0.014008999,71.38268831,72.59392948,929,938.1674492,28.02906491,,691.9263876,,,1.84E+02,,1.61E+02
164,2.258373976,0.013007164,76.88070973,72.61861931,938,938.1339593,21.90830748,,1076.270753,,,1.48E+02,,3.75E+02
165,2.271381855,0.013007879,76.87648234,72.64300348,952,940.9071675,60.16554318,,-642.4004629,,,3.45E+02,,-9.34E+01
166,2.285391808,0.014009953,71.37782921,72.63524769,943,941.325734,54.10770826,,-713.9240851,,,3.45E+02,,7.52E+02
167,2.299398899,0.014007092,71.39240851,72.62767677,933,939.6605872,19.51039856,,3613.128446,,,8.87E+02,,3.77E+02
168,2.312407017,0.013008118,76.87507331,72.65156989,980,947.7284697,139.6521316,,-1768.159094,,,3.44E+02,,1.53E+03
169,2.325414896,0.013007879,76.87648234,72.67520316,957,949.5827758,140.2322105,,2748.397212,,,-3.13E+02,,-8.78E+02
170,2.337421894,0.012006998,83.284764,72.72970294,990,957.6662206,246.8313276,,-3613.128446,,,-1.46E+03,,-1.59E+03
171,2.350430012,0.013008118,76.87507331,72.7526449,943,954.7329765,152.3663906,,-3914.073027,,,-1.32E+03,,-1.92E+03
172,2.362437963,0.012007952,83.27814951,72.80614461,896,942.9863812,-73.75383146,,1768.159094,,,-4.63E+02,,-4.38E+02
173,2.375445843,0.013007879,76.87648234,72.82843367,919,938.189105,-132.7626096,,832.84764,,,1.08E+02,,9.70E+02
174,2.387452841,0.012006998,83.284764,72.88102074,929,936.351284,-136.8225852,,307.5002933,,,2.98E+02,,-2.09E+02
175,2.400460958,0.013008118,76.87507331,72.90266454,933,935.6810272,-119.7632762,,-1768.159094,,,2.60E+02,,1.35E+02
176,2.413468838,0.013007879,76.87648234,72.92408224,910,930.5448217,-174.7813023,,1865.526853,,,8.96E+02,,8.54E+02
177,2.428478003,0.015009165,66.62595905,72.8851568,938,932.0358574,-119.9567058,,2465.199644,,,1.25E+03,,1.70E+03
178,2.443486929,0.015008926,66.62701741,72.84671667,975,940.6286859,18.53754248,,768.7648234,,,1.21E+03,,1.21E+03
179,2.456494808,0.013007879,76.87648234,72.86805549,985,949.5029487,151.2744557,,384.3753666,,,1.18E+03,,7.17E+02
180,2.469502926,0.013008118,76.87507331,72.88916248,990,957.602359,245.548116,,999.3576364,,,1.17E+03,,1.63E+03
181,2.483511925,0.014008999,71.38268831,72.88066475,1004,966.8818872,328.9180267,,3498.237941,,,1.10E+03,,1.17E+03
182,2.495517969,0.012006044,83.29137955,72.93075115,1046,982.7055098,526.7286919,,-999.3576364,,,8.49E+02,,5.00E+02
183,2.509526968,0.014008999,71.38268831,72.92210936,1032,992.5644078,562.1338828,,-999.2896089,,,6.28E+02,,8.81E+02
184,2.523536921,0.014009953,71.37782921,72.91353596,1018,997.6515262,522.3286005,,4640.506553,,,-9.79E+02,,5.02E+02
185,2.537544012,0.014007092,71.39240851,72.90513943,1083,1014.721221,661.5922046,,-8994.754512,,,-2.94E+03,,-4.32E+03
186,2.54955101,0.012006998,83.284764,72.95402181,975,1006.776977,396.946863,,-749.562876,,,-4.44E+03,,-5.01E+03
187,2.561558008,0.012006998,83.284764,73.00244593,966,998.6215814,181.7134548,,-5282.318935,,,-3.96E+03,,-3.99E+03
188,2.575567007,0.014008999,71.38268831,72.99363576,892,977.2972651,-159.0666407,,-5927.827101,,,-2.67E+03,,-2.89E+03
189,2.59058094,0.015013933,66.60479888,72.95660871,803,942.4378121,-591.6146842,,2537.900766,,,-7.53E+02,,-1.13E+03
190,2.603583813,0.013002872,76.90608383,72.97633327,836,921.1502497,-800.7203594,,0,,,1.17E+03,,1.76E+03
191,2.616590977,0.013007164,76.88070973,72.99574206,836,904.1201998,-902.4327528,,2748.178934,,,3.11E+03,,2.89E+03
192,2.628598928,0.012007952,83.27814951,73.04271409,869,897.0961598,-838.9360121,,5925.166491,,,4.27E+03,,4.68E+03
193,2.642606974,0.014008045,71.38754808,73.03394032,952,908.0769278,-514.3707884,,5380.959258,,,3.90E+03,,5.22E+03
194,2.655615807,0.013008833,76.87084654,73.05273584,1022,930.8615423,-61.20211079,,4354.343987,,,2.06E+03,,1.79E+03
195,2.669624805,0.014008999,71.38268831,73.04397217,1083,961.2892338,385.4403957,,-4997.246132,,,-8.45E+02,,-8.29E+02
196,2.682631969,0.013007164,76.88070973,73.0625752,1018,972.6313871,482.7508747,,-1845.035576,,,-2.96E+03,,-3.49E+03
197,2.695639849,0.013007879,76.87648234,73.08097931,994,976.9051096,451.9104516,,-3640.764952,,,-3.75E+03,,-4.57E+03
198,2.709647894,0.014008045,71.38754808,73.07222479,943,970.1240877,264.7122555,,-8225.632845,,,-2.64E+03,,-3.17E+03
199,2.722656012,0.013008118,76.87507331,73.09039377,836,943.2992702,-200.6621587,,2355.628714,,,8.07E+01,,-1.66E+02
200,2.73666501,0.014008999,71.38268831,73.08165202,869,928.4394161,-372.6769927,,2998.013382,,,2.18E+03,,3.58E+03
201,2.748672962,0.012007952,83.27814951,73.12619681,905,923.7515329,-376.2212422,,5381.353764,,,3.16E+03,,3.13E+03
202,2.761680841,0.013007879,76.87648234,73.14386115,975,934.0012263,-143.3849188,,999.3893857,,,2.36E+03,,2.77E+03
203,2.776690006,0.015009165,66.62595905,73.10862917,990,945.2009811,34.53094502,,1915.549572,,,2.14E+03,,1.20E+03
204,2.788697004,0.012006998,83.284764,73.15244348,1013,958.7607849,253.4897677,,691.8883411,,,1.86E+03,,2.45E+03
205,2.801704884,0.013007879,76.87648234,73.16973362,1022,971.4086279,397.2561504,,4747.608634,,,2.03E+02,,1.92E+03
206,2.813710928,0.012006044,83.29137955,73.21292246,1079,992.9269023,676.2622728,,-11637.60832,,,-6.82E+03,,-9.22E+03
207,2.824623823,0.010912895,91.63471118,73.28409479,952,984.7415218,390.9968234,,-9244.608804,,,-6.51E+03,,-7.81E+03
208,2.836630821,0.012006998,83.284764,73.326426,841,955.9932175,-166.0616903,,-2536.877419,,,-3.88E+03,,-2.52E+03
209,2.849638939,0.013008118,76.87507331,73.34262497,808,926.394574,-587.92893,,4269.242837,,,-1.37E+03,,-1.33E+03
210,2.860647917,0.011008978,90.83495398,73.40994282,855,912.1156592,-729.7480576,,-5711.878798,,,-1.06E+03,,-2.81E+02
211,2.874653816,0.014005899,71.39848498,73.40014259,775,884.6925273,-975.3924594,,599.5955335,,,-6.22E+02,,-1.56E+03
212,2.889663935,0.015010118,66.62172594,73.36493267,784,864.5540219,-1048.646366,,417.4350604,,,-6.01E+02,,-1.97E+01
213,2.901641846,0.011977911,83.48701208,73.40671638,789,849.4432175,-1091.228274,,-1076.093241,,,-9.57E+01,,-2.20E+02
214,2.914651871,0.013010025,76.86380296,73.42214765,775,834.554574,-1101.862171,,0,,,3.51E+02,,-4.78E+01
215,2.928658962,0.014007092,71.39240851,73.41243988,775,822.6436592,-1051.559516,,932.8375167,,,5.82E+02,,1.32E+03
216,2.943666935,0.015007973,66.63125119,73.37786671,789,815.9149274,-930.9163773,,3028.378339,,,6.90E+02,,4.75E+02
217,2.956214905,0.01254797,79.69416683,73.40467692,827,818.1319419,-709.3964767,,-2537.482025,,,3.10E+02,,2.75E+02
218,2.969219923,0.013005018,76.89339469,73.41995731,794,813.3055535,-641.7406586,,333.139056,,,2.98E+02,,1.81E+02
219,2.981226921,0.012006998,83.284764,73.45968817,798,810.2444428,-564.3813034,,2747.96069,,,7.29E+01,,4.38E+02
220,2.993235826,0.012008905,83.27153606,73.49905345,831,814.3955542,-382.3711576,,-1767.997068,,,-7.09E+02,,-4.00E+02
221,3.006244898,0.013009071,76.86943772,73.51363828,808,813.1164434,-325.5618324,,-2181.03081,,,-1.59E+03,,-2.16E+03
222,3.017248869,0.011003971,90.87628375,73.57696022,784,807.2931547,-366.2892328,,-2543.819438,,,-1.83E+03,,-2.21E+03
223,3.028255939,0.011007071,90.85069422,73.63974659,756,797.0345238,-479.4321348,,-1915.245329,,,-1.88E+03,,-1.10E+03
224,3.040264845,0.012008905,83.27153606,73.67779171,733,784.227619,-596.8358341,,1166.079314,,,-1.48E+03,,-2.33E+03
225,3.052270889,0.012006044,83.29137955,73.71560656,747,776.7820952,-601.4982571,,-6246.3573,,,-1.57E+03,,-9.97E+02
226,3.064277887,0.012006998,83.284764,73.75310214,672,755.8256762,-830.2686886,,2089.384939,,,-1.61E+02,,-1.39E+03
227,3.075285912,0.011008024,90.84282342,73.81427501,695,743.6605409,-885.2379972,,0,,,4.90E+02,,1.90E+03
228,3.08629179,0.011005878,90.86053464,73.87506286,695,733.9284328,-885.0433084,,3613.128446,,,1.15E+03,,9.55E+02
229,3.099299908,0.013008118,76.87507331,73.88765425,742,735.5427462,-683.2145538,,-749.6224159,,,1.12E+03,,5.96E+02
230,3.111305952,0.012006044,83.29137955,73.92394176,733,735.034197,-555.0431966,,-1076.093241,,,3.17E+03,,1.80E+03
231,3.124315977,0.013010025,76.86380296,73.93618369,719,731.8273576,-493.3325315,,7226.919182,,,7.25E+03,,7.10E+03
232,3.137322903,0.013006926,76.88211896,73.94839715,813,748.0618861,-145.0370351,,14741.40323,,,1.19E+04,,1.31E+04
233,3.149329901,0.012006998,83.284764,73.98399258,990,796.4495088,689.9607209,,-13990.72912,,,-1.12E+04,,-1.24E+04
234,3.161337852,0.012007952,83.27814951,74.01929529,822,801.5596071,637.0804816,,-7067.848443,,,-7.50E+03,,-7.50E+03
235,3.175344944,0.014007092,71.39240851,74.00770755,723,785.8476857,285.3220028,,-1768.159094,,,-3.48E+03,,-2.59E+03
236,3.188352823,0.013007879,76.87648234,74.01941162,700,768.6781485,-35.72912135,,1076.251026,,,-6.39E+02,,-3.52E+02
237,3.201360941,0.013008118,76.87507331,74.03101505,714,757.7425188,-196.7187642,,-363.7415662,,,4.91E+02,,1.02E+03
238,3.215106964,0.013746023,72.74831324,74.02553093,709,747.9940151,-299.2124524,,2355.628714,,,1.09E+03,,8.03E+02
239,3.229115963,0.014008999,71.38268831,74.01406538,742,746.795212,-256.4847183,,416.3576803,,,8.73E+02,,1.45E+03
240,3.241124868,0.012008905,83.27153606,74.04836584,747,746.8361696,-204.5056543,,1582.536211,,,2.91E+02,,3.63E+02
241,3.253130913,0.012006044,83.29137955,74.08247822,766,750.6689357,-99.75724873,,-908.6053464,,,-4.20E+02,,-9.41E+02
242,3.264136791,0.011005878,90.86053464,74.13904976,756,751.7351486,-60.43046492,,-3495.600119,,,-8.76E+02,,-6.83E+02
243,3.276151896,0.012015104,83.22857426,74.17238509,714,744.1881189,-173.9700765,,2355.628714,,,-2.67E+02,,-1.00E+03
244,3.290160894,0.014008999,71.38268831,74.16050699,747,744.7504951,-131.1472758,,-1874.270053,,,-5.15E+00,,8.87E+02
245,3.302965879,0.012804985,78.09458554,74.17575868,723,740.4003961,-172.8616566,,2180.416661,,,1.71E+02,,1.02E+02
246,3.31397295,0.011007071,90.85069422,74.23114302,747,741.7203169,-114.3061813,,0,,,-4.84E+02,,-4.77E+02
247,3.326345921,0.012372971,80.82133498,74.25565648,747,742.7762535,-74.37650345,,-3612.333944,,,-1.10E+03,,-1.08E+03
248,3.339356899,0.013010979,76.85816902,74.26579652,700,734.2210028,-191.0093836,,378.5609589,,,-1.35E+03,,-1.74E+03
249,3.352564812,0.013207912,75.71219178,74.27149481,705,728.3768022,-241.3029535,,-1998.477189,,,-1.53E+03,,-1.23E+03
250,3.364573956,0.012009144,83.26988287,74.30361267,681,718.9014418,-350.8447937,,-2075.817212,,,-1.03E+03,,-1.61E+03
251,3.377580881,0.013006926,76.88211896,74.31354239,654,705.9211534,-480.2662497,,-768.6380296,,,-4.61E+02,,-2.31E+02
252,3.390590906,0.013010025,76.86380296,74.32332799,644,693.5369227,-574.5928132,,2152.541506,,,2.70E+02,,4.61E+02
253,3.403598785,0.013007879,76.87648234,74.33308564,672,689.2295382,-525.901565,,0,,,3.00E+02,,5.79E+02
254,3.415605783,0.012006998,83.284764,74.36455379,672,685.7836306,-478.1195729,,-416.3824802,,,2.42E+02,,-1.39E+02
255,3.427613974,0.01200819,83.27649605,74.39577559,667,682.0269044,-445.0650557,,0,,,1.44E+01,,2.85E+02
256,3.440622807,0.013008833,76.87084654,74.40513372,667,679.0215236,-402.2572792,,1272.130159,,,7.24E+01,,-1.03E+02
257,3.45162797,0.011005163,90.86643991,74.45761891,681,679.4172188,-314.6147389,,-1582.284841,,,2.17E+02,,3.54E+01
258,3.463635921,0.012007952,83.27814951,74.48819849,662,675.9337751,-309.7107413,,416.42382,,,2.88E+02,,7.20E+02
259,3.47564292,0.012006998,83.284764,74.51858721,667,674.1470201,-277.530487,,3325.921686,,,3.01E+02,,1.09E+02
260,3.488270998,0.012628078,79.18861156,74.53549341,709,681.117616,-111.626026,,-3414.675324,,,-6.05E+02,,7.29E+01
261,3.500277996,0.012006998,83.284764,74.56550602,668,678.4940928,-133.0007231,,307.4326761,,,-7.46E+02,,-2.00E+03
262,3.513288975,0.013010979,76.85816902,74.57399658,672,677.1952743,-126.3655419,,-2887.026975,,,-9.86E+02,,-3.13E+02
263,3.526104927,0.012815952,78.02775607,74.58654959,635,668.7562194,-232.7885362,,1641.578328,,,-3.70E+02,,-6.46E+02
264,3.540115833,0.014010906,71.37297077,74.57383104,658,666.6049755,-216.9389623,,-691.9263876,,,-2.46E+02,,-1.53E+02
265,3.553122997,0.013007164,76.88070973,74.58227599,649,663.0839804,-227.6904904,,-1408.355147,,,-2.56E+02,,6.13E+01
266,3.566613913,0.013490915,74.12395511,74.58054236,630,656.4671843,-280.2450115,,2284.090535,,,-2.28E+02,,-6.77E+02
267,3.580623865,0.014009953,71.37782921,74.56801107,662,657.5737475,-208.3991944,,-2907.222215,,,-9.98E+01,,-6.90E+01
268,3.591630936,0.011007071,90.85069422,74.6179117,630,652.058998,-266.9231195,,416.2502481,,,5.14E+02,,4.47E+02
269,3.603642941,0.012012005,83.25004962,74.64668516,635,648.6471984,-270.3449927,,3830.794877,,,7.26E+02,,1.17E+03
270,3.615650892,0.012007952,83.27814951,74.67535115,681,655.1177587,-108.5047362,,-749.562876,,,2.21E+02,,5.66E+02
271,3.62765789,0.012006998,83.284764,74.703847,672,658.494207,-30.56244967,,-1383.75132,,,-3.58E+02,,-1.07E+03
272,3.640666008,0.013008118,76.87507331,74.7116048,654,657.5953656,-38.26965933,,-1076.270753,,,-6.59E+02,,-5.69E+02
273,3.653673887,0.013007879,76.87648234,74.71931224,640,654.0762925,-84.72251989,,752.0717231,,,-2.50E+00,,-3.39E+02
274,3.665640831,0.011966944,83.56352479,74.74818528,649,653.061034,-84.74573154,,-691.8756598,,,3.27E+02,,9.01E+02
275,3.678648949,0.013008118,76.87507331,74.75570619,640,650.4488272,-107.959303,,2641.339279,,,6.01E+02,,4.19E+02
276,3.692656994,0.014008045,71.38754808,74.74292913,677,655.7590617,-10.55051731,,-691.8883411,,,3.73E+02,,4.83E+02
277,3.705664873,0.013007879,76.87648234,74.75041848,668,658.2072494,29.20119712,,-499.708584,,,3.06E+02,,2.18E+02
278,3.717671871,0.012006998,83.284764,74.77798193,662,658.9657995,35.99609127,,1844.866505,,,2.02E+02,,2.18E+02
279,3.730680943,0.013009071,76.86943772,74.78527494,686,664.3726396,111.9210246,,-691.8883411,,,1.24E+02,,1.70E+02
280,3.743688822,0.013007879,76.87648234,74.79254108,677,666.8981117,128.3667016,,-642.5316766,,,-2.70E+02,,-1.65E+01
281,3.757695913,0.014007092,71.39240851,74.77986683,668,667.1184894,105.8400197,,1284.88839,,,-3.81E+02,,-9.65E+02
282,3.771704912,0.014008999,71.38268831,74.76724891,686,670.8947915,138.5845354,,-3536.318188,,,-4.38E+02,,-1.61E+02
283,3.784712791,0.013007879,76.87648234,74.77449825,640,664.7158332,15.86431263,,1767.997068,,,3.75E+02,,-1.90E+02
284,3.797721863,0.013009071,76.86943772,74.78167445,663,664.3726665,7.41564482,,1199.286313,,,5.62E+02,,1.48E+03
285,3.812730789,0.015008926,66.62701741,74.74957341,681,667.6981332,50.24570127,,1460.733485,,,8.16E+02,,4.00E+02
286,3.825737953,0.013007164,76.88070973,74.75681908,700,674.1585066,139.5321787,,-1460.653164,,,4.94E+02,,5.71E+02
287,3.838745832,0.013007879,76.87648234,74.76400171,681,675.5268053,132.6637409,,1713.301154,,,1.02E+03,,5.13E+02
288,3.852753878,0.014008045,71.38754808,74.75172543,705,681.4214442,190.2917569,,1284.88839,,,1.22E+03,,1.97E+03
289,3.866762877,0.014008999,71.38268831,74.73951965,723,689.7371554,270.9529691,,2921.252786,,,9.89E+02,,1.19E+03
290,3.879770994,0.013008118,76.87507331,74.74667975,761,703.9897243,435.8958314,,-642.4441948,,,-1.70E+02,,-1.95E+02
291,3.893779993,0.014008999,71.38268831,74.73457682,752,713.5917794,485.800767,,-2864.961749,,,-1.12E+03,,-1.50E+03
292,3.908788919,0.015008926,66.62701741,74.7034455,709,712.6734236,376.4031509,,-999.136581,,,-1.30E+03,,-1.68E+03
293,3.922801018,0.014012098,71.36689864,74.69152748,695,709.1387388,250.6706236,,-1166.287757,,,-8.92E+02,,-7.22E+02
294,3.934804916,0.012003899,83.30626837,74.71780844,681,703.5109911,106.7711657,,0,,,-7.41E+01,,-2.78E+02
295,3.948812962,0.014008045,71.38754808,74.70599465,681,699.0087929,21.13675425,,333.1139208,,,4.92E+02,,7.77E+02
296,3.963822842,0.01500988,66.62278417,74.67538581,686,696.4070343,-17.75787655,,1998.851346,,,6.00E+02,,9.77E+02
297,3.977830887,0.014008045,71.38754808,74.6638076,714,699.9256274,36.03044619,,599.5955335,,,9.47E+01,,4.61E+01
298,3.992841005,0.015010118,66.62172594,74.63357534,723,704.5405019,90.31453798,,-2460.227807,,,2.93E+02,,-7.39E+02
299,4.005847931,0.013006926,76.88211896,74.64087633,691,701.8324016,30.61073113,,-356.9377404,,,1.40E+03,,1.57E+03
300,4.019855976,0.014008045,71.38754808,74.62953941,686,698.6659212,-20.72086818,,9378.930846,,,3.33E+03,,3.37E+03
301,4.032863855,0.013007879,76.87648234,74.63678686,808,720.532737,319.6320804,,1076.251026,,,3.92E+03,,5.05E+03
302,4.045871973,0.013008118,76.87507331,74.6439833,822,740.8261896,567.7177956,,4689.121639,,,4.07E+03,,3.33E+03
303,4.058880806,0.013008833,76.87084654,74.65112047,883,769.2609517,891.335083,,4228.439035,,,3.02E+03,,3.82E+03
304,4.07188797,0.013007164,76.88070973,74.65824262,938,803.0087613,1231.979178,,2536.923917,,,2.26E+03,,1.90E+03
305,4.084895849,0.013007879,76.87648234,74.66530635,971,836.6070091,1502.166362,,-1076.251026,,,1.15E+03,,1.08E+03
306,4.097903967,0.013008118,76.87507331,74.67232089,957,860.6856073,1571.94189,,1768.159094,,,7.48E+02,,4.69E+02
307,4.110911846,0.013007879,76.87648234,74.67929537,980,884.5484858,1624.452344,,713.8754808,,,2.21E+02,,6.99E+02
308,4.124919891,0.014008045,71.38754808,74.66811674,990,905.6387886,1600.678877,,-384.3753666,,,-2.49E+02,,-5.05E+02
309,4.137928009,0.013008118,76.87507331,74.6750546,985,921.5110309,1524.579059,,-1845.035576,,,-2.98E+02,,-9.42E+02
310,4.150935888,0.013007879,76.87648234,74.68195326,961,929.4088247,1341.094169,,34404.11368,,,3.13E+04,,3.26E+04
311,4.164945841,0.014009953,71.37782921,74.67083892,1443,1032.12706,2539.236263,,12065.31704,,,1.21E+04,,1.21E+04
312,4.178952932,0.014007092,71.39240851,74.65985022,1612,1148.101648,3687.330043,,-10421.87249,,,-6.46E+03,,-8.10E+03
313,4.192961931,0.014008999,71.38268831,74.64890098,1466,1211.681318,3857.561594,,-2798.334731,,,-2.38E+03,,-2.76E+03
314,4.207970858,0.015008926,66.62701741,74.62028864,1424,1254.145055,3651.895696,,5074.219852,,,3.46E+03,,4.84E+03
315,4.220977783,0.013006926,76.88211896,74.62725846,1490,1301.316044,3646.837675,,11706.76088,,,5.56E+03,,7.16E+03
316,4.234986782,0.014008999,71.38268831,74.61652568,1654,1371.852835,3924.491297,,4689.379472,,,4.62E+03,,4.68E+03
317,4.2479949,0.013008118,76.87507331,74.62344176,1715,1440.482268,4194.771577,,-2355.468364,,,4.80E+03,,2.02E+03
318,4.262004852,0.014009953,71.37782921,74.61277287,1682,1488.785814,4045.377718,,11532.10646,,,4.63E+03,,7.71E+03
319,4.275012016,0.013007164,76.88070973,74.6196733,1832,1557.428651,4291.764182,,-5354.157235,,,-5.32E+03,,-5.31E+03
320,4.289019823,0.014007807,71.38876313,74.60912124,1757,1597.342921,4003.297415,,-21129.27574,,,-1.64E+04,,-1.85E+04
321,4.303028822,0.014008999,71.38268831,74.59861723,1461,1570.074337,2813.336962,,3069.664568,,,2.49E+03,,2.77E+03
322,4.317036867,0.014008045,71.38754808,74.58819786,1504,1556.85947,2061.994173,,16407.09851,,,1.11E+04,,1.35E+04
323,4.329043865,0.012006998,83.284764,74.61231858,1701,1585.687576,2129.783741,,-5496.794424,,,-4.82E+03,,-5.17E+03
324,4.341050863,0.012006998,83.284764,74.63630586,1635,1595.550061,1868.105938,,-17774.28939,,,-1.06E+04,,-1.40E+04
325,4.355059862,0.014008999,71.38268831,74.62583989,1386,1553.640048,896.1548839,,-691.8756598,,,-1.83E+02,,-4.18E+02
326,4.36806798,0.013008118,76.87507331,74.63253812,1377,1518.312039,173.7552403,,45741.50699,,,4.33E+04,,4.43E+04
327,4.381075859,0.013007879,76.87648234,74.63920063,1972,1609.049631,1534.121574,,10660.32279,,,1.14E+04,,1.11E+04
328,4.396084785,0.015008926,66.62701741,74.61184577,2132,1713.639705,2621.002193,,-624.6078242,,,5.25E+03,,3.31E+03
329,4.412094831,0.016010046,62.46078242,74.56775354,2122,1795.311764,3117.061896,,1845.00176,,,2.89E+03,,2.10E+03
330,4.425102949,0.013008118,76.87507331,74.57453618,2146,1865.449411,3572.016871,,5080.370604,,,2.01E+03,,3.25E+03
331,4.437109947,0.012006998,83.284764,74.59810641,2207,1933.759529,3995.451905,,-16605.32019,,,-1.52E+04,,-1.59E+04
332,4.450117826,0.013007879,76.87648234,74.6047662,1991,1945.207623,3372.379367,,-22653.45581,,,-1.80E+04,,-2.00E+04
333,4.462124825,0.012006998,83.284764,74.62812294,1719,1899.966098,1944.317553,,-3497.612834,,,-4.28E+03,,-3.80E+03
334,4.474133015,0.01200819,83.27649605,74.65133444,1677,1855.372879,812.7406259,,8352.485286,,,8.64E+02,,2.85E+03
335,4.488140821,0.014007807,71.38876313,74.64115172,1794,1843.098303,474.9391445,,-285.5501923,,,2.49E+03,,3.53E+03
336,4.502148867,0.014008045,71.38754808,74.63102842,1790,1832.478642,228.3290092,,2536.691445,,,1.89E+03,,1.08E+03
337,4.515157938,0.013009071,76.86943772,74.63747772,1823,1830.582914,153.5184908,,999.4256731,,,1.00E+03,,1.04E+03
338,4.529165983,0.014008045,71.38754808,74.62742616,1837,1831.866331,141.1387943,,-416.42382,,,8.29E+02,,8.91E+02
339,4.541172981,0.012006998,83.284764,74.65031643,1832,1831.893065,113.3563386,,2089.611229,,,5.02E+02,,5.58E+02
340,4.552179813,0.011006832,90.85266213,74.68949249,1855,1836.514452,174.6581335,,0,,,1.46E+02,,5.80E+01
341,4.564188004,0.01200819,83.27649605,74.71208455,1855,1840.211562,201.3029736,,-1915.739773,,,-1.31E+02,,-1.77E+02
342,4.57619381,0.012005806,83.2930336,74.73459697,1832,1838.569249,133.683744,,1383.548453,,,-2.80E+01,,-2.73E+02
343,4.589203835,0.013010025,76.86380296,74.7406331,1850,1840.855399,142.0914342,,-285.569634,,,8.27E+01,,3.66E+02
344,4.603210926,0.014007092,71.39240851,74.7304448,1846,1841.88432,128.3645645,,0,,,4.53E+02,,1.55E+02
345,4.615217924,0.012006998,83.284764,74.7526998,1846,1842.707456,116.4025907,,749.4438246,,,3.72E+02,,8.39E+02
346,4.62722683,0.012008905,83.27153606,74.77480849,1855,1845.165964,134.0668347,,1767.997068,,,6.02E+02,,1.22E+02
347,4.640235901,0.013009071,76.86943772,74.78068086,1878,1851.732772,208.2108217,,-2152.85718,,,3.22E+02,,8.46E+02
348,4.653241873,0.013005972,76.88775641,74.7865702,1850,1851.386217,161.2395006,,2921.520521,,,3.34E+02,,-1.03E-02
349,4.666248798,0.013006926,76.88211896,74.79241144,1888,1858.708974,241.5894084,,-768.6943772,,,5.24E+01,,1.55E+02
350,4.67925787,0.013009071,76.86943772,74.7981859,1878,1862.567179,252.5871402,,-1686.441125,,,9.87E+01,,1.70E+00
351,4.695267916,0.016010046,62.46078242,74.7561175,1851,1860.253743,173.16991,,2460.227807,,,5.03E+02,,1.39E+02
352,4.708274841,0.013006926,76.88211896,74.76199072,1883,1864.802995,208.4871447,,-356.9134416,,,6.13E+02,,1.37E+03
353,4.72228384,0.014008999,71.38268831,74.75196577,1878,1867.442396,204.4712247,,1998.851346,,,7.89E+02,,3.33E+02
354,4.736291885,0.014008045,71.38754808,74.74201518,1906,1875.153917,273.6782931,,-642.4441948,,,4.44E+02,,6.66E+02
355,4.750300884,0.014008999,71.38268831,74.73210827,1897,1879.523133,281.3199211,,642.4879327,,,2.42E+02,,3.33E+02
356,4.764308929,0.014008045,71.38754808,74.72227458,1906,1884.818507,300.6606809,,999.4256731,,,-2.72E+02,,-2.73E+02
357,4.778316975,0.014008045,71.38754808,74.71249854,1920,1891.854805,340.9893668,,-2459.867089,,,-7.49E+02,,-8.75E+02
358,4.791325808,0.013008833,76.87084654,74.71835863,1888,1891.083844,260.9386077,,-1165.986696,,,-4.17E+02,,-1.10E+03
359,4.803332806,0.012006998,83.284764,74.73977226,1874,1887.667075,151.8379288,,333.139056,,,9.12E+01,,7.22E+02
360,4.815339804,0.012006998,83.284764,74.76107911,1878,1885.73366,89.26553939,,2998.277019,,,7.47E+02,,6.49E+02
361,4.829347849,0.014008045,71.38754808,74.75129382,1920,1892.586928,169.2600304,,-1383.649879,,,4.98E+02,,8.71E+02
362,4.84235692,0.013009071,76.86943772,74.75698425,1902,1894.469543,164.3511257,,999.2896089,,,4.67E+02,,-2.56E+01
363,4.856366873,0.014009953,71.37782921,74.74723585,1916,1898.775634,192.952793,,307.5510256,,,5.52E+02,,5.55E+02
364,4.869372845,0.013005972,76.88775641,74.75295312,1920,1903.020507,219.6379895,,356.9377404,,,7.90E+02,,1.13E+03
365,4.88338089,0.014008045,71.38754808,74.74329941,1925,1907.416406,238.4728754,,2712.542156,,,6.05E+02,,6.90E+02
366,4.897389889,0.014008999,71.38268831,74.73368637,1963,1918.533125,349.4865555,,-999.4256731,,,-1.82E+02,,-2.27E-02
367,4.911397934,0.014008045,71.38754808,74.72414268,1949,1924.6265,366.5874656,,-1713.18452,,,-3.62E+02,,-1.24E+03
368,4.925406933,0.014008999,71.38268831,74.71463881,1925,1924.7012,294.3364306,,-999.3576364,,,-3.69E+02,,1.51E+02
369,4.939415932,0.014008999,71.38268831,74.70518885,1911,1921.96096,196.3480056,,3164.569681,,,-1.86E+02,,-2.15E+01
370,4.951423883,0.012007952,83.27814951,74.72597958,1949,1927.368768,247.1488537,,-2229.58145,,,-4.16E+02,,-6.88E+02
371,4.964430809,0.013006926,76.88211896,74.73162871,1920,1925.895014,175.0580235,,-2998.277019,,,-3.40E+02,,-5.38E+02
372,4.978438854,0.014008045,71.38754808,74.72221933,1878,1916.316011,3.282113395,,3613.128446,,,6.83E+01,,2.05E+02
373,4.991446972,0.013008118,76.87507331,74.72782985,1925,1918.052809,29.32898104,,0,,,5.91E+02,,5.38E+02
374,5.004454851,0.013007879,76.87648234,74.73341475,1925,1919.442247,44.82620865,,-1998.579218,,,8.66E+02,,1.03E+03
375,5.018464804,0.014009953,71.37782921,74.72404703,1897,1914.953798,-28.21418891,,5088.520635,,,1.49E+03,,1.03E+03
376,5.029469967,0.011005163,90.86643991,74.75936878,1953,1922.563038,115.7135665,,0,,,7.27E+02,,2.42E+03
377,5.041476965,0.012006998,83.284764,74.77967322,1953,1928.650431,193.9682602,,2180.463891,,,-1.24E+02,,-1.27E+03
378,5.052483797,0.011006832,90.85266213,74.81468822,1977,1938.320344,330.8820918,,-5996.145818,,,-1.34E+03,,-1.52E+03
379,5.063490868,0.011007071,90.85069422,74.84954746,1911,1932.856276,165.4227829,,-749.5033456,,,-9.37E+02,,-1.22E+03
380,5.075498819,0.012007952,83.27814951,74.8694884,1902,1926.68502,29.55208498,,3081.536268,,,-4.06E+02,,-6.83E+01
381,5.087505817,0.012006998,83.284764,74.88934926,1939,1929.148016,64.6676745,,-2537.063421,,,-7.20E+02,,7.04E+01
382,5.100512981,0.013007164,76.88070973,74.89442756,1906,1924.518413,-19.45129753,,-333.139056,,,-8.30E+02,,-2.16E+03
383,5.112519979,0.012006998,83.284764,74.91413267,1902,1920.01473,-90.57866688,,-3612.929788,,,-1.50E+03,,-3.99E+02
384,5.125528812,0.013008833,76.87084654,74.9190989,1855,1907.011784,-272.3724283,,2748.397212,,,-2.09E+03,,-1.95E+03
385,5.13753581,0.012006998,83.284764,74.9386504,1888,1903.209428,-281.2336217,,-4996.788182,,,-3.31E+03,,-3.93E+03
386,5.151544809,0.014008999,71.38268831,74.92898039,1818,1886.167542,-468.2860176,,35062.88565,,,3.31E+04,,3.39E+04
387,5.163551807,0.012006998,83.284764,74.9484104,2239,1956.734034,800.7939058,,-21820.60817,,,-2.01E+04,,-2.08E+04
388,5.175558805,0.012006998,83.284764,74.96775026,1977,1960.787227,708.1489738,,39276.14925,,,3.75E+04,,3.82E+04
389,5.190478802,0.014919996,67.02414548,74.94491642,2563,2081.229782,2181.03104,,-416.42382,,,8.04E+02,,3.09E+02
390,5.2024858,0.012006998,83.284764,74.96416425,2558,2176.583825,3333.132637,,-1383.75132,,,-9.00E+02,,-1.80E+03
391,5.215493917,0.013008118,76.87507331,74.9689303,2540,2249.26706,3784.011913,,-3613.19467,,,-1.59E+03,,-1.20E+03
392,5.228501797,0.013007879,76.87648234,74.97367606,2493,2298.013648,3776.702772,,1383.75132,,,-8.47E+02,,-1.77E+03
393,5.241509914,0.013008118,76.87507331,74.97839486,2511,2340.610919,3676.295874,,-3081.291532,,,-6.05E+02,,4.34E+02
394,5.253517866,0.012007952,83.27814951,74.99736558,2474,2367.288735,3385.372534,,2998.277019,,,2.46E+02,,-4.80E+02
395,5.267525911,0.014008045,71.38754808,74.98776592,2516,2397.030988,3132.943331,,-1356.271078,,,6.46E+01,,7.85E+02
396,5.28153491,0.014008999,71.38268831,74.97820363,2497,2417.02479,2791.796938,,713.8754808,,,-5.22E+02,,-1.12E+02
397,5.295542955,0.014008045,71.38754808,74.96870545,2507,2435.019832,2490.361935,,307.4833862,,,-3.47E+03,,-2.24E+03
398,5.308551788,0.013008833,76.87084654,74.97336672,2511,2450.215866,2225.915941,,-10705.0348,,,-5.98E+03,,-8.06E+03
399,5.322563887,0.014012098,71.36689864,74.96387239,2361,2432.372693,1526.050367,,11920.22443,,,7.33E+03,,9.37E+03
400,5.335566998,0.013003111,76.90467372,74.96860225,2516,2449.098154,1478.093525,,-12706.11852,,,-1.28E+04,,-1.27E+04
401,5.349575996,0.014008999,71.38268831,74.95921177,2338,2426.878523,865.2554236,,-38810.38554,,,-3.74E+04,,-3.80E+04
402,5.363592863,0.014016867,71.34262047,74.94976041,1794,2300.302819,-1113.844153,,27533.14078,,,2.61E+04,,2.67E+04
403,5.378592968,0.015000105,66.66620043,74.92665877,2207,2281.642255,-1139.881098,,2641.159468,,,2.45E+03,,2.53E+03
404,5.392601967,0.014008999,71.38268831,74.91745218,2244,2274.113804,-1019.385093,,-32407.74049,,,-2.97E+04,,-3.08E+04
405,5.406610966,0.014008999,71.38268831,74.9082933,1790,2177.291043,-2197.801865,,8280.955577,,,6.05E+03,,6.93E+03
406,5.420619011,0.014008045,71.38754808,74.89919494,1906,2123.032835,-2532.913588,,-7329.059232,,,-4.46E+02,,-3.22E+03
407,5.432626009,0.012006998,83.284764,74.91772843,1818,2062.026268,-3042.514375,,2465.043014,,,-1.56E+03,,-1.62E+03
408,5.447635889,0.01500988,66.62278417,74.89487336,1855,2020.621014,-2985.718154,,0,,,-5.40E+02,,1.55E+02
409,5.461643934,0.014008045,71.38754808,74.88587775,1855,1987.496811,-2861.505648,,-1998.715273,,,6.78E+01,,-1.55E+02
410,5.475652933,0.014008999,71.38268831,74.87691514,1827,1955.397449,-2747.472272,,1532.4214,,,9.75E+02,,2.03E+02
411,5.49066186,0.015008926,66.62701741,74.85436374,1850,1934.317959,-2478.870525,,1076.349665,,,3.87E+03,,2.88E+03
412,5.503668785,0.013006926,76.88211896,74.85915597,1864,1920.254367,-2199.344168,,18757.51789,,,1.52E+04,,1.68E+04
413,5.516676903,0.013008118,76.87507331,74.86390943,2108,1957.803494,-1182.156963,,-12607.7431,,,-9.27E+03,,-1.07E+04
414,5.529684782,0.013007879,76.87648234,74.86864375,1944,1955.042795,-988.1721329,,2536.691445,,,-6.44E+02,,5.68E+02
415,5.542693853,0.013009071,76.86943772,74.87333975,1977,1959.434236,-723.0241866,,2640.754982,,,1.52E+03,,2.80E+03
416,5.556704998,0.014011145,71.37175626,74.86451056,2014,1970.347389,-422.6411732,,3229.522577,,,1.63E+03,,1.18E+03
417,5.569710016,0.013005018,76.89339469,74.86924791,2056,1987.477911,-74.66813723,,-2331.973392,,,4.05E+02,,9.14E+02
418,5.581717014,0.012006998,83.284764,74.88735078,2028,1995.582329,75.26039466,,1845.035576,,,9.69E+01,,-8.80E+02
419,5.594724894,0.013007879,76.87648234,74.89197556,2052,2006.865863,233.6959996,,-2152.502053,,,-3.67E+02,,2.56E+02
420,5.607733011,0.013008118,76.87507331,74.8965757,2024,2010.29269,239.6443209,,1076.270753,,,-5.89E+02,,-4.78E+02
421,5.620740891,0.013007879,76.87648234,74.90115773,2038,2015.834152,276.9170764,,-356.9377404,,,-1.59E+03,,-1.54E+03
422,5.634748936,0.014008045,71.38754808,74.89242286,2033,2019.267322,270.550772,,-5353.701624,,,-2.42E+03,,-2.75E+03
423,5.648757935,0.014008999,71.38268831,74.88371867,1958,2007.013858,41.50357182,,-2536.923917,,,-2.63E+03,,-2.96E+03
424,5.661765814,0.013007879,76.87648234,74.88829703,1925,1990.611086,-218.9946173,,-999.4256731,,,-1.90E+03,,-2.18E+03
425,5.675773859,0.014008045,71.38754808,74.87965704,1911,1974.688869,-402.5253031,,-2998.072909,,,-1.82E+03,,-5.47E+02
426,5.689782858,0.014008999,71.38268831,74.87104704,1869,1953.551095,-623.7944657,,2355.628714,,,-1.67E+03,,-2.73E+03
427,5.703791857,0.014008999,71.38268831,74.86247933,1902,1943.240876,-646.2298026,,-7534.447658,,,-2.69E+03,,-1.73E+03
428,5.716798782,0.013006926,76.88211896,74.86707444,1804,1915.392701,-945.1891859,,0,,,-2.24E+03,,-3.63E+03
429,5.728806973,0.01200819,83.27649605,74.88470148,1804,1893.114161,-1127.207101,,-3354.986351,,,-2.29E+03,,-1.35E+03
430,5.742815971,0.014008999,71.38268831,74.87615869,1757,1865.891329,-1290.413469,,-691.7742267,,,-1.68E+03,,-1.88E+03
431,5.755825996,0.013010025,76.86380296,74.88065141,1748,1842.313063,-1394.793809,,-1582.693359,,,-2.04E+03,,-1.81E+03
432,5.767830849,0.012004852,83.29965046,74.89817426,1729,1819.65045,-1493.392588,,-3165.072423,,,-2.20E+03,,-2.43E+03
433,5.779836893,0.012006044,83.29137955,74.91560887,1691,1793.92036,-1623.33301,,-2536.691445,,,-2.27E+03,,-2.36E+03
434,5.792845964,0.013009071,76.86943772,74.91999661,1658,1766.736288,-1716.591275,,-1383.878141,,,-1.95E+03,,-2.02E+03
435,5.80585289,0.013006926,76.88211896,74.92439237,1640,1741.389031,-1763.023195,,-2152.502053,,,-2.13E+03,,-1.46E+03
436,5.818861008,0.013008118,76.87507331,74.92875314,1612,1715.511224,-1808.290204,,-832.7814951,,,-2.32E+03,,-2.90E+03
437,5.830868959,0.012007952,83.27814951,74.94594769,1602,1692.80898,-1824.752352,,-5711.003847,,,-3.13E+03,,-2.61E+03
438,5.844877005,0.014008045,71.38754808,74.9374195,1522,1658.647184,-1947.547251,,-1284.997736,,,-3.35E+03,,-3.90E+03
439,5.858884811,0.014007807,71.38876313,74.92893514,1504,1627.717747,-1999.640648,,-4689.379472,,,-3.90E+03,,-3.55E+03
440,5.871892929,0.013008118,76.87507331,74.93324645,1443,1590.774198,-2167.720131,,-4689.465423,,,-3.77E+03,,-4.26E+03
441,5.884900808,0.013007879,76.87648234,74.93754175,1382,1549.019358,-2376.169142,,-3414.336338,,,-3.82E+03,,-3.49E+03
442,5.896908998,0.01200819,83.27649605,74.9545228,1341,1507.415486,-2593.860243,,-2355.628714,,,-3.90E+03,,-3.72E+03
443,5.910917997,0.014008999,71.38268831,74.94605748,1308,1467.532389,-2644.480735,,-5381.353764,,,-4.28E+03,,-4.48E+03
444,5.923925877,0.013007879,76.87648234,74.95029635,1238,1421.625911,-2821.410294,,-5711.392681,,,-4.56E+03,,-4.65E+03
445,5.937932968,0.014007092,71.39240851,74.94190359,1158,1368.900729,-3009.963786,,-2843.96071,,,-4.38E+03,,-4.54E+03
446,5.950942993,0.013010025,76.86380296,74.94610527,1121,1319.320583,-3170.15474,,-5074.591923,,,-3.43E+03,,-3.94E+03
447,5.963948965,0.013005972,76.88775641,74.95033955,1055,1266.456467,-3349.044457,,-3913.762195,,,-2.44E+03,,-1.80E+03
448,5.97595787,0.012008905,83.27153606,74.9670613,1008,1214.765173,-3540.118245,,3581.244852,,,-1.97E+03,,-1.57E+03
449,5.987964869,0.012006998,83.284764,74.98373986,1051,1182.012139,-3377.660348,,-4381.879179,,,-3.74E+03,,-2.55E+03
450,6.000972986,0.013008118,76.87507331,74.98783964,994,1144.409711,-3280.266156,,-6841.505342,,,-5.53E+03,,-7.10E+03
451,6.013981819,0.013008833,76.87084654,74.99191277,905,1096.527769,-3360.358011,,-10087.2675,,,-6.93E+03,,-6.95E+03
452,6.02498579,0.011003971,90.87628375,75.02092382,794,1036.022215,-3787.990383,,-3913.684495,,,-5.37E+03,,-6.75E+03
453,6.036994934,0.012009144,83.26988287,75.03733313,747,978.217772,-3993.066146,,-6245.861213,,,-2.51E+03,,-2.40E+03
454,6.049002886,0.012007952,83.27814951,75.05369208,672,916.9742176,-4214.502892,,5088.630877,,,-1.54E+03,,1.61E+03
455,6.060007811,0.011004925,90.86840851,75.08241148,728,879.1793741,-4058.47377,,-13298.41273,,,-7.87E+03,,-1.00E+04
456,6.073016882,0.013009071,76.86943772,75.08623949,555,814.3434993,-4243.558464,,-4269.982628,,,-8.15E+03,,-8.97E+03
457,6.084023952,0.011007071,90.85069422,75.11476016,508,753.0747994,-4508.107554,,-9328.63451,,,-6.39E+03,,-5.45E+03
458,6.096029997,0.012006044,83.29137955,75.1308639,396,681.6598395,-4796.136149,,-2748.397212,,,-4.39E+03,,-4.74E+03
459,6.108036995,0.012006998,83.284764,75.14689259,363,617.9278716,-4898.489301,,-2152.383703,,,-3.44E+03,,-2.97E+03
460,6.121045828,0.013008833,76.87084654,75.15055645,335,561.3422973,-4788.747641,,-3997.796906,,,-1.80E+03,,-2.60E+03
461,6.134052992,0.013007164,76.88070973,75.15422521,283,505.6738378,-4686.964247,,-1641.690072,,,1.33E+03,,1.63E+02
462,6.148062944,0.014009953,71.37782921,75.14561971,260,456.5390703,-4450.998007,,8163.365745,,,5.69E+03,,6.71E+03
463,6.160067797,0.012004852,83.29965046,75.16151044,358,436.8312562,-3889.12921,,-25555.00242,,,-2.21E+04,,-2.36E+04
464,6.174076796,0.014008999,71.38268831,75.15293628,0,349.465005,-4358.590944,,0,,,-2.01E+03,,-1.18E+03
465,6.189088821,0.015012026,66.61326134,75.13222276,0,279.572004,-4418.032904,,0,,,5.62E+02,,1.67E+02
466,6.202142,0.013053179,76.6096915,75.13533227,0,223.6576032,-4391.143322,,499.6688971,,,2.38E+03,,2.70E+03
467,6.214149952,0.012007952,83.27814951,75.1510671,6,180.1260825,-4237.959554,,7611.329777,,,3.41E+03,,4.27E+03
468,6.227156878,0.013006926,76.88211896,75.15468282,105,165.100866,-3621.40174,,4688.34831,,,1.21E+03,,3.27E+03
469,6.240167856,0.013010979,76.85816902,75.15823465,166,165.2806928,-2894.357161,,-8304.486626,,,-1.51E+03,,-4.49E+03
470,6.253172874,0.013005018,76.89339469,75.16184335,58,143.8245543,-2645.452795,,-4459.1629,,,-2.44E+03,,-3.32E+03
471,6.2661798,0.013006926,76.88211896,75.16541418,0,115.0596434,-2558.663695,,3447.974292,,,-6.05E+02,,5.09E+02
472,6.278940916,0.012761116,78.36305209,75.17191296,44,100.8477147,-2269.668978,,2536.923917,,,1.19E+03,,9.96E+02
473,6.291948795,0.013007879,76.87648234,75.17543696,77,96.07817178,-1889.068319,,-2997.817811,,,1.63E+03,,2.06E+03
474,6.305958986,0.014010191,71.37661454,75.16699697,35,83.86253743,-1685.63678,,6639.154971,,,2.29E+03,,1.83E+03
475,6.319966793,0.014007807,71.38876313,75.15862275,128,92.69002994,-1222.47267,,1845.00176,,,1.70E+03,,2.98E+03
476,6.332974911,0.013008118,76.87507331,75.16214839,152,104.552024,-795.5998039,,454.2534711,,,8.82E+02,,2.80E+02
477,6.343981981,0.011007071,90.85069422,75.18936867,157,115.0416192,-445.8824418,,-1460.653164,,,-6.62E+02,,-6.13E+02
478,6.356989861,0.013007879,76.87648234,75.19282089,138,119.6332953,-286.1075711,,-832.84764,,,-1.02E+03,,-1.65E+03
479,6.368996859,0.012006998,83.284764,75.20807603,128,121.3066363,-201.0132959,,-2665.112448,,,-1.19E+03,,-8.07E+02
480,6.381003857,0.012006998,83.284764,75.22327376,96,116.245309,-245.1169259,,1076.251026,,,7.97E+01,,-1.10E+03
481,6.394011974,0.013008118,76.87507331,75.22663422,110,114.9962472,-215.2978842,,-1713.330315,,,2.40E+03,,2.15E+03
482,6.408019781,0.014007807,71.38876313,75.21824471,86,109.1969978,-255.0385563,,7078.502164,,,5.43E+03,,6.16E+03
483,6.420027971,0.01200819,83.27649605,75.23331708,171,121.5575982,1.838653798,,11659.86696,,,4.51E+03,,7.98E+03
484,6.432034969,0.012006998,83.284764,75.24834711,311,159.4460786,632.577552,,-2331.788186,,,6.92E+02,,-6.03E+02
485,6.444042921,0.012007952,83.27814951,75.26331,283,184.1568629,917.6357193,,-3816.142455,,,-2.33E+03,,-3.02E+03
486,6.4550488,0.011005878,90.86053464,75.28990331,241,195.5254903,940.7004887,,-2921.252786,,,-2.91E+03,,-3.37E+03
487,6.468056917,0.013008118,76.87507331,75.2930913,203,197.0203922,775.5445302,,-3361.839782,,,-2.36E+03,,-2.34E+03
488,6.479062796,0.011005878,90.86053464,75.31953546,166,190.8163138,507.6944473,,-749.4289458,,,-4.08E+02,,-1.37E+03
489,6.491071939,0.012009144,83.26988287,75.33424441,157,184.053051,293.5203383,,0,,,2.15E+03,,2.49E+03
490,6.502076864,0.011004925,90.86840851,75.36053637,157,178.6424408,136.485563,,8225.029837,,,4.43E+03,,5.32E+03
491,6.515085936,0.013009071,76.86943772,75.36354928,264,195.7139527,371.6439536,,7723.145444,,,2.95E+03,,5.48E+03
492,6.526091814,0.011005878,90.86053464,75.38968406,349,226.3711621,854.4212514,,-4689.035701,,,6.13E+02,,-1.94E+03
493,6.539100885,0.013009071,76.86943772,75.39262792,288,238.6969297,873.0319657,,-3914.694839,,,-1.33E+02,,-1.70E+03
494,6.55110693,0.012006044,83.29137955,75.40710376,241,239.1575438,706.0986087,,3497.682279,,,2.43E+03,,3.24E+03
495,6.563114882,0.012007952,83.27814951,75.42150472,283,247.926035,710.923632,,9727.544542,,,4.06E+03,,5.74E+03
496,6.578123808,0.015008926,66.62701741,75.40143884,429,284.140828,1051.315634,,3997.430546,,,2.19E+03,,3.20E+03
497,6.592132807,0.014008999,71.38268831,75.39289856,485,324.3126624,1414.567214,,-14559.19756,,,-8.19E+03,,-1.11E+04
498,6.604084015,0.011951208,83.67354919,75.4078838,311,321.6501299,1087.097063,,-3228.575555,,,-4.60E+03,,-4.12E+03
499,6.617092848,0.013008833,76.87084654,75.4107599,269,311.1201039,707.787248,,1845.137034,,,8.89E+01,,5.38E+02
500,6.630100012,0.013007164,76.88070973,75.4136437,293,307.4960832,510.5063403,,2998.072909,,,2.26E+03,,3.85E+03
501,6.644109011,0.014008999,71.38268831,75.4051445,335,312.9968665,486.9372132,,6709.972702,,,2.22E+03,,2.39E+03
502,6.65811801,0.014008999,71.38268831,75.39668106,429,336.1974932,720.7743914,,-2536.923917,,,8.89E+02,,4.17E+02
503,6.671125889,0.013007879,76.87648234,75.39956649,396,348.1579946,760.5157674,,-2921.520521,,,1.12E+03,,-1.41E+02
504,6.684132814,0.013006926,76.88211896,75.40245145,358,350.1263957,638.6795832,,8686.246463,,,1.90E+03,,3.09E+03
505,6.697141886,0.013009071,76.86943772,75.40530104,471,374.3011165,882.6031066,,691.9390707,,,1.63E+03,,2.77E+03
506,6.710148811,0.013006926,76.88211896,75.4081637,480,395.4408932,1031.136651,,-1076.093241,,,-4.28E+01,,-9.74E+02
507,6.723158836,0.013010025,76.86380296,75.41098051,466,409.5527146,1041.846972,,-2537.295962,,,-1.72E+03,,-1.92E+03
508,6.736164808,0.013005972,76.88775641,75.41383183,433,414.2421717,905.5899442,,-2152.659872,,,-1.90E+03,,-2.25E+03
509,6.749171972,0.013007164,76.88070973,75.41665883,405,412.3937373,696.0501667,,-2068.707275,,,-1.65E+03,,-1.54E+03
510,6.762706995,0.013535023,73.88240268,75.41358814,377,405.3149899,452.2411592,,-384.4105948,,,-6.90E+02,,-1.15E+03
511,6.775713921,0.013006926,76.88211896,75.41640718,372,398.6519919,259.3398468,,-998.9326166,,,6.80E+02,,6.16E+02
512,6.78972888,0.014014959,71.35232976,75.40801835,358,390.5215935,91.44730421,,3230.292441,,,1.74E+03,,2.58E+03
513,6.802730799,0.013001919,76.9117248,75.41089236,400,392.4172748,102.317867,,5496.794424,,,1.58E+03,,2.03E+03
514,6.814737797,0.012006998,83.284764,75.42476546,466,407.1338198,326.9870897,,-2641.159468,,,4.37E+01,,1.47E+02
515,6.828746796,0.014008999,71.38268831,75.41647324,429,411.5070559,324.0243407,,-2415.258156,,,-1.34E+03,,-2.04E+03
516,6.840753794,0.012006998,83.284764,75.43028379,400,409.2056447,220.8849752,,-1076.172128,,,-1.78E+03,,-2.11E+03
517,6.853762865,0.013009071,76.86943772,75.43301544,386,404.5645158,105.3557857,,-2844.846987,,,-1.43E+03,,-1.20E+03
518,6.866768837,0.013005972,76.88775641,75.43577078,349,393.4516126,-86.60460953,,333.1086297,,,-5.77E+02,,-9.76E+02
519,6.881778955,0.015010118,66.62172594,75.41654612,354,385.5612901,-174.4170685,,-416.42382,,,1.90E+02,,4.40E+02
520,6.893785954,0.012006998,83.284764,75.4302503,349,378.2490321,-261.3335915,,1403.147742,,,2.14E+02,,1.11E+03
521,6.907326937,0.013540983,73.84988115,75.42715218,368,376.1992257,-239.3424652,,2331.788186,,,-2.96E+02,,-9.05E+02
522,6.919334888,0.012007952,83.27814951,75.44077696,396,380.1593805,-125.5150983,,-6450.958213,,,-9.54E+02,,-1.09E+03
523,6.930341005,0.011006117,90.85856638,75.46526204,325,369.1275044,-300.8801681,,850.7025799,,,-6.14E+02,,-8.68E+02
524,6.942095995,0.01175499,85.07025799,75.4815261,335,362.3020035,-356.8335587,,2997.460745,,,-3.92E+02,,1.16E+02
525,6.956107855,0.01401186,71.36811298,75.47324035,377,365.2416028,-243.5081161,,-3498.793779,,,-2.71E+02,,-4.23E+02
526,6.968111992,0.012004137,83.3046138,75.48673164,335,359.1932823,-295.5770947,,-768.7648234,,,3.32E+02,,-5.06E+02
527,6.981119871,0.013007879,76.87648234,75.48932116,325,352.3546258,-341.6080461,,2748.397212,,,1.08E+03,,1.93E+03
528,6.993126869,0.012006998,83.284764,75.50270571,358,353.4837006,-254.4794906,,3797.739992,,,1.70E+03,,1.83E+03
529,7.008135796,0.015008926,66.62701741,75.48369715,415,365.7869605,-39.63769057,,-1070.649218,,,1.09E+03,,1.36E+03
530,7.022145987,0.014010191,71.37661454,75.47550293,400,372.6295684,65.97028479,,1356.386499,,,8.95E+02,,9.52E+01
531,7.036153793,0.014007807,71.38876313,75.46736692,419,381.9036547,185.1893381,,0,,,4.07E+02,,1.23E+03
532,7.049161911,0.013008118,76.87507331,75.46996462,419,389.3229238,262.222841,,2332.158627,,,2.95E+02,,-1.03E+02
533,7.061167955,0.012006044,83.29137955,75.4832633,447,400.858339,401.9384026,,-2640.979681,,,-1.21E+02,,-2.42E+02
534,7.075177908,0.014009953,71.37782921,75.4751339,410,402.6866712,347.6511987,,-416.4568977,,,-1.32E+01,,-1.98E+01
535,7.087183952,0.012006044,83.29137955,75.48837502,405,403.149337,285.8281728,,2998.13785,,,3.84E+02,,2.22E+02
536,7.098190784,0.011006832,90.85266213,75.5121997,438,410.1194696,355.3135587,,-1915.549572,,,5.25E+02,,9.50E+02
537,7.110197783,0.012006998,83.284764,75.52532523,415,411.0955757,300.5097999,,1767.187382,,,7.19E+02,,4.03E+02
538,7.123212814,0.013015032,76.834234,75.52771678,438,416.4764605,323.0950734,,1356.940796,,,1.57E+02,,8.03E+02
539,7.137214899,0.014002085,71.41793662,75.51965404,457,424.5811684,374.2403616,,-713.8754808,,,1.83E+02,,-7.34E+02
540,7.151222944,0.014008045,71.38754808,75.51155994,447,429.0649347,363.409306,,-2844.429847,,,1.97E+02,,4.79E+02
541,7.164230824,0.013007879,76.87648234,75.51403819,410,425.2519478,232.10164,,4996.788182,,,1.19E+03,,8.46E+02
542,7.178239822,0.014008999,71.38268831,75.50597548,480,436.2015582,342.0038379,,384.3753666,,,9.55E+02,,2.25E+03
543,7.19124794,0.013008118,76.87507331,75.50845201,485,445.9612466,423.6584218,,1356.271078,,,5.99E+02,,-2.25E+02
544,7.205256939,0.014008999,71.38268831,75.5004304,504,457.5689973,504.6452273,,-2415.450007,,,-1.71E+02,,-2.25E+02
545,7.217262983,0.012006044,83.29137955,75.51339078,475,461.0551978,461.7902724,,384.3824117,,,3.49E+02,,-6.20E+01
546,7.230270863,0.013007879,76.87648234,75.5158431,480,464.8441583,427.6886079,,1845.00176,,,8.25E+02,,1.33E+03
547,7.24327898,0.013008118,76.87507331,75.51828412,504,472.6753266,462.5552145,,1768.029471,,,1.09E+03,,1.20E+03
548,7.256287813,0.013008833,76.87084654,75.52070895,527,483.5402613,537.0835169,,0,,,1.13E+03,,7.41E+02
549,7.267292976,0.011005163,90.86643991,75.54394763,527,492.232209,587.628083,,454.2633107,,,1.59E+03,,1.46E+03
550,7.278299809,0.011006832,90.85266213,75.5670987,532,500.1857672,614.6228535,,3913.995314,,,2.08E+03,,2.58E+03
551,7.290307999,0.01200819,83.27649605,75.57979719,579,515.9486138,754.2332086,,3361.839782,,,2.17E+03,,2.19E+03
552,7.301313877,0.011005878,90.86053464,75.60283112,616,535.958891,967.0154646,,-691.8249395,,,1.76E+03,,1.74E+03
553,7.314322948,0.013009071,76.86943772,75.60508387,607,550.1671128,992.0479758,,2551.23278,,,1.55E+03,,1.34E+03
554,7.327257872,0.012934923,77.31008423,75.60809374,640,568.1336903,1071.437904,,2152.344256,,,1.21E+03,,1.57E+03
555,7.340266943,0.013009071,76.86943772,75.6103292,668,588.1069522,1164.217006,,0,,,7.62E+02,,7.17E+02
556,7.351272821,0.011005878,90.86053464,75.63316088,668,604.0855618,1221.738606,,0,,,2.73E+02,,0.00E+00
557,7.363281012,0.01200819,83.27649605,75.64562579,668,616.8684494,1190.293704,,0,,,2.86E+01,,1.02E+02
558,7.377288818,0.014007807,71.38876313,75.63754297,668,627.0947595,1098.243689,,307.3819827,,,-8.00E+01,,-1.66E+01
559,7.390301943,0.013013124,76.84549569,75.63966998,672,636.0758076,1016.62557,,-357.0410474,,,-4.41E+01,,-3.26E+02
560,7.404305935,0.014003992,71.40820948,75.63166689,667,642.2606461,901.6301041,,-928.0381251,,,-4.85E+01,,2.10E+02
561,7.41831398,0.014008045,71.38754808,75.62365269,654,644.6085169,754.8258309,,1915.397439,,,2.00E+02,,-2.97E+01
562,7.430321932,0.012007952,83.27814951,75.63602293,677,651.0868135,711.7607757,,-1076.349665,,,-3.45E+02,,4.18E+02
563,7.443328857,0.013006926,76.88211896,75.63820043,663,653.4694508,606.0450614,,416.3907475,,,-6.44E+02,,-1.42E+03
564,7.455336809,0.012007952,83.27814951,75.65050573,668,656.3755606,533.2391391,,-3613.128446,,,-1.19E+03,,-9.27E+02
565,7.468344927,0.013008118,76.87507331,75.65263864,621,649.3004485,317.8113585,,416.42382,,,-4.17E+02,,-1.20E+03
566,7.480351925,0.012006998,83.284764,75.66488926,626,644.6403588,176.6261926,,-416.42382,,,-1.54E+02,,8.80E+02
567,7.492358923,0.012006998,83.284764,75.67710061,621,639.912287,62.54568591,,2640.62018,,,4.19E+01,,-1.39E+02
568,7.506370783,0.01401186,71.36811298,75.66905718,658,643.5298296,101.6719864,,-2641.519115,,,-7.50E+02,,-6.15E+02
569,7.520377874,0.014007092,71.39240851,75.6610917,621,639.0238637,16.99923706,,-1845.306154,,,-5.11E+02,,-1.50E+03
570,7.533383846,0.013005972,76.88775641,75.66320947,597,630.619091,-115.6454342,,0,,,9.23E+01,,5.79E+02
571,7.546392918,0.013009071,76.86943772,75.66528886,597,623.8952728,-195.8875722,,3581.529321,,,8.26E+02,,1.19E+03
572,7.558398962,0.012006044,83.29137955,75.67740243,640,627.1162182,-103.0546598,,0,,,5.14E+02,,7.07E+02
573,7.570407867,0.012008905,83.27153606,75.68944897,640,629.6929746,-39.52963588,,-1460.867372,,,2.81E+01,,-3.59E+02
574,7.583413839,0.013005972,76.88775641,75.69150414,621,627.9543797,-58.35904117,,384.3471886,,,-1.33E+02,,-2.64E+02
575,7.596422911,0.013009071,76.86943772,75.69352138,626,627.5635037,-52.69651556,,285.5113168,,,-1.95E+02,,2.23E+02
576,7.610432863,0.014009953,71.37782921,75.68557667,630,628.050803,-35.20073986,,0,,,-2.83E+02,,-5.43E+02
577,7.624440908,0.014008045,71.38754808,75.6776801,630,628.4406424,-22.59465606,,-1915.70173,,,-4.87E+02,,-5.28E+02
578,7.636446953,0.012006044,83.29137955,75.68965038,607,624.1525139,-89.50855216,,333.0861443,,,5.97E+01,,-3.89E+02
579,7.648455858,0.012008905,83.27153606,75.70155476,611,621.5220111,-115.4160432,,416.4899807,,,4.22E+02,,1.10E+03
580,7.660460949,0.012005091,83.29799615,75.71345952,616,620.4176089,-110.731733,,2536.737936,,,9.05E+02,,5.60E+02
581,7.673469782,0.013008833,76.87084654,75.71542164,649,626.1340871,-0.699282407,,-1271.909719,,,7.94E+02,,1.06E+03
582,7.684476852,0.011007071,90.85069422,75.73710106,635,627.9072697,31.65954767,,1914.903172,,,4.22E+02,,7.62E+02
583,7.696487904,0.012011051,83.25665965,75.748836,658,633.9258158,125.5444463,,1641.801831,,,-2.42E+01,,-5.56E+02
584,7.710496902,0.014008999,71.38268831,75.74090326,681,643.3406526,234.8468299,,-5225.094582,,,-5.10E+02,,-2.78E+02
585,7.722936869,0.012439966,80.38607049,75.74838561,616,637.8725221,99.96515883,,2749.052255,,,-1.39E+02,,-6.97E+02
586,7.734941006,0.012004137,83.3046138,75.7601124,649,640.0980177,117.0509371,,384.3542327,,,8.36E+01,,5.58E+02
587,7.747949839,0.013008833,76.87084654,75.76197733,654,642.8784141,136.3870357,,-1460.733485,,,7.03E+01,,3.91E+02
588,7.760957003,0.013007164,76.88070973,75.76385229,635,641.3027313,84.88170574,,2247.974433,,,1.51E+02,,-7.37E+02
589,7.772967815,0.012010813,83.25831233,75.77543275,662,645.442185,136.834151,,-2998.966097,,,-1.94E+02,,8.00E+02
590,7.784971952,0.012004137,83.3046138,75.78704247,626,641.553748,44.68237216,,3151.935776,,,8.63E+01,,-6.46E+02
591,7.797979832,0.013007879,76.87648234,75.78885978,667,646.6429984,113.9946313,,-2089.747027,,,-3.45E+02,,1.04E+02
592,7.808985949,0.011006117,90.85856638,75.81009928,644,646.1143987,81.59014312,,-749.562876,,,-6.26E+01,,-4.94E+02
593,7.820992947,0.012006998,83.284764,75.82157458,635,643.891519,28.24571144,,1356.271078,,,-1.09E+02,,2.02E+02
594,7.835001945,0.014008999,71.38268831,75.81363784,654,645.9132152,51.45939111,,0,,,-2.26E+02,,-3.48E+01
595,7.847279787,0.012277842,81.44754063,75.82245264,654,647.5305722,67.51346225,,-1460.626393,,,-5.33E+02,,-8.46E+02
596,7.860287905,0.013008118,76.87507331,75.82419464,635,645.0244577,15.47922367,,-1076.172128,,,-4.44E+02,,-7.17E+02
597,7.873296976,0.013009071,76.86943772,75.8259217,621,640.2195662,-61.48648334,,384.4105948,,,-2.25E+02,,2.31E+02
598,7.886303902,0.013006926,76.88211896,75.82766369,626,637.3756529,-92.91840182,,1383.776682,,,-4.84E+01,,-1.88E+02
599,7.899311781,0.013007879,76.87648234,75.82939079,644,638.7005224,-53.96446148,,-2331.927088,,,-2.00E+02,,-1.88E+02
600,7.911319017,0.012007236,83.28311028,75.84070351,616,634.1604179,-118.7943735,,384.3542327,,,1.23E+02,,-2.25E+02
601,7.92432785,0.013008833,76.87084654,75.84239463,621,631.5283343,-135.5015973,,1271.909719,,,5.66E+02,,7.83E+02
602,7.935334921,0.011007071,90.85069422,75.86321258,635,632.2226674,-95.78514832,,691.9390707,,,4.36E+02,,1.14E+03
603,7.948341846,0.013006926,76.88211896,75.86487995,644,634.578134,-40.40946735,,1460.626393,,,-6.37E+01,,-6.15E+02
604,7.961349964,0.013008118,76.87507331,75.86653052,663,640.2625072,55.06974755,,-3997.577082,,,-5.40E+02,,-7.18E+02
605,7.974357843,0.013007879,76.87648234,75.86817796,611,634.4100057,-45.92814657,,384.3753666,,,-2.27E+02,,-2.88E+02
606,7.987365961,0.013008118,76.87507331,75.86981778,616,630.7280046,-93.35333888,,2748.397212,,,2.90E+02,,3.25E+02
607,7.999372959,0.012006998,83.284764,75.88094756,649,634.3824037,-13.81151806,,-2158.991691,,,3.22E+02,,8.35E+02
608,8.012341976,0.012969017,77.10684609,75.88293183,621,631.7059229,-52.32421205,,1915.549572,,,4.24E+02,,-1.92E+02
609,8.024348974,0.012006998,83.284764,75.89400735,644,634.1647383,-0.90299736,,-333.112598,,,1.94E+02,,6.30E+02
610,8.036356926,0.012007952,83.27814951,75.90504076,640,635.3317907,18.7155938,,307.5284758,,,3.03E+02,,1.43E+02
611,8.049363852,0.013006926,76.88211896,75.90661961,644,637.0654325,41.62968705,,454.2534711,,,2.70E+02,,1.35E+02
612,8.060370922,0.011007071,90.85069422,75.92702692,649,639.452346,76.67429919,,-356.9377404,,,2.29E+02,,5.32E+02
613,8.074378967,0.014008045,71.38754808,75.91915149,644,640.3618768,74.325274,,1499.006691,,,3.41E+02,,1.98E+01
614,8.086386919,0.012007952,83.27814951,75.9300793,662,644.6895015,131.5395335,,-1082.701932,,,1.97E+02,,4.72E+02
615,8.098393917,0.012006998,83.284764,75.94098364,649,645.5516012,119.5915809,,999.3942704,,,4.84E+01,,1.00E+02
616,8.111401796,0.013007879,76.87648234,75.94248386,662,648.8412809,146.2530664,,384.3753666,,,7.33E+01,,-4.27E+02
617,8.124409914,0.013008118,76.87507331,75.94397704,667,652.4730247,172.8405675,,-2665.112448,,,-2.56E+01,,5.47E+02
618,8.136416912,0.012006998,83.284764,75.95480992,635,648.9784198,80.0629843,,3920.700599,,,-3.20E+01,,-1.96E+02
619,8.149424791,0.013007879,76.87648234,75.95628107,686,656.3827358,177.8939417,,-1845.00176,,,-6.23E+02,,-4.46E+02
620,8.162432909,0.013008118,76.87507331,75.95774531,662,657.5061887,159.5882571,,-3414.40413,,,-1.07E+03,,-1.23E+03
621,8.174440861,0.012007952,83.27814951,75.96849871,621,650.2049509,6.063892179,,1582.536211,,,-6.58E+02,,-1.53E+03
622,8.186446905,0.012006044,83.29137955,75.97923827,640,648.1639607,-29.14826393,,-2748.178934,,,1.92E+02,,7.77E+02
623,8.198454857,0.012007952,83.27814951,75.9899287,607,639.9311686,-160.4409502,,3497.682279,,,9.70E+02,,1.33E+03
624,8.210462809,0.012007952,83.27814951,76.00058785,649,641.7449349,-98.14334031,,3228.989809,,,3.97E+02,,8.07E+02
625,8.223469973,0.013007164,76.88070973,76.00197995,691,651.5959479,72.95590232,,-4305.083011,,,-9.15E+02,,-9.44E+02
626,8.236477852,0.013007879,76.87648234,76.00336106,635,648.2767583,7.331198018,,-1754.877724,,,-1.31E+03,,-2.61E+03
627,8.250154018,0.013676167,73.11990516,75.99858119,611,640.8214067,-103.1619629,,-1768.159094,,,-7.72E+02,,-3.89E+02
628,8.263161898,0.013007879,76.87648234,75.99996318,588,630.2571253,-244.9585278,,2355.789087,,,7.72E+02,,6.83E+02
629,8.277169943,0.014008045,71.38754808,75.99215726,621,628.4057003,-222.4005614,,1460.653164,,,1.32E+03,,2.02E+03
630,8.290177822,0.013007879,76.87648234,75.99354483,640,630.7245602,-142.26729,,2248.688628,,,6.67E+02,,1.26E+03
631,8.30218482,0.012006998,83.284764,76.00408973,667,637.9796482,7.03382572,,66.63125119,,,-6.82E+02,,-1.28E+03
632,8.317192793,0.015007973,66.63125119,75.98717689,668,643.9837185,85.63880473,,-6149.555018,,,-1.55E+03,,-2.03E+03
633,8.330201864,0.013009071,76.86943772,75.9885547,588,632.7869748,-103.6264348,,0,,,-5.08E+02,,-1.33E+03
634,8.342208862,0.012006998,83.284764,75.99905618,588,623.8295799,-232.104053,,2152.186483,,,7.08E+02,,1.84E+03
635,8.355218887,0.013010025,76.86380296,76.00040269,616,622.2636639,-209.7556938,,3355.4432,,,1.23E+03,,1.62E+03
636,8.369225979,0.014007092,71.39240851,75.99269056,663,630.4109311,-51.47394906,,-642.4988681,,,2.87E+02,,2.38E+02
637,8.383233786,0.014007807,71.38876313,75.98499771,654,635.1287449,26.1806188,,-1998.715273,,,-4.73E+02,,-9.99E+02
638,8.397242785,0.014008999,71.38268831,75.97731974,626,633.3029959,-5.120879004,,-356.9377404,,,-4.66E+02,,-6.57E+02
639,8.41125083,0.014008045,71.38754808,75.96967597,621,630.8423967,-39.22793169,,384.3471886,,,3.60E+01,,2.59E+02
640,8.424259901,0.013009071,76.86943772,75.97106541,626,629.8739174,-46.2716379,,749.6224159,,,2.05E+02,,5.06E+02
641,8.436265945,0.012006044,83.29137955,75.98148329,635,630.8991339,-19.93897061,,384.3471886,,,3.36E+02,,-1.50E+02
642,8.449275017,0.013009071,76.86943772,75.98285045,640,632.7193071,12.03196189,,-1582.567638,,,1.59E+02,,6.50E+02
643,8.461280823,0.012005806,83.2930336,75.99322295,621,630.3754457,-29.41989618,,3148.761563,,,2.94E+02,,-2.30E+01
644,8.474301815,0.013020992,76.79906251,75.99446114,662,636.7003566,73.61352796,,-1635.312496,,,3.43E+01,,2.55E+02
645,8.485308886,0.011007071,90.85069422,76.01373252,644,638.1602852,85.41792933,,-749.562876,,,3.47E+02,,-1.29E+02
646,8.497315884,0.012006998,83.284764,76.02400674,635,637.5282282,57.80619902,,1998.851346,,,6.51E+02,,9.16E+02
647,8.511323929,0.014008045,71.38754808,76.016376,663,642.6225826,118.9796526,,1499.006691,,,6.64E+02,,1.17E+03
648,8.523331881,0.012007952,83.27814951,76.02660662,681,650.298066,223.0237344,,0,,,2.02E+02,,-8.97E+01
649,8.536338806,0.013006926,76.88211896,76.02791018,681,656.4384528,272.836177,,-1767.997068,,,-3.94E+02,,-4.70E+02
650,8.549347878,0.013009071,76.86943772,76.02919068,658,656.7507623,223.0703517,,356.9377404,,,-3.75E+02,,-6.22E+02
651,8.563355923,0.014008045,71.38754808,76.02159783,663,658.0006098,196.3009917,,-454.2141171,,,-4.65E+02,,-3.24E+01
652,8.574363947,0.011008024,90.84282342,76.04062576,658,658.0004879,157.0385775,,0,,,-4.11E+02,,-7.41E+02
653,8.585369825,0.011005878,90.86053464,76.0596239,658,658.0003903,125.6290889,,-1768.126686,,,-3.24E+02,,-4.61E+02
654,8.598377943,0.013008118,76.87507331,76.06085756,635,653.4003122,29.77700358,,384.3824117,,,9.34E+01,,2.31E+02
655,8.611385822,0.013007879,76.87648234,76.0620896,640,650.7202498,-17.38515179,,2075.779163,,,2.95E+02,,5.11E+02
656,8.624392986,0.013007164,76.88070973,76.06332423,667,653.9761998,36.15582861,,-927.9749481,,,7.57E+01,,1.45E+02
657,8.638401985,0.014008999,71.38268831,76.05573359,654,653.9809599,28.99261971,,-713.8876313,,,-2.45E+02,,-4.28E+02
658,8.652409792,0.014007807,71.38876313,76.048178,644,651.9847679,-5.307039399,,356.9134416,,,-4.94E+02,,-4.52E+02
659,8.666418791,0.014008999,71.38268831,76.04063638,649,651.3878143,-12.76806175,,-999.3576364,,,-6.72E+02,,-6.03E+02
660,8.68042779,0.014008999,71.38268831,76.0331191,635,648.1102514,-57.00669904,,-1165.986696,,,-8.72E+02,,-9.60E+02
661,8.692434788,0.012006998,83.284764,76.04313592,621,642.6882012,-135.920195,,-713.6689864,,,-8.17E+02,,-1.05E+03
662,8.706446886,0.014012098,71.36689864,76.03561001,611,636.3505609,-199.1957016,,-1285.260244,,,-7.39E+02,,-4.36E+02
663,8.720451832,0.014004946,71.4033469,76.02817065,593,627.6804487,-283.1715669,,691.8756598,,,1.02E+00,,-7.25E+02
664,8.733459949,0.013008118,76.87507331,76.02943207,602,622.544359,-305.5047087,,-1582.284841,,,2.24E+01,,1.16E+03
665,8.745467901,0.012007952,83.27814951,76.03938491,583,614.6354872,-376.1310086,,4382.280781,,,1.03E+03,,-3.71E+02
666,8.758474827,0.013006926,76.88211896,76.04063643,640,619.7083898,-222.9017072,,-3914.383908,,,8.55E+02,,2.31E+03
667,8.770481825,0.012006998,83.284764,76.05055381,593,614.3667118,-267.2974433,,6456.559449,,,1.39E+03,,6.28E+02
668,8.78349185,0.013010025,76.86380296,76.05175839,677,626.8933694,-21.26864572,,-3920.916196,,,5.69E+02,,1.23E+03
669,8.796499014,0.013007164,76.88070973,76.05298414,626,626.7146956,-19.76223165,,1165.986696,,,3.64E+02,,-1.55E+02
670,8.808506012,0.012006998,83.284764,76.06284188,640,629.3717564,28.4487525,,2289.143296,,,1.01E+02,,1.34E+01
671,8.820300817,0.011794806,84.78308504,76.07450289,667,636.8974052,150.3685449,,-3414.946562,,,-2.27E+02,,4.45E+02
672,8.832306862,0.012006044,83.29137955,76.08431302,626,634.7179241,83.98843959,,2460.002346,,,-1.12E+02,,-1.14E+03
673,8.84531498,0.013008118,76.87507331,76.08547593,658,639.3743393,138.7832033,,-2460.047435,,,-3.79E+02,,3.59E+02
674,8.858322859,0.013007879,76.87648234,76.08663748,626,636.6994714,69.89967625,,1076.251026,,,2.66E+02,,-3.57E+02
675,8.871330976,0.013008118,76.87507331,76.08779357,640,637.3595772,66.06887601,,314.1977265,,,1.93E+01,,7.97E+02
676,8.884061813,0.012730837,78.54943162,76.09132109,644,638.6876617,73.71915842,,999.3576364,,,5.27E+01,,-3.82E+02
677,8.898070812,0.014008999,71.38268831,76.08390788,658,642.5501294,114.1179917,,-2460.002346,,,-4.81E+02,,-2.56E+02
678,8.91107893,0.013008118,76.87507331,76.0850628,626,639.2401035,40.40269699,,691.9390707,,,-3.48E+02,,-8.04E+02
679,8.924085855,0.013006926,76.88211896,76.08622452,635,638.3920828,19.28263192,,-642.4441948,,,-4.84E+02,,1.65E+01
680,8.938094854,0.014008999,71.38268831,76.07885249,626,635.9136662,-19.95710183,,0,,,-8.54E+01,,-6.66E+02
681,8.9521029,0.014008045,71.38754808,76.07151165,626,633.930933,-44.27417448,,-1356.271078,,,2.77E+02,,3.94E+02
682,8.966111898,0.014008999,71.38268831,76.06418565,607,628.5447464,-112.3154354,,2536.877419,,,9.78E+02,,1.10E+03
683,8.979120016,0.013008118,76.87507331,76.06536039,640,630.8357971,-54.62740991,,2132.064557,,,9.78E+02,,1.44E+03
684,8.994128942,0.015008926,66.62701741,76.04961018,672,639.0686377,66.00399457,,-356.9134416,,,3.96E+02,,3.92E+02
685,9.008137941,0.014008999,71.38268831,76.04235242,667,644.6549102,132.5558248,,-599.4812686,,,-9.57E+01,,-6.40E+02
686,9.023150921,0.01501298,66.60902984,76.02665699,658,647.3239281,141.6007994,,-964.9842402,,,-1.73E+02,,-3.85E+01
687,9.03765893,0.014508009,68.92744573,76.01526074,644,646.6591425,104.1162445,,1448.941382,,,-5.07E+01,,1.61E+02
688,9.050771952,0.013113022,76.26007273,76.01561543,663,649.927314,133.1391949,,0,,,-9.11E+00,,-2.75E+02
689,9.064762831,0.013990879,71.47513718,76.00860749,663,652.5418512,143.8862369,,-2273.335501,,,-2.56E+02,,8.62E+01
690,9.079278946,0.014516115,68.88895459,75.99722446,630,648.033481,52.99360698,,2531.826662,,,5.64E+00,,-5.80E+02
691,9.094287872,0.015008926,66.62701741,75.98176017,668,652.0267848,95.60727005,,-1998.715273,,,-2.85E+02,,5.11E+02
692,9.108296871,0.014008999,71.38268831,75.97468657,640,649.6214278,42.1456469,,999.4256731,,,5.13E+01,,-7.85E+02
693,9.122304916,0.014008045,71.38754808,75.96764265,654,650.4971423,46.21953882,,-1356.271078,,,-2.06E+01,,4.28E+02
694,9.136313915,0.014008999,71.38268831,75.96061239,635,647.3977138,-7.273475948,,1641.913606,,,3.57E+02,,2.95E+02
695,9.15032196,0.014008045,71.38754808,75.95361158,658,649.518171,24.45606787,,599.6431567,,,1.82E+02,,3.47E+02
696,9.165330887,0.015008926,66.62701741,75.93833857,667,653.0145368,66.1553392,,-1199.286313,,,8.90E+01,,-9.58E+01
697,9.180339813,0.015008926,66.62701741,75.9231155,649,652.2116295,42.22520674,,312.3039121,,,-3.92E+01,,1.53E+01
698,9.196349859,0.016010046,62.46078242,75.89967875,654,652.5693036,38.2482863,,932.7782437,,,-1.01E+02,,-3.71E+01
699,9.211358786,0.015008926,66.62701741,75.88456994,668,655.6554429,71.72268022,,-1356.271078,,,-2.63E+02,,-2.80E+02
700,9.225367785,0.014008999,71.38268831,75.8777337,649,654.3243543,38.37480805,,-416.42382,,,-4.20E+02,,-4.72E+02
701,9.237374783,0.012006998,83.284764,75.88736156,644,652.2594834,-3.694609968,,356.9134416,,,-6.00E+02,,-5.07E+02
702,9.251383781,0.014008999,71.38268831,75.88054032,649,651.6075867,-12.26251556,,-1460.733485,,,-5.25E+02,,-8.20E+02
703,9.264390945,0.013007164,76.88070973,75.88194455,630,647.2860694,-76.25827663,,-1356.363414,,,-2.77E+02,,-2.49E+02
704,9.278398991,0.014008045,71.38754808,75.87515914,611,640.0288555,-164.6215622,,2070.097961,,,3.80E+02,,2.38E+02
705,9.29240799,0.014008999,71.38268831,75.86838641,640,640.0230844,-131.7796412,,0,,,4.63E+02,,1.15E+03
706,9.305418015,0.013010025,76.86380296,75.86977811,640,640.0184675,-105.4946872,,1383.878141,,,5.72E+02,,0.00E+00
707,9.31842494,0.013006926,76.88211896,75.87119117,658,643.614774,-29.09741699,,-1383.878141,,,1.26E+02,,5.64E+02
708,9.331431866,0.013006926,76.88211896,75.87260028,640,642.8918192,-34.39439306,,1691.251613,,,2.18E+02,,-1.86E+02
709,9.344439983,0.013008118,76.87507331,75.87399579,662,646.7134554,31.24219749,,-866.0961942,,,-2.17E+02,,2.75E+02
710,9.359449863,0.01500988,66.62278417,75.8591595,649,647.1707643,31.08719675,,0,,,-1.76E+02,,-7.41E+02
711,9.373461008,0.014011145,71.37175626,75.85245187,649,647.5366114,30.09198798,,-1356.663591,,,-4.43E+02,,-6.36E+01
712,9.387465954,0.014004946,71.4033469,75.84581436,630,644.0292892,-26.01331962,,1165.894093,,,-2.61E+01,,-5.25E+02
713,9.399473906,0.012007952,83.27814951,75.85530926,644,644.0234313,-20.90822155,,-1383.878141,,,3.57E+01,,5.10E+02
714,9.412480831,0.013006926,76.88211896,75.85672819,626,640.4187451,-72.15376088,,1748.693578,,,3.31E+02,,1.22E+02
715,9.428492785,0.016011953,62.45334207,75.83396587,654,643.134996,-23.79521828,,0,,,2.20E+02,,3.61E+02
716,9.443500996,0.015008211,66.6301927,75.81933865,654,645.3079968,9.921317663,,-666.2701741,,,7.98E+00,,1.78E+02
717,9.458509922,0.015008926,66.62701741,75.80475211,644,645.0463975,4.45113701,,1198.962537,,,3.46E+01,,-5.14E+02
718,9.473522902,0.01501298,66.60902984,75.79017937,662,648.437118,48.73143028,,-2075.969423,,,-2.18E+02,,4.41E+02
719,9.486528873,0.013005972,76.88775641,75.79168414,635,645.7496944,-2.340849925,,2199.110772,,,-4.43E+01,,-5.81E+02
720,9.501534939,0.015006065,66.63972037,75.77723017,668,650.1997555,57.43748584,,-1865.289814,,,-4.33E+02,,7.16E+00
721,9.516546011,0.015011072,66.61749337,75.76278191,640,648.1598044,18.77070289,,-312.3271677,,,-3.09E+02,,-7.26E+02
722,9.532554865,0.016008854,62.46543353,75.74045051,635,645.5278435,-17.86475318,,0,,,4.26E+01,,-2.08E+02
723,9.546563864,0.014008999,71.38268831,75.73405576,635,643.4222748,-44.35203346,,-312.3225163,,,1.57E+02,,1.06E+03
724,9.562572956,0.016009092,62.46450325,75.71184067,630,640.7378199,-69.01825593,,3497.803815,,,5.23E+02,,-3.82E+02
725,9.578583002,0.016010046,62.46078242,75.68969229,686,649.7902559,57.86984269,,-4330.756132,,,-2.15E+02,,8.88E+02
726,9.593591928,0.015008926,66.62701741,75.67551397,621,644.0322047,-30.43248105,,3498.064278,,,9.34E+00,,-1.15E+03
727,9.609600782,0.016008854,62.46543353,75.65350699,677,650.6257638,58.02792018,,-2623.196605,,,-5.46E+02,,2.92E+02
728,9.625611782,0.016011,62.45706202,75.63155636,635,647.500611,7.384764282,,0,,,-6.65E+01,,-7.76E+02
729,9.640620947,0.015009165,66.62595905,75.61753584,635,645.0004888,-27.40679647,,293.9451959,,,-2.76E+02,,2.85E+02
730,9.65763092,0.017009974,58.78903918,75.58789583,640,644.000391,-33.68439448,,562.1805293,,,-2.99E+01,,-3.36E+02
731,9.673640013,0.016009092,62.46450325,75.56617768,649,645.0003128,-14.455592,,-1865.319441,,,-4.02E+02,,-3.87E+01
732,9.688650846,0.015010834,66.61855146,75.55231493,621,640.2002503,-75.51911663,,1186.896266,,,-3.24E+02,,-8.30E+02
733,9.704658985,0.016008139,62.46822454,75.53073231,640,640.1602002,-60.91566446,,-1811.389665,,,-1.26E+02,,-1.04E+02
734,9.720668793,0.016009808,62.46171258,75.50920782,611,634.3281602,-121.5883734,,312.3039121,,,5.66E+02,,5.55E+02
735,9.736678839,0.016010046,62.46078242,75.48775226,616,630.6625281,-143.0623477,,3164.821032,,,9.51E+02,,1.25E+03
736,9.748685837,0.012006998,83.284764,75.49735547,654,635.3300225,-36.70364468,,266.5038362,,,5.58E+02,,1.05E+03
737,9.763695002,0.015009165,66.62595905,75.48371799,658,639.864018,31.05344393,,-285.5307533,,,-8.90E+00,,-6.21E+02
738,9.777704,0.014008999,71.38268831,75.47784224,654,642.6912144,65.205331,,-1845.035576,,,-7.26E+02,,-4.54E+02
739,9.79071188,0.013007879,76.87648234,75.47970046,630,640.1529715,13.13802799,,768.6943772,,,-4.33E+02,,-1.10E+03
740,9.803720951,0.013009071,76.86943772,75.48154458,640,640.1223772,10.04006899,,-2229.58145,,,-4.97E+02,,2.56E+02
741,9.816727877,0.013006926,76.88211896,75.48340031,611,634.2979018,-81.52754761,,2229.58145,,,2.05E+02,,-6.44E+02
742,9.829734802,0.013006926,76.88211896,75.48525112,640,635.4383214,-47.68646233,,-1932.152812,,,3.07E+01,,1.00E+03
743,9.844743967,0.015009165,66.62595905,75.47174436,611,630.5506571,-103.278234,,2712.542156,,,3.71E+02,,-2.67E+02
744,9.858752966,0.014008999,71.38268831,75.46593393,649,634.2405257,-29.94403951,,-1582.284841,,,-1.32E+02,,3.77E+02
745,9.870760918,0.012007952,83.27814951,75.47543763,630,633.3924206,-38.08095697,,0,,,-3.61E+01,,-5.06E+02
746,9.884768963,0.014008045,71.38754808,75.46964454,630,632.7139365,-40.15182903,,63.73441831,,,-1.62E+02,,2.12E+01
