Index,Time,Difference,Hz,AveHz,0x6829 Pressure,0x6829 Acceleration-X,0x6829 Acceleration-Y,0x6829 Acceleration-Z,0x6829 Magnetic-X,0x6829 Magnetic-Y,0x6829 Magnetic-Z,0x6829 Angular-Vel-X,0x6829 Angular-Vel-Y,0x6829 Angular-Vel-Z,0x6829 Heading,0x6829 Roll,0x6829 Pitch,0x6829 Quaternion-X,0x6829 Quaternion-Y,0x6829 Quaternion-Z,0x6829 Quaternion-W,0x6829 Linear-Acceleration-X,0x6829 Linear-Acceleration-Y,0x6829 Linear-Acceleration-Z,0x6829 Gravity-X,0x6829 Gravity-Y,0x6829 Gravity-Z,0x6829 Range,0x6829 Smoothed Range,0x6829 Velocity,
0,0.0009999275207519531,0.0009999275207519531,1000.072484501669,0.0,102383.25,-21.0,9.0,1004.0,6.5625,8.375,-22.0625,0.125,-0.0625,-0.0625,292.375,-0.75,-0.1875,-0.00201416015625,0.0068359375,0.55633544921875,0.8309326171875,-8.0,5.0,23.0,-13.0,4.0,980.0,503,503.0,,
1,0.04100394248962402,0.04000401496887207,24.99749089630429,24.387898803951554,102381.25,-18.0,10.0,1004.0,6.5625,8.375,-22.0625,0.0625,0.125,0.0625,292.375,-0.75,-0.1875,-0.00201416015625,0.0068359375,0.55633544921875,0.8309326171875,-4.0,5.0,24.0,-13.0,4.0,980.0,503,503.0,0.0,
2,0.0830082893371582,0.04200434684753418,23.807059865250682,24.093979239549405,102381.25,-19.0,8.0,997.0,7.0,8.375,-22.0625,0.0625,0.1875,0.0,292.375,-0.75,-0.1875,-0.00201416015625,0.0068359375,0.55633544921875,0.8309326171875,-5.0,4.0,16.0,-13.0,4.0,980.0,508,508.0,119.03529932625341,
3,0.12101197242736816,0.03800368309020996,26.31323910438585,24.790935473765714,102381.25,-18.0,9.0,993.0,7.0,8.6875,-21.6875,0.0,0.125,0.125,292.375,-0.75,-0.1875,-0.00201416015625,0.0068359375,0.55633544921875,0.8309326171875,-4.0,5.0,21.0,-13.0,4.0,980.0,508,508.0,0.0,
4,0.15801572799682617,0.03700375556945801,27.0242840114687,25.3139358385916,102381.25,-18.0,9.0,1005.0,7.0,7.25,-21.25,-0.25,0.0625,0.0,292.375,-0.75,-0.1875,-0.00201416015625,0.0068359375,0.55633544921875,0.8309326171875,-4.0,4.0,24.0,-13.0,4.0,980.0,508,508.0,0.0,
5,0.19501948356628418,0.03700375556945801,27.0242840114687,25.638463955323598,102381.25,-20.0,11.0,1004.0,7.0,7.25,-21.25,0.0625,0.0625,0.0,292.375,-0.75,-0.1875,-0.00201416015625,0.0068359375,0.55633544921875,0.8309326171875,-7.0,6.0,23.0,-13.0,4.0,980.0,475,475.0,-891.8013723784671,
6,0.23102307319641113,0.03600358963012695,27.77500827759751,25.97143184438085,102381.25,-17.0,10.0,995.0,7.0,8.375,-23.25,-0.125,-0.0625,0.0,292.375,-0.75,-0.1875,-0.00201416015625,0.0068359375,0.55633544921875,0.8309326171875,-3.0,5.0,14.0,-13.0,4.0,980.0,545,545.0,1944.2505794318256,
7,0.2670266628265381,0.03600358963012695,27.77500827759751,26.21461065312132,102381.25,-20.0,9.0,1005.0,7.0,8.6875,-22.5,0.0625,-0.0625,-0.0625,292.375,-0.75,-0.1875,-0.00201416015625,0.0068359375,0.55633544921875,0.8309326171875,-7.0,5.0,24.0,-13.0,4.0,980.0,489,489.0,-1555.4004635454605,
8,0.30503034591674805,0.03800368309020996,26.31323910438585,26.226898756438615,102381.25,-17.0,11.0,1004.0,6.1875,8.6875,-23.25,0.125,0.0,-0.0625,292.375,-0.75,-0.1875,-0.00201416015625,0.0068359375,0.55633544921875,0.8309326171875,-3.0,6.0,24.0,-13.0,4.0,980.0,489,489.0,0.0,
9,0.34203410148620605,0.03700375556945801,27.0242840114687,26.313165736671326,102381.25,-19.0,8.0,1004.0,6.1875,8.6875,-23.25,0.0,0.0,-0.125,292.375,-0.75,-0.1875,-0.00201416015625,0.0068359375,0.55633544921875,0.8309326171875,-6.0,4.0,24.0,-13.0,4.0,980.0,526,526.0,999.898508424342,
10,0.37903785705566406,0.03700375556945801,27.0242840114687,26.38258900490628,102381.25,-16.0,10.0,995.0,7.375,8.375,-22.5,-0.0625,0.0625,0.0,292.375,-0.75,-0.1875,-0.00201416015625,0.0068359375,0.55633544921875,0.8309326171875,-3.0,5.0,15.0,-13.0,4.0,980.0,512,512.0,-378.33997616056183,
11,0.41604137420654297,0.037003517150878906,27.02445813252236,26.439678075236504,102398.25,-19.0,10.0,1001.0,6.5625,7.25,-22.5,0.125,-0.0625,-0.0625,292.375,-0.75,-0.1875,-0.00201416015625,0.0068359375,0.55633544921875,0.8309326171875,-5.0,5.0,20.0,-13.0,4.0,980.0,550,550.0,1026.9294090358496,
12,0.45104503631591797,0.035003662109375,28.568439407149086,26.604882071232993,102398.25,-15.0,8.0,1005.0,6.5625,8.6875,-22.5,-0.0625,-0.0625,0.0,292.375,-0.75,-0.1875,-0.00201416015625,0.0068359375,0.55633544921875,0.8309326171875,-2.0,4.0,24.0,-13.0,4.0,980.0,522,522.0,-799.9163034001743,
13,0.4880485534667969,0.037003517150878906,27.02445813252236,26.63669404950797,102398.25,-20.0,8.0,1000.0,6.5625,8.6875,-22.5,0.125,-0.125,0.0625,292.375,-0.75,-0.1875,-0.00201416015625,0.0068359375,0.55633544921875,0.8309326171875,-7.0,4.0,19.0,-13.0,4.0,980.0,508,508.0,-378.342413855313,
14,0.5260524749755859,0.03800392150878906,26.313074027603513,26.613314575983583,102398.25,-18.0,11.0,995.0,7.0,7.25,-22.875,-0.125,0.0625,0.0625,292.375,-0.75,-0.1875,-0.00201416015625,0.0068359375,0.55633544921875,0.8309326171875,-4.0,7.0,14.0,-13.0,4.0,980.0,531,531.0,605.2007026348808,
15,0.563056230545044,0.03700375556945801,27.0242840114687,26.640323268388048,102398.25,-18.0,11.0,1004.0,7.0,9.5,-22.5625,0.0625,-0.125,0.0,292.375,-0.75,-0.1875,-0.00201416015625,0.0068359375,0.55633544921875,0.8309326171875,-4.0,7.0,23.0,-13.0,4.0,980.0,540,540.0,243.21855610321833,
16,0.6000597476959229,0.037003517150878906,27.02445813252236,26.66401147791689,102398.25,-16.0,10.0,1006.0,6.1875,8.0,-22.5625,-0.0625,-0.125,0.1875,292.375,-0.75,-0.1875,-0.00201416015625,0.0068359375,0.55633544921875,0.8309326171875,-6.0,4.0,23.0,-13.0,4.0,980.0,540,540.0,0.0,
17,0.63706374168396,0.03700399398803711,27.02410989265879,26.684927877175447,102398.25,-19.0,9.0,995.0,6.1875,8.0,-23.6875,0.0,-0.0625,0.0625,292.375,-0.75,-0.1875,-0.00201416015625,0.0068359375,0.55633544921875,0.8309326171875,-5.0,5.0,14.0,-13.0,4.0,980.0,550,550.0,270.2410989265879,
18,0.7120711803436279,0.03800368309020996,26.31323910438585,25.27837173709747,102398.25,-19.0,8.0,1004.0,7.6875,9.0625,-22.5,0.0,-0.0625,0.0,292.375,-0.75,-0.1875,-0.00201416015625,0.0068359375,0.55633544921875,0.8309326171875,-5.0,4.0,23.0,-13.0,4.0,980.0,564,564.0,368.38534746140186,
19,0.7480747699737549,0.03600358963012695,27.77500827759751,25.398530685196864,102398.25,-18.0,10.0,1007.0,7.6875,9.0625,-22.5,0.0625,-0.0625,0.0,292.375,-0.75,-0.1875,-0.00201416015625,0.0068359375,0.55633544921875,0.8309326171875,-5.0,6.0,26.0,-13.0,4.0,980.0,550,550.0,-388.85011588636513,
20,0.7830781936645508,0.0350034236907959,28.56863399516398,25.540233608608762,102398.25,-18.0,10.0,1002.0,6.1875,8.6875,-22.875,0.0,0.0625,0.0,292.375,-0.75,-0.1875,-0.00201416015625,0.0068359375,0.55633544921875,0.8309326171875,-4.0,6.0,22.0,-13.0,4.0,980.0,573,573.0,657.0785818887716,
21,0.8200819492340088,0.03700375556945801,27.0242840114687,25.607196963199698,102376.75,-16.0,8.0,994.0,6.5625,8.0,-22.5,0.0,0.0625,0.0625,292.375,-0.75,-0.1875,-0.00201416015625,0.0068359375,0.55633544921875,0.8309326171875,-4.0,4.0,22.0,-13.0,4.0,980.0,573,573.0,0.0,
22,0.8550856113433838,0.035003662109375,28.568439407149086,25.728417959737225,102376.75,-20.0,10.0,1006.0,7.0,8.0,-23.25,-0.0625,0.0625,-0.0625,292.375,-0.75,-0.1875,-0.00201416015625,0.0068359375,0.55633544921875,0.8309326171875,-7.0,5.0,25.0,-13.0,4.0,980.0,545,545.0,-799.9163034001743,
23,0.8910892009735107,0.03600358963012695,27.77500827759751,25.811108444443732,102376.75,-19.0,11.0,1005.0,7.0,8.0,-23.25,0.125,0.1875,0.125,292.375,-0.75,-0.1875,-0.00201416015625,0.0068359375,0.55633544921875,0.8309326171875,-6.0,7.0,21.0,-13.0,4.0,980.0,526,526.0,-527.7251572743527,
24,0.9280927181243896,0.037003517150878906,27.02445813252236,25.85948529851879,102376.75,-19.0,10.0,995.0,7.0,9.0625,-22.875,-0.125,0.0,0.0,292.375,-0.75,-0.1875,-0.00201416015625,0.0068359375,0.55633544921875,0.8309326171875,-6.0,6.0,15.0,-13.0,4.0,980.0,597,597.0,1918.7365274090873,
25,0.9660966396331787,0.03800392150878906,26.313074027603513,25.877328389727506,102376.75,-16.0,11.0,1007.0,6.1875,8.0,-23.25,0.125,0.0,-0.0625,292.375,-0.75,-0.1875,-0.00201416015625,0.0068359375,0.55633544921875,0.8309326171875,-3.0,6.0,26.0,-13.0,4.0,980.0,531,531.0,-1736.6628858218319,
26,1.0061004161834717,0.04000377655029297,24.997639878894795,25.842350904324306,102376.75,-17.0,11.0,1006.0,7.0,8.375,-23.6875,0.0,0.0625,0.0,292.375,-0.75,-0.1875,-0.00201416015625,0.0068359375,0.55633544921875,0.8309326171875,-4.0,6.0,25.0,-13.0,4.0,980.0,526,526.0,-124.98819939447398,
27,1.0441043376922607,0.03800392150878906,26.313074027603513,25.8594845604003,102376.75,-19.0,8.0,1005.0,7.0,8.375,-23.6875,-0.0625,0.0,0.0,292.375,-0.75,-0.1875,-0.00201416015625,0.0068359375,0.55633544921875,0.8309326171875,-6.0,4.0,24.0,-13.0,4.0,980.0,554,554.0,736.7660727728984,
28,1.0811078548431396,0.037003517150878906,27.02445813252236,25.89935858348063,102376.75,-16.0,10.0,998.0,7.375,8.375,-22.875,0.1875,-0.0625,-0.0625,292.375,-0.75,-0.1875,-0.00201416015625,0.0068359375,0.55633544921875,0.8309326171875,-3.0,5.0,18.0,-13.0,4.0,980.0,545,545.0,-243.2201231927012,
29,1.1191117763519287,0.03800392150878906,26.313074027603513,25.913407947983497,102376.75,-17.0,9.0,1003.0,7.0,7.6875,-22.5,0.0625,0.0,-0.0625,292.375,-0.75,-0.1875,-0.00201416015625,0.0068359375,0.55633544921875,0.8309326171875,-4.0,5.0,22.0,-13.0,4.0,980.0,583,583.0,999.8968130489335,
30,1.1561152935028076,0.037003517150878906,27.02445813252236,25.948969076523287,102376.75,-19.0,10.0,1004.0,7.0,8.0,-22.5,0.1875,0.0625,-0.125,292.375,-0.75,-0.1875,-0.00201416015625,0.0068359375,0.55633544921875,0.8309326171875,-6.0,8.0,25.0,-13.0,4.0,980.0,526,526.0,-1540.3941135537743,
31,1.1921188831329346,0.03600358963012695,27.77500827759751,26.004117910229557,102360.25,-19.0,10.0,998.0,7.0,8.0,-22.5,-0.125,0.0,-0.125,292.375,-0.75,-0.1875,-0.00201416015625,0.0068359375,0.55633544921875,0.8309326171875,-4.0,6.0,23.0,-13.0,4.0,980.0,564,564.0,1055.4503145487054,
32,1.2301230430603027,0.038004159927368164,26.31290895289239,26.01365788611709,102360.25,-18.0,11.0,1003.0,7.375,8.0,-21.6875,-0.125,-0.125,0.0,292.375,-0.75,-0.1875,-0.00201416015625,0.0068359375,0.55633544921875,0.8309326171875,-4.0,7.0,12.0,-13.0,4.0,980.0,545,545.0,-499.94527010495545,
33,1.2671267986297607,0.03700375556945801,27.0242840114687,26.043171082550995,102360.25,-18.0,12.0,1006.0,7.6875,8.0,-22.875,-0.0625,0.125,0.0625,292.375,-0.75,-0.1875,-0.00201416015625,0.0068359375,0.55633544921875,0.8309326171875,-8.0,6.0,25.0,-13.0,4.0,980.0,536,536.0,-243.21855610321833,
34,1.3051304817199707,0.03800368309020996,26.31323910438585,26.051035108147182,102360.25,-19.0,9.0,1004.0,8.0625,8.0,-22.0625,-0.0625,-0.125,0.0,292.375,-0.75,-0.1875,-0.00201416015625,0.0068359375,0.55633544921875,0.8309326171875,-5.0,6.0,27.0,-13.0,4.0,980.0,569,569.0,868.3368904447331,
35,1.3431341648101807,0.03800368309020996,26.31323910438585,26.058454112025657,102360.25,-17.0,11.0,998.0,8.0625,8.0,-22.0625,0.0,0.0,0.0,292.375,-0.75,-0.1875,-0.00201416015625,0.0068359375,0.55633544921875,0.8309326171875,-4.0,4.0,25.0,-13.0,4.0,980.0,522,522.0,-1236.722237906135,
36,1.3811380863189697,0.03800392150878906,26.313074027603513,26.065460330579796,102360.25,-20.0,11.0,993.0,7.6875,8.0,-22.875,0.0625,0.0625,0.0625,292.375,-0.75,-0.1875,-0.00201416015625,0.0068359375,0.55633544921875,0.8309326171875,-6.0,7.0,13.0,-13.0,4.0,980.0,536,536.0,368.3830363864492,
37,1.4191417694091797,0.03800368309020996,26.31323910438585,26.072095683156395,102360.25,-17.0,11.0,1005.0,6.1875,8.6875,-22.875,-0.125,-0.0625,0.125,292.375,-0.75,-0.1875,-0.00201416015625,0.0068359375,0.55633544921875,0.8309326171875,-5.0,6.0,20.0,-13.0,4.0,980.0,559,559.0,605.2044994008745,
38,1.4571454524993896,0.03800368309020996,26.31323910438585,26.07838492363268,102360.25,-18.0,11.0,1004.0,6.1875,8.6875,-22.875,0.0,0.0,0.0,292.375,-0.75,-0.1875,-0.00201416015625,0.0068359375,0.55633544921875,0.8309326171875,-6.0,5.0,24.0,-13.0,4.0,980.0,503,503.0,-1473.5413898456075,
39,1.4951496124267578,0.038004159927368164,26.31290895289239,26.08434612553563,102360.25,-18.0,11.0,1002.0,7.6875,8.0,-22.0625,-0.125,0.125,0.0,292.375,-0.75,-0.1875,-0.00201416015625,0.0068359375,0.55633544921875,0.8309326171875,-5.0,5.0,22.0,-13.0,4.0,980.0,508,508.0,131.56454476446194,
40,1.5311532020568848,0.03600358963012695,27.77500827759751,26.12410041416217,102360.25,-18.0,8.0,995.0,7.0,8.375,-21.6875,-0.0625,-0.125,0.0,292.375,-0.75,-0.1875,-0.00201416015625,0.0068359375,0.55633544921875,0.8309326171875,-5.0,4.0,14.0,-13.0,4.0,980.0,531,531.0,638.8251903847428,
41,1.5681567192077637,0.037003517150878906,27.02445813252236,26.14534599623008,102378.75,-19.0,9.0,1005.0,7.6875,9.0625,-22.5,0.0,-0.125,-0.0625,292.375,-0.75,-0.1875,-0.00201416015625,0.0068359375,0.55633544921875,0.8309326171875,-4.0,5.0,25.0,-13.0,4.0,980.0,526,526.0,-135.1222906626118,
42,1.6051604747772217,0.03700375556945801,27.0242840114687,26.165608149446324,102378.75,-18.0,11.0,1002.0,7.6875,9.0625,-22.5,-0.0625,0.1875,-0.0625,292.375,-0.75,-0.1875,-0.00201416015625,0.0068359375,0.55633544921875,0.8309326171875,-5.0,6.0,22.0,-13.0,4.0,980.0,559,559.0,891.8013723784671,
43,1.6391639709472656,0.034003496170043945,29.408740648291626,26.232885032941816,102378.75,-16.0,8.0,994.0,7.375,8.6875,-24.0625,-0.0625,-0.0625,0.0625,292.375,-0.75,-0.1875,-0.00201416015625,0.0068359375,0.55633544921875,0.8309326171875,-6.0,7.0,19.0,-13.0,4.0,980.0,531,531.0,-823.4447381521655,
44,1.6741671562194824,0.0350031852722168,28.56882858582969,26.28172451988517,102378.75,-18.0,10.0,1006.0,7.0,8.0,-20.5,0.0,0.1875,0.0625,292.375,-0.75,-0.1875,-0.00201416015625,0.0068359375,0.55633544921875,0.8309326171875,-5.0,5.0,25.0,-13.0,4.0,980.0,550,550.0,542.8077431307642,
45,1.7101707458496094,0.03600358963012695,27.77500827759751,26.31316206829634,102378.75,-20.0,11.0,1005.0,7.0,8.0,-20.5,0.125,-0.0625,0.0,292.375,-0.75,-0.1875,-0.00201416015625,0.0068359375,0.55633544921875,0.8309326171875,-6.0,6.0,24.0,-13.0,4.0,980.0,540,540.0,-277.7500827759751,
46,1.7461743354797363,0.03600358963012695,27.77500827759751,26.3433032231356,102378.75,-18.0,10.0,999.0,7.0,7.25,-22.5625,0.125,-0.0625,0.25,292.375,-0.75,-0.1875,-0.00201416015625,0.0068359375,0.55633544921875,0.8309326171875,-6.0,4.0,25.0,-13.0,4.0,980.0,564,564.0,666.6001986623403,
47,1.7841784954071045,0.038004159927368164,26.31290895289239,26.342655805452797,102378.75,-16.0,10.0,993.0,7.0,8.375,-22.0625,0.125,0.0625,-0.0625,292.375,-0.75,-0.1875,-0.00201416015625,0.0068359375,0.55633544921875,0.8309326171875,-5.0,8.0,23.0,-13.0,4.0,980.0,550,550.0,-368.3807253404935,
48,1.8191816806793213,0.0350031852722168,28.56882858582969,26.38548997595214,102378.75,-18.0,12.0,1006.0,7.0,8.375,-21.6875,0.0625,0.0,0.0,292.375,-0.75,-0.1875,-0.00201416015625,0.0068359375,0.55633544921875,0.8309326171875,-4.0,8.0,22.0,-13.0,4.0,980.0,540,540.0,-285.68828585829687,
49,1.8571856021881104,0.03800392150878906,26.313074027603513,26.384008115434924,102378.75,-17.0,14.0,1001.0,7.0,8.375,-21.6875,0.0,0.0625,-0.125,292.375,-0.75,-0.1875,-0.00201416015625,0.0068359375,0.55633544921875,0.8309326171875,-4.0,10.0,20.0,-13.0,4.0,980.0,573,573.0,868.3314429109159,
50,1.8921890258789062,0.0350034236907959,28.56863399516398,26.424421300496345,102378.75,-19.0,11.0,1002.0,7.0,9.0625,-22.0625,-0.0625,0.0,0.0,292.375,-0.75,-0.1875,-0.00201416015625,0.0068359375,0.55633544921875,0.8309326171875,-5.0,7.0,21.0,-13.0,4.0,980.0,550,550.0,-657.0785818887716,
51,1.9301929473876953,0.03800392150878906,26.313074027603513,26.422228963701745,102378.75,-18.0,11.0,1004.0,7.0,8.0,-22.0625,0.1875,0.125,0.0625,292.375,-0.75,-0.1875,-0.00201416015625,0.0068359375,0.55633544921875,0.8309326171875,-5.0,6.0,14.0,-13.0,4.0,980.0,559,559.0,236.8176662484316,
52,1.9651966094970703,0.035003662109375,28.568439407149086,26.460456805544638,102386.25,-19.0,11.0,1007.0,7.0,8.6875,-23.375,-0.0625,0.0,0.0,292.375,-0.75,-0.1875,-0.00201416015625,0.0068359375,0.55633544921875,0.8309326171875,-5.0,6.0,24.0,-13.0,4.0,980.0,517,517.0,-1199.8744551002615,
53,2.034203290939331,0.032003164291381836,31.246910177231786,26.054426436173088,102386.25,-19.0,10.0,993.0,7.0,9.0625,-21.6875,0.0625,0.0625,0.0625,292.375,-0.75,-0.1875,-0.00201416015625,0.0068359375,0.55633544921875,0.8309326171875,-6.0,5.0,13.0,-13.0,4.0,980.0,545,545.0,874.9134849624901,
54,2.071207046508789,0.03700375556945801,27.0242840114687,26.07175371048587,102386.25,-17.0,11.0,1006.0,7.6875,9.875,-22.0625,0.0,-0.1875,0.0625,292.375,-0.75,-0.1875,-0.00201416015625,0.0068359375,0.55633544921875,0.8309326171875,-4.0,7.0,25.0,-13.0,4.0,980.0,522,522.0,-621.5585322637802,
55,2.109210729598999,0.03800368309020996,26.31323910438585,26.076104785630662,102386.25,-19.0,11.0,1005.0,7.6875,9.875,-22.0625,0.0625,0.0625,-0.0625,292.375,-0.75,-0.1875,-0.00201416015625,0.0068359375,0.55633544921875,0.8309326171875,-6.0,6.0,24.0,-13.0,4.0,980.0,526,526.0,105.2529564175434,
56,2.144214153289795,0.0350034236907959,28.56863399516398,26.11679431090458,102386.25,-21.0,9.0,1002.0,7.0,9.5,-22.5625,-0.0625,0.0,0.0,292.375,-0.75,-0.1875,-0.00201416015625,0.0068359375,0.55633544921875,0.8309326171875,-7.0,4.0,21.0,-13.0,4.0,980.0,526,526.0,0.0,
57,2.181217908859253,0.03700375556945801,27.0242840114687,26.132189621444205,102386.25,-19.0,11.0,993.0,7.6875,8.6875,-21.25,0.125,-0.0625,0.0,292.375,-0.75,-0.1875,-0.00201416015625,0.0068359375,0.55633544921875,0.8309326171875,-5.0,7.0,13.0,-13.0,4.0,980.0,536,536.0,270.242840114687,
58,2.218221664428711,0.03700375556945801,27.0242840114687,26.14707129142458,102386.25,-17.0,10.0,1004.0,6.5625,8.375,-22.875,0.0625,-0.0625,0.0,292.375,-0.75,-0.1875,-0.00201416015625,0.0068359375,0.55633544921875,0.8309326171875,-3.0,6.0,24.0,-13.0,4.0,980.0,498,498.0,-1026.9227924358106,
59,2.254225254058838,0.03600358963012695,27.77500827759751,26.17307205380995,102386.25,-18.0,10.0,1004.0,6.5625,8.375,-22.875,-0.125,0.0,-0.0625,292.375,-0.75,-0.1875,-0.00201416015625,0.0068359375,0.55633544921875,0.8309326171875,-4.0,5.0,23.0,-13.0,4.0,980.0,531,531.0,916.5752731607179,
60,2.290228843688965,0.03600358963012695,27.77500827759751,26.198255325155873,102386.25,-18.0,7.0,995.0,6.5625,8.375,-21.6875,-0.125,0.0625,0.0,292.375,-0.75,-0.1875,-0.00201416015625,0.0068359375,0.55633544921875,0.8309326171875,-4.0,6.0,18.0,-13.0,4.0,980.0,564,564.0,916.5752731607179,
61,2.326232433319092,0.03600358963012695,27.77500827759751,26.222659062905674,102376.25,-18.0,10.0,1004.0,6.5625,8.0,-21.25,0.0,0.0,-0.125,292.375,-0.75,-0.1875,-0.00201416015625,0.0068359375,0.55633544921875,0.8309326171875,-6.0,5.0,15.0,-13.0,4.0,980.0,531,531.0,-916.5752731607179,
62,2.36323618888855,0.03700375556945801,27.0242840114687,26.23521097531903,102376.25,-18.0,10.0,1003.0,7.0,8.6875,-21.25,0.0,-0.125,-0.0625,292.375,-0.75,-0.1875,-0.00201416015625,0.0068359375,0.55633544921875,0.8309326171875,-5.0,4.0,23.0,-13.0,4.0,980.0,479,479.0,-1405.2627685963726,
63,2.401240110397339,0.03800392150878906,26.313074027603513,26.236443297449018,102376.25,-17.0,11.0,1001.0,7.0,8.6875,-21.25,-0.1875,-0.1875,0.0625,292.375,-0.75,-0.1875,-0.00201416015625,0.0068359375,0.55633544921875,0.8309326171875,-3.0,7.0,20.0,-13.0,4.0,980.0,550,550.0,1868.2282559598495,
64,2.437243700027466,0.03600358963012695,27.77500827759751,26.259171374318772,102376.25,-18.0,12.0,994.0,7.0,8.6875,-21.25,-0.0625,-0.0625,0.0625,292.375,-0.75,-0.1875,-0.00201416015625,0.0068359375,0.55633544921875,0.8309326171875,-5.0,8.0,13.0,-13.0,4.0,980.0,526,526.0,-666.6001986623403,
65,2.474247455596924,0.03700375556945801,27.0242840114687,26.270614062051624,102376.25,-18.0,11.0,1007.0,7.375,9.0625,-22.5625,-0.0625,-0.0625,-0.1875,292.375,-0.75,-0.1875,-0.00201416015625,0.0068359375,0.55633544921875,0.8309326171875,-4.0,7.0,26.0,-13.0,4.0,980.0,540,540.0,378.33997616056183,
66,2.5092508792877197,0.0350034236907959,28.56863399516398,26.30267086674684,102376.25,-17.0,11.0,1007.0,7.375,9.0625,-22.5625,0.0625,0.0625,0.0625,292.375,-0.75,-0.1875,-0.00201416015625,0.0068359375,0.55633544921875,0.8309326171875,-6.0,7.0,23.0,-13.0,4.0,980.0,512,512.0,-799.9217518645914,
67,2.554255247116089,0.04500436782836914,22.220065479280787,26.230737932572367,102376.25,-19.0,9.0,1005.0,7.0,9.0625,-22.875,0.0,0.0,0.0,292.375,-0.75,-0.1875,-0.00201416015625,0.0068359375,0.55633544921875,0.8309326171875,-6.0,4.0,24.0,-13.0,4.0,980.0,554,554.0,933.2427501297931,
68,2.592258930206299,0.03800368309020996,26.31323910438585,26.231947436897585,102376.25,-19.0,9.0,1000.0,6.1875,9.0625,-23.375,-0.0625,0.0,-0.0625,292.375,-0.75,-0.1875,-0.00201416015625,0.0068359375,0.55633544921875,0.8309326171875,-6.0,5.0,20.0,-13.0,4.0,980.0,550,550.0,-105.2529564175434,
69,2.630263090133667,0.038004159927368164,26.31290895289239,26.233117234099005,102376.25,-20.0,10.0,992.0,6.5625,7.6875,-22.5625,0.125,0.125,0.0,292.375,-0.75,-0.1875,-0.00201416015625,0.0068359375,0.55633544921875,0.8309326171875,-6.0,5.0,11.0,-13.0,4.0,980.0,512,512.0,-999.8905402099109,
70,2.67026686668396,0.04000377655029297,24.997639878894795,26.214608312512482,102376.25,-18.0,11.0,1000.0,7.375,8.6875,-22.875,0.0625,0.0,0.0625,292.375,-0.75,-0.1875,-0.00201416015625,0.0068359375,0.55633544921875,0.8309326171875,-4.0,6.0,20.0,-13.0,4.0,980.0,540,540.0,699.9339166090543,
71,2.710270881652832,0.04000401496887207,24.99749089630429,26.19664347229431,102385.5,-18.0,10.0,1005.0,7.375,7.6875,-22.0625,0.0,-0.125,0.0,292.375,-0.75,-0.1875,-0.00201416015625,0.0068359375,0.55633544921875,0.8309326171875,-5.0,5.0,24.0,-13.0,4.0,980.0,512,512.0,-699.92974509652,
72,2.750275135040283,0.04000425338745117,24.9973419154896,26.179198976376384,102385.5,-16.0,11.0,1006.0,7.375,7.6875,-22.0625,0.0,0.0,-0.1875,292.375,-0.75,-0.1875,-0.00201416015625,0.0068359375,0.55633544921875,0.8309326171875,-2.0,7.0,25.0,-13.0,4.0,980.0,540,540.0,699.9255736337088,
73,2.788278818130493,0.03800368309020996,26.31323910438585,26.181025916534992,102385.5,-18.0,9.0,998.0,7.375,8.375,-22.5625,0.0,0.0625,0.1875,292.375,-0.75,-0.1875,-0.00201416015625,0.0068359375,0.55633544921875,0.8309326171875,-4.0,8.0,13.0,-13.0,4.0,980.0,526,526.0,-368.38534746140186,
74,2.825282573699951,0.03700375556945801,27.0242840114687,26.192070375137952,102385.5,-19.0,9.0,1005.0,6.5625,8.375,-22.875,-0.0625,-0.0625,-0.125,292.375,-0.75,-0.1875,-0.00201416015625,0.0068359375,0.55633544921875,0.8309326171875,-6.0,5.0,24.0,-13.0,4.0,980.0,531,531.0,135.1214200573435,
75,2.863286256790161,0.03800368309020996,26.31323910438585,26.19367861740708,102385.5,-18.0,9.0,1006.0,6.5625,7.6875,-22.875,0.0,-0.0625,0.0625,292.375,-0.75,-0.1875,-0.00201416015625,0.0068359375,0.55633544921875,0.8309326171875,-4.0,4.0,25.0,-13.0,4.0,980.0,531,531.0,0.0,
76,2.902290105819702,0.039003849029541016,25.638495299338608,26.18621751409482,102385.5,-20.0,11.0,1004.0,6.5625,7.6875,-22.875,-0.0625,0.0625,0.0,292.375,-0.75,-0.1875,-0.00201416015625,0.0068359375,0.55633544921875,0.8309326171875,-6.0,7.0,23.0,-13.0,4.0,980.0,526,526.0,-128.19247649669305,
77,2.938293695449829,0.03600358963012695,27.77500827759751,26.205685333375744,102385.5,-18.0,10.0,1000.0,7.375,8.0,-22.875,-0.0625,-0.0625,0.0,292.375,-0.75,-0.1875,-0.00201416015625,0.0068359375,0.55633544921875,0.8309326171875,-5.0,6.0,14.0,-13.0,4.0,980.0,545,545.0,527.7251572743527,
78,2.974297285079956,0.03600358963012695,27.77500827759751,26.224681840404255,102385.5,-21.0,10.0,999.0,6.5625,8.375,-21.6875,-0.0625,0.0,0.0625,292.375,-0.75,-0.1875,-0.00201416015625,0.0068359375,0.55633544921875,0.8309326171875,-7.0,6.0,19.0,-13.0,4.0,980.0,531,531.0,-388.85011588636513,
79,3.011301040649414,0.03700375556945801,27.0242840114687,26.23450758777772,102385.5,-17.0,9.0,1006.0,6.5625,8.375,-22.875,-0.125,-0.0625,0.0,292.375,-0.75,-0.1875,-0.00201416015625,0.0068359375,0.55633544921875,0.8309326171875,-3.0,5.0,25.0,-13.0,4.0,980.0,526,526.0,-135.1214200573435,
80,3.049304723739624,0.03800368309020996,26.31323910438585,26.235488823789684,102385.5,-18.0,7.0,1000.0,6.5625,8.375,-22.875,-0.1875,0.0625,-0.0625,292.375,-0.75,-0.1875,-0.00201416015625,0.0068359375,0.55633544921875,0.8309326171875,-5.0,3.0,20.0,-13.0,4.0,980.0,526,526.0,0.0,
81,3.081308126449585,0.03200340270996094,31.246677394362,26.28753655134505,102386.25,-19.0,10.0,996.0,6.5625,9.5,-22.5625,0.0625,0.125,0.0,292.375,-0.75,-0.1875,-0.00201416015625,0.0068359375,0.55633544921875,0.8309326171875,-5.0,6.0,15.0,-13.0,4.0,980.0,498,498.0,-874.906967042136,
82,3.118311643600464,0.037003517150878906,27.02445813252236,26.296281248310766,102386.25,-18.0,11.0,1004.0,7.0,7.6875,-22.875,0.125,0.0,0.0,292.375,-0.75,-0.1875,-0.00201416015625,0.0068359375,0.55633544921875,0.8309326171875,-4.0,7.0,24.0,-13.0,4.0,980.0,494,494.0,-108.09783253008943,
83,3.155315399169922,0.03700375556945801,27.0242840114687,26.304818853238903,102386.25,-18.0,12.0,1002.0,7.0,7.6875,-22.875,0.0625,0.0,0.0,292.375,-0.75,-0.1875,-0.00201416015625,0.0068359375,0.55633544921875,0.8309326171875,-4.0,8.0,22.0,-13.0,4.0,980.0,498,498.0,108.0971360458748,
84,3.19231915473938,0.03700375556945801,27.0242840114687,26.313158530935713,102386.25,-18.0,11.0,1000.0,7.0,8.0,-22.0625,0.0,-0.0625,-0.0625,292.375,-0.75,-0.1875,-0.00201416015625,0.0068359375,0.55633544921875,0.8309326171875,-5.0,6.0,19.0,-13.0,4.0,980.0,470,470.0,-756.6799523211237,
85,3.229322671890259,0.037003517150878906,27.02445813252236,26.32130902863476,102386.25,-15.0,7.0,992.0,6.1875,8.0,-22.5625,-0.0625,-0.0625,0.0625,292.375,-0.75,-0.1875,-0.00201416015625,0.0068359375,0.55633544921875,0.8309326171875,-7.0,6.0,24.0,-13.0,4.0,980.0,465,465.0,-135.1222906626118,
86,3.274327278137207,0.04500460624694824,22.219947765187033,26.264937098446108,102386.25,-19.0,10.0,1000.0,7.0,7.25,-22.0625,0.0,0.0625,0.0,292.375,-0.75,-0.1875,-0.00201416015625,0.0068359375,0.55633544921875,0.8309326171875,-5.0,5.0,20.0,-13.0,4.0,980.0,512,512.0,1044.3375449637906,
87,3.31533145904541,0.041004180908203125,24.387757000651224,26.241720043597113,102386.25,-17.0,10.0,1008.0,7.6875,8.6875,-22.875,-0.0625,0.1875,0.0,292.375,-0.75,-0.1875,-0.00201416015625,0.0068359375,0.55633544921875,0.8309326171875,-4.0,6.0,28.0,-13.0,4.0,980.0,494,494.0,-438.979626011722,
88,3.3553354740142822,0.04000401496887207,24.99749089630429,26.226885711287128,102386.25,-18.0,10.0,1004.0,7.6875,8.6875,-22.875,0.0,0.0625,-0.0625,292.375,-0.75,-0.1875,-0.00201416015625,0.0068359375,0.55633544921875,0.8309326171875,-5.0,6.0,24.0,-13.0,4.0,980.0,489,489.0,-124.98745448152144,
89,3.3953394889831543,0.04000401496887207,24.99749089630429,26.21240093627691,102386.25,-19.0,12.0,1002.0,6.1875,8.375,-22.5625,-0.125,0.0,0.1875,292.375,-0.75,-0.1875,-0.00201416015625,0.0068359375,0.55633544921875,0.8309326171875,-6.0,8.0,22.0,-13.0,4.0,980.0,456,456.0,-824.9171995780415,
90,3.4373435974121094,0.04200410842895508,23.807194995969986,26.18300948085573,102386.25,-19.0,11.0,994.0,7.375,7.6875,-22.0625,-0.125,0.0,-0.0625,292.375,-0.75,-0.1875,-0.00201416015625,0.0068359375,0.55633544921875,0.8309326171875,-6.0,7.0,13.0,-13.0,4.0,980.0,461,461.0,119.03597497984993,
91,3.4743471145629883,0.037003517150878906,27.02445813252236,26.19197132565328,102376.75,-19.0,9.0,1001.0,7.0,8.0,-23.6875,-0.125,0.125,0.0,292.375,-0.75,-0.1875,-0.00201416015625,0.0068359375,0.55633544921875,0.8309326171875,-5.0,4.0,21.0,-13.0,4.0,980.0,465,465.0,108.09783253008943,
92,3.5093507766723633,0.035003662109375,28.568439407149086,26.215675164634366,102376.75,-20.0,9.0,1006.0,7.0,7.6875,-23.6875,-0.1875,-0.0625,0.0625,292.375,-0.75,-0.1875,-0.00201416015625,0.0068359375,0.55633544921875,0.8309326171875,-7.0,4.0,25.0,-13.0,4.0,980.0,494,494.0,828.4847428073234,
93,3.5473544597625732,0.03800368309020996,26.31323910438585,26.216720391179784,102376.75,-20.0,11.0,1002.0,7.0,7.6875,-23.6875,-0.125,0.0,-0.0625,292.375,-0.75,-0.1875,-0.00201416015625,0.0068359375,0.55633544921875,0.8309326171875,-6.0,7.0,21.0,-13.0,4.0,980.0,498,498.0,105.2529564175434,
94,3.5853583812713623,0.03800392150878906,26.313074027603513,26.21774171614826,102376.75,-18.0,8.0,994.0,7.375,7.6875,-22.5625,-0.125,-0.0625,0.0,292.375,-0.75,-0.1875,-0.00201416015625,0.0068359375,0.55633544921875,0.8309326171875,-4.0,4.0,13.0,-13.0,4.0,980.0,503,503.0,131.56537013801756,
95,3.6213622093200684,0.036003828048706055,27.774824350544,26.233222337026817,102376.75,-19.0,11.0,1002.0,7.375,6.875,-21.6875,0.0625,-0.0625,-0.0625,292.375,-0.75,-0.1875,-0.00201416015625,0.0068359375,0.55633544921875,0.8309326171875,-5.0,7.0,21.0,-13.0,4.0,980.0,503,503.0,0.0,
96,3.6583657264709473,0.037003517150878906,27.02445813252236,26.241225502789376,102376.75,-19.0,7.0,1000.0,7.375,6.875,-21.6875,-0.1875,0.0625,0.0,292.375,-0.75,-0.1875,-0.00201416015625,0.0068359375,0.55633544921875,0.8309326171875,-4.0,4.0,24.0,-13.0,4.0,980.0,508,508.0,135.1222906626118,
97,3.6933693885803223,0.035003662109375,28.568439407149086,26.263281517391196,102376.75,-20.0,8.0,994.0,7.375,8.0,-22.5625,-0.125,0.0625,-0.125,292.375,-0.75,-0.1875,-0.00201416015625,0.0068359375,0.55633544921875,0.8309326171875,-5.0,6.0,17.0,-13.0,4.0,980.0,517,517.0,257.11595466434176,
98,3.727372407913208,0.03400301933288574,29.409153058147933,26.29197978499441,102376.75,-16.0,11.0,1005.0,7.375,7.6875,-22.5625,-0.0625,-0.125,0.0,292.375,-0.75,-0.1875,-0.00201416015625,0.0068359375,0.55633544921875,0.8309326171875,-4.0,6.0,24.0,-13.0,4.0,980.0,508,508.0,-264.6823775233314,
99,3.764376163482666,0.03700375556945801,27.0242840114687,26.299178323456587,102376.75,-19.0,10.0,1004.0,7.375,7.6875,-20.5,0.0,0.125,0.0,292.375,-0.75,-0.1875,-0.00201416015625,0.0068359375,0.55633544921875,0.8309326171875,-5.0,8.0,26.0,-13.0,4.0,980.0,531,531.0,621.5585322637802,
100,3.802380323410034,0.038004159927368164,26.31290895289239,26.299315558817757,102376.75,-15.0,9.0,999.0,7.375,7.6875,-20.5,0.125,0.125,0.0,292.375,-0.75,-0.1875,-0.00201416015625,0.0068359375,0.55633544921875,0.8309326171875,-5.0,5.0,27.0,-13.0,4.0,980.0,522,522.0,-236.8161805760315,
101,3.838383913040161,0.03600358963012695,27.77500827759751,26.313157382947598,102378.5,-21.0,10.0,1006.0,7.0,8.0,-22.5625,-0.0625,-0.0625,0.0,292.375,-0.75,-0.1875,-0.00201416015625,0.0068359375,0.55633544921875,0.8309326171875,-8.0,3.0,14.0,-13.0,4.0,980.0,564,564.0,1166.5503476590955,
102,3.874387502670288,0.03600358963012695,27.77500827759751,26.326741950747056,102378.5,-17.0,9.0,1006.0,7.0,8.375,-21.25,-0.25,-0.0625,-0.0625,292.375,-0.75,-0.1875,-0.00201416015625,0.0068359375,0.55633544921875,0.8309326171875,-3.0,5.0,21.0,-13.0,4.0,980.0,512,512.0,-1444.3004304350704,
103,3.908390522003174,0.03400301933288574,29.409153058147933,26.353558944567606,102378.5,-20.0,11.0,998.0,7.0,8.375,-21.25,0.0,0.1875,0.0625,292.375,-0.75,-0.1875,-0.00201416015625,0.0068359375,0.55633544921875,0.8309326171875,-6.0,7.0,24.0,-13.0,4.0,980.0,540,540.0,823.4562856281422,
104,3.945394277572632,0.03700375556945801,27.0242840114687,26.359849658418693,102378.5,-21.0,11.0,995.0,7.0,8.375,-22.0625,0.1875,0.0625,0.125,292.375,-0.75,-0.1875,-0.00201416015625,0.0068359375,0.55633544921875,0.8309326171875,-4.0,4.0,23.0,-13.0,4.0,980.0,545,545.0,135.1214200573435,
105,3.981397867202759,0.03600358963012695,27.77500827759751,26.372646869821793,102378.5,-20.0,8.0,999.0,6.5625,8.375,-22.5625,0.0,0.0,0.0,292.375,-0.75,-0.1875,-0.00201416015625,0.0068359375,0.55633544921875,0.8309326171875,-4.0,6.0,15.0,-13.0,4.0,980.0,522,522.0,-638.8251903847428,
106,4.020401954650879,0.03900408744812012,25.638338580029952,26.36552294911138,102378.5,-20.0,8.0,1005.0,6.5625,8.0,-23.375,0.0625,0.0625,0.0625,292.375,-0.75,-0.1875,-0.00201416015625,0.0068359375,0.55633544921875,0.8309326171875,-5.0,4.0,24.0,-13.0,4.0,980.0,578,578.0,1435.7469604816772,
107,4.057405710220337,0.03700375556945801,27.0242840114687,26.371530884987436,102378.5,-19.0,8.0,1000.0,6.5625,8.0,-23.375,0.0625,0.125,-0.0625,292.375,-0.75,-0.1875,-0.00201416015625,0.0068359375,0.55633544921875,0.8309326171875,-5.0,5.0,24.0,-13.0,4.0,980.0,545,545.0,-891.8013723784671,
108,4.090408802032471,0.03300309181213379,30.300191439407623,26.403228925758278,102378.5,-16.0,8.0,996.0,6.5625,8.0,-22.5625,0.0625,0.0,0.0625,292.375,-0.75,-0.1875,-0.00201416015625,0.0068359375,0.55633544921875,0.8309326171875,-3.0,4.0,16.0,-13.0,4.0,980.0,578,578.0,999.9063175004516,
109,4.1224119663238525,0.032003164291381836,31.246910177231786,26.440831457512093,102378.5,-18.0,11.0,1005.0,6.1875,7.25,-22.0625,-0.125,0.0625,0.1875,292.375,-0.75,-0.1875,-0.00201416015625,0.0068359375,0.55633544921875,0.8309326171875,-8.0,7.0,24.0,-13.0,4.0,980.0,601,601.0,718.6789340763311,
110,4.1554155349731445,0.03300356864929199,30.29975366077427,26.47148018632772,102378.5,-18.0,10.0,1001.0,6.1875,7.25,-22.0625,-0.125,0.125,0.0,292.375,-0.75,-0.1875,-0.00201416015625,0.0068359375,0.55633544921875,0.8309326171875,-5.0,6.0,23.0,-13.0,4.0,980.0,606,606.0,151.49876830387134,
111,4.1914191246032715,0.03600358963012695,27.77500827759751,26.482677274730055,102378.5,-20.0,9.0,993.0,7.0,9.0625,-23.375,0.0625,0.125,0.0625,292.375,-0.75,-0.1875,-0.00201416015625,0.0068359375,0.55633544921875,0.8309326171875,-7.0,5.0,12.0,-13.0,4.0,980.0,554,554.0,-1444.3004304350704,
112,4.226422548294067,0.0350034236907959,28.56863399516398,26.499953263122528,102372.75,-18.0,10.0,1004.0,7.6875,8.375,-22.0625,0.0625,-0.0625,-0.0625,292.375,-0.75,-0.1875,-0.00201416015625,0.0068359375,0.55633544921875,0.8309326171875,-4.0,6.0,24.0,-13.0,4.0,980.0,569,569.0,428.52950992745974,
113,4.262426137924194,0.03600358963012695,27.77500827759751,26.51072331661121,102372.75,-18.0,11.0,1006.0,7.6875,8.375,-22.0625,-0.0625,0.0,-0.0625,292.375,-0.75,-0.1875,-0.00201416015625,0.0068359375,0.55633544921875,0.8309326171875,-4.0,6.0,25.0,-13.0,4.0,980.0,536,536.0,-916.5752731607179,
114,4.297429800033569,0.035003662109375,28.568439407149086,26.527483939146485,102372.75,-19.0,11.0,992.0,7.375,7.6875,-21.6875,0.0625,0.0,0.0625,292.375,-0.75,-0.1875,-0.00201416015625,0.0068359375,0.55633544921875,0.8309326171875,-3.0,6.0,16.0,-13.0,4.0,980.0,615,615.0,2256.9067131647776,
115,4.333433389663696,0.03600358963012695,27.77500827759751,26.537848781592736,102372.75,-18.0,9.0,1007.0,7.0,8.6875,-21.25,-0.1875,0.0,0.0,292.375,-0.75,-0.1875,-0.00201416015625,0.0068359375,0.55633544921875,0.8309326171875,-5.0,7.0,15.0,-13.0,4.0,980.0,644,644.0,805.4752400503278,
116,4.367436408996582,0.03400301933288574,29.409153058147933,26.560203546650147,102372.75,-18.0,9.0,1002.0,7.0,8.6875,-21.25,-0.125,0.0,-0.25,292.375,-0.75,-0.1875,-0.00201416015625,0.0068359375,0.55633544921875,0.8309326171875,-4.0,4.0,21.0,-13.0,4.0,980.0,634,634.0,-294.09153058147933,
117,4.411441087722778,0.04400467872619629,22.724856286808727,26.521945476188225,102372.75,-18.0,9.0,1005.0,7.375,8.375,-21.6875,0.0625,0.25,0.0,292.375,-0.75,-0.1875,-0.00201416015625,0.0068359375,0.55633544921875,0.8309326171875,-5.0,4.0,24.0,-13.0,4.0,980.0,662,662.0,636.2959760306444,
118,4.4564454555511475,0.04500436782836914,22.220065479280787,26.478502020711133,102372.75,-20.0,11.0,999.0,7.0,8.375,-22.5625,0.1875,0.0,0.0,292.375,-0.75,-0.1875,-0.00201416015625,0.0068359375,0.55633544921875,0.8309326171875,-6.0,6.0,24.0,-13.0,4.0,980.0,601,601.0,-1355.423994236128,
119,4.4924492835998535,0.036003828048706055,27.774824350544,26.48889113438001,102372.75,-20.0,7.0,994.0,7.0,8.75,-22.5625,-0.0625,0.0,-0.0625,292.375,-0.75,-0.1875,-0.00201416015625,0.0068359375,0.55633544921875,0.8309326171875,-5.0,5.0,18.0,-13.0,4.0,980.0,736,736.0,3749.60128732344,
120,4.5324530601501465,0.04000377655029297,24.997639878894795,26.475729237011617,102372.75,-20.0,11.0,1005.0,7.0,7.6875,-22.0625,-0.0625,-0.1875,-0.125,292.375,-0.75,-0.1875,-0.00201416015625,0.0068359375,0.55633544921875,0.8309326171875,-3.0,10.0,13.0,-13.0,4.0,980.0,611,611.0,-3124.7049848618494,
121,4.5694568157196045,0.03700375556945801,27.0242840114687,26.480171468902427,102372.75,-17.0,13.0,1007.0,6.5625,8.375,-22.875,0.0625,0.0625,0.0625,292.375,-0.75,-0.1875,-0.00201416015625,0.0068359375,0.55633544921875,0.8309326171875,-7.0,7.0,21.0,-13.0,4.0,980.0,606,606.0,-135.1214200573435,
122,4.6064605712890625,0.03700375556945801,27.0242840114687,26.484542331784198,102360.0,-17.0,15.0,1003.0,6.5625,8.375,-22.875,0.0,-0.1875,0.125,292.375,-0.75,-0.1875,-0.00201416015625,0.0068359375,0.55633544921875,0.8309326171875,-3.0,11.0,22.0,-13.0,4.0,980.0,644,644.0,1026.9227924358106,
123,4.6454644203186035,0.039003849029541016,25.638495299338608,26.477438824418808,102360.0,-20.0,11.0,998.0,7.0,8.0,-22.5625,-0.0625,-0.1875,-0.0625,292.375,-0.75,-0.1875,-0.00201416015625,0.0068359375,0.55633544921875,0.8309326171875,-4.0,4.0,18.0,-13.0,4.0,980.0,630,630.0,-358.9389341907405,
124,4.691468954086304,0.046004533767700195,21.736988033603343,26.430953974872857,102360.0,-19.0,8.0,995.0,6.1875,8.0,-22.875,-0.0625,-0.125,-0.0625,292.375,-0.75,-0.1875,-0.00201416015625,0.0068359375,0.55633544921875,0.8309326171875,-5.0,5.0,17.0,-13.0,4.0,980.0,745,745.0,2499.7536238643843,
125,4.729472637176514,0.03800368309020996,26.31323910438585,26.430008076888836,102360.0,-18.0,9.0,1005.0,7.375,7.6875,-21.6875,-0.0625,0.0625,0.0625,292.375,-0.75,-0.1875,-0.00201416015625,0.0068359375,0.55633544921875,0.8309326171875,-4.0,4.0,24.0,-13.0,4.0,980.0,639,639.0,-2789.2033450649,
126,4.769476890563965,0.04000425338745117,24.9973419154896,26.417991509568083,102360.0,-20.0,11.0,1003.0,6.1875,7.6875,-22.875,0.0625,0.0625,0.0625,292.375,-0.75,-0.1875,-0.00201416015625,0.0068359375,0.55633544921875,0.8309326171875,-4.0,4.0,24.0,-13.0,4.0,980.0,639,639.0,0.0,
127,4.808480739593506,0.039003849029541016,25.638495299338608,26.411668649157612,102360.0,-17.0,11.0,1005.0,6.1875,7.6875,-22.875,-0.1875,0.0,-0.1875,292.375,-0.75,-0.1875,-0.00201416015625,0.0068359375,0.55633544921875,0.8309326171875,-3.0,6.0,24.0,-13.0,4.0,980.0,653,653.0,358.9389341907405,
128,4.846484422683716,0.03800368309020996,26.31323910438585,26.410896814380074,102360.0,-17.0,10.0,996.0,7.6875,7.6875,-22.5625,-0.0625,-0.125,-0.125,292.375,-0.75,-0.1875,-0.00201416015625,0.0068359375,0.55633544921875,0.8309326171875,-5.0,6.0,21.0,-13.0,4.0,980.0,611,611.0,-1105.1560423842056,
129,4.883488178253174,0.03700375556945801,27.0242840114687,26.415544645823914,102360.0,-16.0,11.0,997.0,6.1875,8.6875,-21.6875,-0.0625,0.0625,0.0625,292.375,-0.75,-0.1875,-0.00201416015625,0.0068359375,0.55633544921875,0.8309326171875,-5.0,4.0,14.0,-13.0,4.0,980.0,662,662.0,1378.2384845849037,
130,4.920491933822632,0.03700375556945801,27.0242840114687,26.420122570753936,102360.0,-18.0,8.0,1006.0,6.5625,7.6875,-23.6875,-0.1875,-0.125,-0.125,292.375,-0.75,-0.1875,-0.00201416015625,0.0068359375,0.55633544921875,0.8309326171875,-5.0,4.0,26.0,-13.0,4.0,980.0,625,625.0,-999.898508424342,
131,4.958495616912842,0.03800368309020996,26.31323910438585,26.41930337765642,102360.0,-19.0,8.0,1003.0,6.5625,7.6875,-23.6875,0.0625,-0.0625,-0.0625,292.375,-0.75,-0.1875,-0.00201416015625,0.0068359375,0.55633544921875,0.8309326171875,-5.0,4.0,23.0,-13.0,4.0,980.0,620,620.0,-131.56619552192925,
132,5.005500316619873,0.04700469970703125,21.274468430449602,26.370990240819182,102376.25,-18.0,9.0,1003.0,7.375,6.5,-23.0,0.0625,-0.0625,0.0625,292.375,-0.75,-0.1875,-0.00201416015625,0.0068359375,0.55633544921875,0.8309326171875,-5.0,6.0,17.0,-13.0,4.0,980.0,625,625.0,106.37234215224801,
133,5.043504238128662,0.03800392150878906,26.313074027603513,26.37055382932487,102376.25,-19.0,10.0,995.0,7.0,8.0,-23.375,0.0625,-0.0625,0.0,292.375,-0.75,-0.1875,-0.00201416015625,0.0068359375,0.55633544921875,0.8309326171875,-6.0,5.0,14.0,-13.0,4.0,980.0,573,573.0,-1368.2798494353826,
134,5.081508159637451,0.03800392150878906,26.313074027603513,26.37012394555723,102376.25,-16.0,8.0,1000.0,6.5625,8.0,-22.875,0.0,-0.125,0.0,292.375,-0.75,-0.1875,-0.00201416015625,0.0068359375,0.55633544921875,0.8309326171875,-3.0,4.0,20.0,-13.0,4.0,980.0,569,569.0,-105.25229611041405,
135,5.118511915206909,0.03700375556945801,27.0242840114687,26.37485312848838,102376.25,-16.0,11.0,1006.0,7.375,8.375,-22.5625,0.0625,0.0,0.0625,292.375,-0.75,-0.1875,-0.00201416015625,0.0068359375,0.55633544921875,0.8309326171875,-2.0,7.0,25.0,-13.0,4.0,980.0,573,573.0,108.0971360458748,
136,5.156515598297119,0.03800368309020996,26.31323910438585,26.374399031181532,102376.25,-17.0,9.0,1003.0,7.375,8.375,-22.5625,0.0,-0.0625,0.0,292.375,-0.75,-0.1875,-0.00201416015625,0.0068359375,0.55633544921875,0.8309326171875,-4.0,5.0,23.0,-13.0,4.0,980.0,639,639.0,1736.6737808894661,
137,5.19551944732666,0.039003849029541016,25.638495299338608,26.3688744482504,102376.25,-18.0,9.0,997.0,6.5625,7.6875,-21.6875,0.125,-0.0625,-0.0625,292.375,-0.75,-0.1875,-0.00201416015625,0.0068359375,0.55633544921875,0.8309326171875,-5.0,5.0,16.0,-13.0,4.0,980.0,559,559.0,-2051.0796239470887,
138,5.234523296356201,0.039003849029541016,25.638495299338608,26.363432195642925,102376.25,-19.0,10.0,1007.0,6.5625,8.375,-23.375,0.125,0.0625,0.0,292.375,-0.75,-0.1875,-0.00201416015625,0.0068359375,0.55633544921875,0.8309326171875,-5.0,5.0,26.0,-13.0,4.0,980.0,592,592.0,846.0703448781741,
139,5.272526979446411,0.03800368309020996,26.31323910438585,26.36307041042288,102376.25,-18.0,9.0,1004.0,7.0,8.0,-21.6875,-0.0625,0.0,0.0625,292.375,-0.75,-0.1875,-0.00201416015625,0.0068359375,0.55633544921875,0.8309326171875,-4.0,5.0,23.0,-13.0,4.0,980.0,583,583.0,-236.81915193947265,
140,5.309530735015869,0.03700375556945801,27.0242840114687,26.36767861172981,102376.25,-18.0,8.0,1005.0,7.0,8.0,-21.6875,0.125,-0.125,-0.0625,292.375,-0.75,-0.1875,-0.00201416015625,0.0068359375,0.55633544921875,0.8309326171875,-5.0,4.0,24.0,-13.0,4.0,980.0,559,559.0,-648.5828162752489,
141,5.348534822463989,0.03900408744812012,25.638338580029952,26.362359913559175,102381.75,-20.0,11.0,999.0,7.375,8.0,-22.1875,-0.0625,-0.0625,0.0,292.375,-0.75,-0.1875,-0.00201416015625,0.0068359375,0.55633544921875,0.8309326171875,-6.0,7.0,19.0,-13.0,4.0,980.0,569,569.0,256.3833858002995,
142,5.388538837432861,0.04000401496887207,24.99749089630429,26.352227251952,102381.75,-18.0,9.0,995.0,7.375,8.0,-22.875,-0.0625,0.125,0.125,292.375,-0.75,-0.1875,-0.00201416015625,0.0068359375,0.55633544921875,0.8309326171875,-5.0,5.0,14.0,-13.0,4.0,980.0,540,540.0,-724.9272359928243,
143,5.428542613983154,0.04000377655029297,24.997639878894795,26.342245086490124,102381.75,-17.0,10.0,1009.0,6.5625,8.375,-22.5625,0.125,0.1875,-0.0625,292.375,-0.75,-0.1875,-0.00201416015625,0.0068359375,0.55633544921875,0.8309326171875,-4.0,6.0,29.0,-13.0,4.0,980.0,564,564.0,599.9433570934751,
144,5.4685468673706055,0.04000425338745117,24.9973419154896,26.332406668983765,102381.75,-19.0,10.0,1005.0,7.0,8.0,-22.1875,0.0625,-0.0625,0.125,292.375,-0.75,-0.1875,-0.00201416015625,0.0068359375,0.55633544921875,0.8309326171875,-6.0,5.0,24.0,-13.0,4.0,980.0,531,531.0,-824.9122832111568,
145,5.508550643920898,0.04000377655029297,24.997639878894795,26.3227134273547,102381.75,-20.0,7.0,1005.0,7.0,8.0,-22.1875,-0.0625,-0.0625,0.0625,292.375,-0.75,-0.1875,-0.00201416015625,0.0068359375,0.55633544921875,0.8309326171875,-6.0,3.0,24.0,-13.0,4.0,980.0,536,536.0,124.98819939447398,
146,5.5485546588897705,0.04000401496887207,24.99749089630429,26.313158827061756,102381.75,-17.0,11.0,998.0,6.5625,8.375,-22.5625,-0.0625,0.0625,0.0,292.375,-0.75,-0.1875,-0.00201416015625,0.0068359375,0.55633544921875,0.8309326171875,-3.0,7.0,18.0,-13.0,4.0,980.0,540,540.0,99.98996358521715,
147,5.588558912277222,0.04000425338745117,24.9973419154896,26.30373989206111,102381.75,-18.0,10.0,994.0,7.375,8.375,-22.875,0.0625,0.0,0.0,292.375,-0.75,-0.1875,-0.00201416015625,0.0068359375,0.55633544921875,0.8309326171875,-5.0,5.0,13.0,-13.0,4.0,980.0,550,550.0,249.973419154896,
148,5.628562688827515,0.04000377655029297,24.997639878894795,26.294457072277872,102381.75,-17.0,9.0,1006.0,7.0,8.0,-22.875,0.0625,-0.1875,0.0625,292.375,-0.75,-0.1875,-0.00201416015625,0.0068359375,0.55633544921875,0.8309326171875,-4.0,5.0,25.0,-13.0,4.0,980.0,517,517.0,-824.9221160035282,
149,5.667566537857056,0.039003849029541016,25.638495299338608,26.289942783157493,102381.75,-19.0,11.0,1007.0,7.375,8.75,-23.375,-0.125,0.0,0.0,292.375,-0.75,-0.1875,-0.00201416015625,0.0068359375,0.55633544921875,0.8309326171875,-5.0,6.0,26.0,-13.0,4.0,980.0,559,559.0,1076.8168025722214,
150,5.705570459365845,0.03800392150878906,26.313074027603513,26.290096856795632,102381.75,-18.0,11.0,1001.0,7.375,8.75,-23.375,-0.0625,-0.125,-0.125,292.375,-0.75,-0.1875,-0.00201416015625,0.0068359375,0.55633544921875,0.8309326171875,-5.0,6.0,21.0,-13.0,4.0,980.0,536,536.0,-605.2007026348808,
151,5.745574235916138,0.04000377655029297,24.997639878894795,26.281098076513302,102377.75,-19.0,11.0,996.0,7.0,8.0,-22.5625,0.0625,-0.125,-0.125,292.375,-0.75,-0.1875,-0.00201416015625,0.0068359375,0.55633544921875,0.8309326171875,-6.0,6.0,15.0,-13.0,4.0,980.0,512,512.0,-599.9433570934751,
152,5.783578395843506,0.038004159927368164,26.31290895289239,26.28130710724663,102377.75,-17.0,10.0,1002.0,5.875,9.0625,-21.6875,0.0,0.0625,0.125,292.375,-0.75,-0.1875,-0.00201416015625,0.0068359375,0.55633544921875,0.8309326171875,-4.0,6.0,21.0,-13.0,4.0,980.0,573,573.0,1605.087446126436,
153,5.822582244873047,0.039003849029541016,25.638495299338608,26.277001090834045,102377.75,-16.0,11.0,1004.0,7.0,8.0,-22.5625,0.0,0.0,0.0,292.375,-0.75,-0.1875,-0.00201416015625,0.0068359375,0.55633544921875,0.8309326171875,-2.0,7.0,23.0,-13.0,4.0,980.0,498,498.0,-1922.8871474503956,
154,5.861586093902588,0.039003849029541016,25.638495299338608,26.272752380144308,102377.75,-16.0,9.0,1003.0,7.0,8.0,-22.5625,0.25,-0.0625,0.125,292.375,-0.75,-0.1875,-0.00201416015625,0.0068359375,0.55633544921875,0.8309326171875,-3.0,4.0,22.0,-13.0,4.0,980.0,470,470.0,-717.877868381481,
155,5.901589870452881,0.04000377655029297,24.997639878894795,26.264109062547494,102377.75,-19.0,11.0,998.0,7.375,8.0,-21.6875,0.25,-0.125,-0.0625,292.375,-0.75,-0.1875,-0.00201416015625,0.0068359375,0.55633544921875,0.8309326171875,-5.0,6.0,17.0,-13.0,4.0,980.0,489,489.0,474.9551576990011,
156,5.941594123840332,0.04000425338745117,24.9973419154896,26.25558002591565,102377.75,-17.0,11.0,995.0,7.375,8.6875,-23.375,0.0,0.0625,0.0625,292.375,-0.75,-0.1875,-0.00201416015625,0.0068359375,0.55633544921875,0.8309326171875,-3.0,6.0,15.0,-13.0,4.0,980.0,465,465.0,-599.9362059717504,
157,5.981597900390625,0.04000377655029297,24.997639878894795,26.247167164102958,102377.75,-17.0,9.0,1004.0,7.0,8.6875,-22.5625,-0.0625,0.0625,0.0625,292.375,-0.75,-0.1875,-0.00201416015625,0.0068359375,0.55633544921875,0.8309326171875,-3.0,4.0,23.0,-13.0,4.0,980.0,475,475.0,249.97639878894796,
158,6.021601915359497,0.04000401496887207,24.99749089630429,26.23886504303518,102377.75,-17.0,8.0,1006.0,7.375,8.0,-21.6875,0.125,-0.0625,0.0,292.375,-0.75,-0.1875,-0.00201416015625,0.0068359375,0.55633544921875,0.8309326171875,-4.0,4.0,25.0,-13.0,4.0,980.0,498,498.0,574.9422906149986,
159,6.061606168746948,0.04000425338745117,24.9973419154896,26.23067147116692,102377.75,-18.0,9.0,1003.0,7.375,8.0,-21.6875,-0.0625,-0.0625,0.125,292.375,-0.75,-0.1875,-0.00201416015625,0.0068359375,0.55633544921875,0.8309326171875,-4.0,4.0,22.0,-13.0,4.0,980.0,479,479.0,-474.9494963943024,
160,6.101609945297241,0.04000377655029297,24.997639878894795,26.22258738832011,102377.75,-17.0,10.0,995.0,7.375,7.6875,-23.375,0.0,0.0,0.0625,292.375,-0.75,-0.1875,-0.00201416015625,0.0068359375,0.55633544921875,0.8309326171875,-3.0,5.0,15.0,-13.0,4.0,980.0,461,461.0,-449.9575178201063,
161,6.141613960266113,0.04000401496887207,24.99749089630429,26.214607600153354,102376.25,-17.0,7.0,996.0,7.375,9.0625,-23.0,0.125,0.0,0.0,292.375,-0.75,-0.1875,-0.00201416015625,0.0068359375,0.55633544921875,0.8309326171875,-4.0,3.0,15.0,-13.0,4.0,980.0,456,456.0,-124.98745448152144,
162,6.1816182136535645,0.04000425338745117,24.9973419154896,26.206730082777472,102376.25,-18.0,9.0,1005.0,6.1875,8.0,-22.875,-0.0625,-0.125,-0.125,292.375,-0.75,-0.1875,-0.00201416015625,0.0068359375,0.55633544921875,0.8309326171875,-4.0,4.0,24.0,-13.0,4.0,980.0,465,465.0,224.9760772394064,
163,6.221621990203857,0.04000377655029297,24.997639878894795,26.198955876240746,102376.25,-17.0,10.0,1006.0,7.0,9.0625,-22.875,0.1875,-0.1875,0.0625,292.375,-0.75,-0.1875,-0.00201416015625,0.0068359375,0.55633544921875,0.8309326171875,-4.0,4.0,24.0,-13.0,4.0,980.0,442,442.0,-574.9457172145803,
164,6.2616260051727295,0.04000401496887207,24.99749089630429,26.19128000690549,102376.25,-19.0,9.0,1000.0,7.0,9.0625,-22.875,0.25,0.0625,0.0,292.375,-0.75,-0.1875,-0.00201416015625,0.0068359375,0.55633544921875,0.8309326171875,-5.0,5.0,21.0,-13.0,4.0,980.0,498,498.0,1399.85949019304,
165,6.301630020141602,0.04000401496887207,24.99749089630429,26.183701593495385,102376.25,-18.0,9.0,994.0,6.1875,8.375,-21.375,0.0,0.125,0.0,292.375,-0.75,-0.1875,-0.00201416015625,0.0068359375,0.55633544921875,0.8309326171875,-3.0,5.0,18.0,-13.0,4.0,980.0,479,479.0,-474.95232702978143,
166,6.341634035110474,0.04000401496887207,24.99749089630429,26.176218791708976,102376.25,-18.0,9.0,1006.0,6.5625,8.0,-22.5625,-0.125,0.0625,0.0,292.375,-0.75,-0.1875,-0.00201416015625,0.0068359375,0.55633544921875,0.8309326171875,-3.0,5.0,13.0,-13.0,4.0,980.0,540,540.0,1524.8469446745614,
167,6.381638050079346,0.04000401496887207,24.99749089630429,26.168829803489658,102376.25,-16.0,9.0,1006.0,7.0,8.75,-22.5625,-0.1875,0.0625,-0.1875,292.375,-0.75,-0.1875,-0.00201416015625,0.0068359375,0.55633544921875,0.8309326171875,-5.0,4.0,24.0,-13.0,4.0,980.0,503,503.0,-924.9071631632586,
168,6.421641826629639,0.04000377655029297,24.997639878894795,26.161533846893764,102376.25,-20.0,11.0,1001.0,7.0,8.0,-22.5625,0.0625,0.0625,0.0625,292.375,-0.75,-0.1875,-0.00201416015625,0.0068359375,0.55633544921875,0.8309326171875,-4.0,4.0,25.0,-13.0,4.0,980.0,526,526.0,574.9457172145803,
169,6.46164608001709,0.04000425338745117,24.9973419154896,26.154326298161013,102376.25,-18.0,10.0,999.0,7.0,8.0,-22.5625,0.0,0.1875,-0.0625,292.375,-0.75,-0.1875,-0.00201416015625,0.0068359375,0.55633544921875,0.8309326171875,-6.0,8.0,22.0,-13.0,4.0,980.0,550,550.0,599.9362059717504,
170,6.501650094985962,0.04000401496887207,24.99749089630429,26.147208403464084,102370.0,-20.0,11.0,995.0,6.1875,8.0,-21.375,0.125,0.0,0.125,292.375,-0.75,-0.1875,-0.00201416015625,0.0068359375,0.55633544921875,0.8309326171875,-6.0,6.0,18.0,-13.0,4.0,980.0,484,484.0,-1649.834399156083,
171,6.541653871536255,0.04000377655029297,24.997639878894795,26.140178517247357,102370.0,-19.0,9.0,1007.0,6.5625,7.6875,-22.5625,0.0625,0.0,0.0,292.375,-0.75,-0.1875,-0.00201416015625,0.0068359375,0.55633544921875,0.8309326171875,-4.0,5.0,11.0,-13.0,4.0,980.0,508,508.0,599.9433570934751,
172,6.581658124923706,0.04000425338745117,24.9973419154896,26.133232193976013,102370.0,-17.0,11.0,1007.0,7.0,8.75,-22.5625,0.1875,0.0625,-0.0625,292.375,-0.75,-0.1875,-0.00201416015625,0.0068359375,0.55633544921875,0.8309326171875,-2.0,3.0,24.0,-13.0,4.0,980.0,475,475.0,-824.9122832111568,
173,6.621661901473999,0.04000377655029297,24.997639878894795,26.126371683442454,102370.0,-18.0,8.0,1001.0,7.0,8.75,-22.5625,0.0625,0.0625,-0.0625,292.375,-0.75,-0.1875,-0.00201416015625,0.0068359375,0.55633544921875,0.8309326171875,-5.0,6.0,24.0,-13.0,4.0,980.0,437,437.0,-949.9103153980022,
174,6.661665916442871,0.04000401496887207,24.99749089630429,26.119592633806345,102370.0,-18.0,8.0,1001.0,7.6875,8.375,-23.0,-0.125,0.0,0.0625,292.375,-0.75,-0.1875,-0.00201416015625,0.0068359375,0.55633544921875,0.8309326171875,-5.0,5.0,19.0,-13.0,4.0,980.0,461,461.0,599.9397815113028,
175,6.700670003890991,0.03900408744812012,25.638338580029952,26.116791290778355,102370.0,-16.0,11.0,994.0,6.1875,8.375,-22.875,0.0,0.1875,-0.0625,292.375,-0.75,-0.1875,-0.00201416015625,0.0068359375,0.55633544921875,0.8309326171875,-6.0,4.0,21.0,-13.0,4.0,980.0,465,465.0,102.55335432011981,
176,6.746674537658691,0.046004533767700195,21.736988033603343,26.086926087452493,102370.0,-17.0,9.0,995.0,7.0,8.75,-22.1875,0.0,-0.125,-0.125,292.375,-0.75,-0.1875,-0.00201416015625,0.0068359375,0.55633544921875,0.8309326171875,-4.0,5.0,15.0,-13.0,4.0,980.0,437,437.0,-608.6356649408935,
177,6.7866785526275635,0.04000401496887207,24.99749089630429,26.08050442163226,102370.0,-20.0,8.0,1003.0,7.6875,7.6875,-22.0625,0.0625,0.0,0.0,292.375,-0.75,-0.1875,-0.00201416015625,0.0068359375,0.55633544921875,0.8309326171875,-7.0,4.0,23.0,-13.0,4.0,980.0,456,456.0,474.95232702978143,
178,6.8266825675964355,0.04000401496887207,24.99749089630429,26.07415801708661,102370.0,-18.0,10.0,1006.0,7.375,8.0,-22.5625,-15.8125,-0.0625,-0.125,292.375,-0.75,-0.1875,-0.00201416015625,0.0068359375,0.55633544921875,0.8309326171875,-3.0,5.0,23.0,-13.0,4.0,980.0,437,437.0,-474.95232702978143,
179,6.8666863441467285,0.04000377655029297,24.997639878894795,26.06788646354619,102367.75,-18.0,9.0,1003.0,7.375,8.0,-22.5625,-0.0625,0.0,0.0,292.375,-0.75,-0.1875,-0.00201416015625,0.0068359375,0.55633544921875,0.8309326171875,-4.0,4.0,23.0,-13.0,4.0,980.0,461,461.0,599.9433570934751,
180,6.90669059753418,0.04000425338745117,24.9973419154896,26.061685760798873,102367.75,-18.0,11.0,998.0,7.375,8.75,-22.1875,0.25,-0.0625,-0.0625,292.375,-0.75,-0.1875,-0.00201416015625,0.0068359375,0.55633544921875,0.8309326171875,-5.0,7.0,18.0,-13.0,4.0,980.0,442,442.0,-474.9494963943024,
181,6.946694612503052,0.04000401496887207,24.99749089630429,26.05555736885655,102367.75,-16.0,11.0,994.0,7.0,8.375,-22.1875,0.1875,0.0625,0.0625,292.375,-0.75,-0.1875,-0.00201416015625,0.0068359375,0.55633544921875,0.8309326171875,-3.0,7.0,13.0,-13.0,4.0,980.0,479,479.0,924.9071631632586,
182,6.986698389053345,0.04000377655029297,24.997639878894795,26.04950004499334,102367.75,-19.0,11.0,1005.0,6.5625,7.6875,-23.375,0.125,0.0,-0.1875,292.375,-0.75,-0.1875,-0.00201416015625,0.0068359375,0.55633544921875,0.8309326171875,-5.0,6.0,24.0,-13.0,4.0,980.0,451,451.0,-699.9339166090543,
183,7.026702642440796,0.04000425338745117,24.9973419154896,26.043509923800205,102367.75,-18.0,10.0,1003.0,7.6875,7.6875,-21.6875,0.0,0.0,-0.125,292.375,-0.75,-0.1875,-0.00201416015625,0.0068359375,0.55633544921875,0.8309326171875,-4.0,5.0,25.0,-13.0,4.0,980.0,475,475.0,599.9362059717504,
184,7.066706418991089,0.04000377655029297,24.997639878894795,26.037589379051862,102367.75,-21.0,10.0,1004.0,7.6875,7.6875,-21.6875,0.125,-0.125,0.0,292.375,-0.75,-0.1875,-0.00201416015625,0.0068359375,0.55633544921875,0.8309326171875,-7.0,6.0,23.0,-13.0,4.0,980.0,494,494.0,474.9551576990011,
185,7.109710693359375,0.04300427436828613,23.25350246433779,26.020749363654705,102367.75,-18.0,7.0,1001.0,7.6875,8.375,-21.6875,0.0,0.125,0.0625,292.375,-0.75,-0.1875,-0.00201416015625,0.0068359375,0.55633544921875,0.8309326171875,-6.0,5.0,21.0,-13.0,4.0,980.0,465,465.0,-674.3515714657959,
186,7.154715299606323,0.04500460624694824,22.219947765187033,25.99684155290349,102367.75,-17.0,11.0,1001.0,7.6875,9.0625,-22.5625,0.0625,0.0,0.125,292.375,-0.75,-0.1875,-0.00201416015625,0.0068359375,0.55633544921875,0.8309326171875,-3.0,7.0,20.0,-13.0,4.0,980.0,479,479.0,311.07926871261844,
187,7.1997199058532715,0.04500460624694824,22.219947765187033,25.97323263200442,102367.75,-17.0,8.0,992.0,7.375,8.0,-21.6875,0.3125,-0.0625,-0.1875,292.375,-0.75,-0.1875,-0.00201416015625,0.0068359375,0.55633544921875,0.8309326171875,-3.0,6.0,21.0,-13.0,4.0,980.0,475,475.0,-88.87979106074813,
188,7.24472451210022,0.04500460624694824,22.219947765187033,25.949917030799487,102373.0,-21.0,11.0,994.0,7.6875,8.0,-21.375,-0.125,0.0,0.0,292.375,-0.75,-0.1875,-0.00201416015625,0.0068359375,0.55633544921875,0.8309326171875,-7.0,7.0,13.0,-13.0,4.0,980.0,498,498.0,511.0587985993018,
189,7.287728548049927,0.04300403594970703,23.253631384028562,25.934006563756167,102373.0,-20.0,9.0,1007.0,7.6875,7.6875,-23.375,0.125,0.0,0.0,292.375,-0.75,-0.1875,-0.00201416015625,0.0068359375,0.55633544921875,0.8309326171875,-7.0,4.0,26.0,-13.0,4.0,980.0,494,494.0,-93.01452553611425,
190,7.32873272895813,0.041004180908203125,24.387757000651224,25.925355314057256,102373.0,-21.0,11.0,1006.0,6.1875,8.75,-22.5625,-0.0625,0.0,-0.125,292.375,-0.75,-0.1875,-0.00201416015625,0.0068359375,0.55633544921875,0.8309326171875,-6.0,5.0,25.0,-13.0,4.0,980.0,484,484.0,-243.87757000651223,
191,7.369736909866333,0.041004180908203125,24.387757000651224,25.91680033303444,102373.0,-18.0,8.0,1004.0,6.1875,8.75,-22.5625,-0.125,0.0,0.125,292.375,-0.75,-0.1875,-0.00201416015625,0.0068359375,0.55633544921875,0.8309326171875,-4.0,4.0,23.0,-13.0,4.0,980.0,512,512.0,682.8571960182343,
192,7.41374135017395,0.04400444030761719,22.724979411382254,25.897855203094597,102373.0,-16.0,9.0,1004.0,7.375,8.375,-22.5625,0.25,0.0625,0.0625,292.375,-0.75,-0.1875,-0.00201416015625,0.0068359375,0.55633544921875,0.8309326171875,-2.0,5.0,23.0,-13.0,4.0,980.0,512,512.0,0.0,
193,7.454745292663574,0.04100394248962402,24.387898803951554,25.88954986697356,102373.0,-16.0,11.0,999.0,7.0,7.6875,-22.5625,0.0,0.0625,0.0,292.375,-0.75,-0.1875,-0.00201416015625,0.0068359375,0.55633544921875,0.8309326171875,-2.0,7.0,19.0,-13.0,4.0,980.0,536,536.0,585.3095712948373,
194,7.495749235153198,0.04100394248962402,24.387898803951554,25.881335396092,102373.0,-17.0,9.0,995.0,7.0,8.0,-21.375,0.1875,0.0625,-0.0625,292.375,-0.75,-0.1875,-0.00201416015625,0.0068359375,0.55633544921875,0.8309326171875,-4.0,5.0,14.0,-13.0,4.0,980.0,573,573.0,902.3522557462074,
195,7.5367536544799805,0.04100441932678223,24.387615198999914,25.8732086704318,102373.0,-17.0,10.0,997.0,8.0625,8.375,-22.5625,0.0625,0.0,-0.0625,292.375,-0.75,-0.1875,-0.00201416015625,0.0068359375,0.55633544921875,0.8309326171875,-4.0,6.0,16.0,-13.0,4.0,980.0,526,526.0,-1146.2179143529959,
196,7.5777575969696045,0.04100394248962402,24.387898803951554,25.86517152229595,102373.0,-20.0,11.0,1007.0,7.0,7.6875,-23.375,0.0625,0.0,0.0,292.375,-0.75,-0.1875,-0.00201416015625,0.0068359375,0.55633544921875,0.8309326171875,-4.0,7.0,19.0,-13.0,4.0,980.0,620,620.0,2292.462487571446,
197,7.6177613735198975,0.04000377655029297,24.997639878894795,25.860615782057938,102373.0,-19.0,9.0,1003.0,7.0,7.6875,-23.375,0.125,0.0625,-0.0625,292.375,-0.75,-0.1875,-0.00201416015625,0.0068359375,0.55633544921875,0.8309326171875,-5.0,5.0,22.0,-13.0,4.0,980.0,494,494.0,-3149.7026247407443,
198,7.661766052246094,0.04400467872619629,22.724856286808727,25.842605823490928,102377.25,-17.0,10.0,1002.0,7.0,8.375,-24.1875,0.0625,-0.125,0.0625,292.375,-0.75,-0.1875,-0.00201416015625,0.0068359375,0.55633544921875,0.8309326171875,-5.0,4.0,17.0,-13.0,4.0,980.0,540,540.0,1045.3433891932013,
199,7.702770233154297,0.041004180908203125,24.387757000651224,25.834861222195535,102377.25,-18.0,10.0,1002.0,7.0,8.375,-22.1875,-0.0625,-0.0625,0.0,292.375,-0.75,-0.1875,-0.00201416015625,0.0068359375,0.55633544921875,0.8309326171875,-4.0,6.0,22.0,-13.0,4.0,980.0,583,583.0,1048.6735510280025,
200,7.746774435043335,0.044004201889038086,22.72510253728998,25.81719678002748,102377.25,-20.0,9.0,996.0,7.375,8.0,-23.6875,0.125,-0.0625,0.0625,292.375,-0.75,-0.1875,-0.00201416015625,0.0068359375,0.55633544921875,0.8309326171875,-6.0,4.0,15.0,-13.0,4.0,980.0,545,545.0,-863.5538964170192,
