Index,Time,Difference,Hz,AveHz,0x6104 Pressure,0x6104 Acceleration-X,0x6104 Acceleration-Y,0x6104 Acceleration-Z,0x6104 Magnetic-X,0x6104 Magnetic-Y,0x6104 Magnetic-Z,0x6104 Angular-Vel-X,0x6104 Angular-Vel-Y,0x6104 Angular-Vel-Z,0x6104 Heading,0x6104 Roll,0x6104 Pitch,0x6104 Quaternion-X,0x6104 Quaternion-Y,0x6104 Quaternion-Z,0x6104 Quaternion-W,0x6104 Linear-Acceleration-X,0x6104 Linear-Acceleration-Y,0x6104 Linear-Acceleration-Z,0x6104 Gravity-X,0x6104 Gravity-Y,0x6104 Gravity-Z,0x6104 Measured-X,0x6104 Measured-Y,0x6104 Measured-Z,0x6104 Smoothed-X,0x6104 Smoothed-Y,0x6104 Smoothed-Z,0x6104 Velocity-X,0x6104 Velocity-Y,0x6104 Velocity-Z,
0,0.0010004043579101562,0.0010004043579101562,999.5958055290753,0.0,102094.75,628.0,254.0,703.0,-21.25,-3.875,-40.0,-40.8125,45.1875,8.125,324.1875,40.25,-28.0625,0.29571533203125,-0.276123046875,0.2811279296875,0.87017822265625,-5.0,-97.0,43.0,634.0,352.0,659.0,-859,668,-413,-859,668,-413,-9775.047382268827,2386.035187797903,-31788.146211630123,
1,0.16101622581481934,0.07800793647766113,12.819208469722392,6.210554215511638,102097.25,510.0,370.0,675.0,-18.0,-1.25,-42.375,-18.25,-18.375,27.0,324.0625,39.0625,-24.25,0.26947021484375,-0.2716064453125,0.28497314453125,0.87884521484375,-107.0,58.0,-117.0,618.0,312.0,693.0,-1655,595,1664,-1655,595,1664,-9808.083659360353,2130.253707529155,-27290.29576198037,
2,0.7240724563598633,0.4790477752685547,2.0874744683646616,2.7621545087554082,102094.5,446.0,195.0,1068.0,-18.6875,8.75,-42.75,-48.3125,-27.625,-66.0,326.375,36.5625,-8.125,0.148681640625,-0.2840576171875,0.273681640625,0.90679931640625,-138.0,83.0,289.0,583.0,119.0,778.0,-1696,751,904,-1696,751,904,-9059.451374486232,1991.2989153634062,-25311.101994196586,
3,0.901090145111084,0.08400845527648926,11.903563715209291,3.3293006435334704,102095.0,391.0,85.0,714.0,-0.6875,3.0625,-46.5,-162.75,-107.0,-19.5625,312.5625,25.9375,-11.375,0.1746826171875,-0.16986083984375,0.3897705078125,0.88812255859375,-37.0,-88.0,-150.0,429.0,174.0,864.0,-1188,207,-284,-1188,207,-284,-7896.253820366665,1339.352421977737,-24451.037535055937,
4,1.0251026153564453,0.12401247024536133,8.063705190465754,3.9020483804044663,102095.0,393.0,248.0,658.0,-8.5625,4.6875,-44.5,151.75,263.4375,-9.8125,313.6875,24.75,-13.0,0.1820068359375,-0.156982421875,0.38140869140625,0.892578125,-17.0,47.0,-208.0,410.0,201.0,867.0,-898,433,-519,-898,433,-519,-7108.179739295332,1376.5468832099366,-22714.22039027811,
5,1.2461247444152832,0.07800793647766113,12.819208469722392,4.012439382500298,102092.0,-146.0,505.0,774.0,8.1875,-11.75,-42.5,127.625,-52.8125,-22.75,322.375,7.1875,-38.875,0.33502197265625,0.04345703125,0.303466796875,0.89093017578125,-269.0,-105.0,18.0,123.0,611.0,756.0,-1785,850,1787,-1785,850,1787,-7436.389018643162,1682.1647379570877,-18689.02112592585,
6,1.4241423606872559,0.0810079574584961,12.344466289158612,4.213061956182912,102092.0,133.0,377.0,681.0,5.1875,-16.6875,-42.0625,126.6875,-4.75,167.25,335.0625,5.375,-25.625,0.2264404296875,0.00018310546875,0.20977783203125,0.951171875,40.0,-44.0,-199.0,92.0,422.0,880.0,-1794,770,1503,-1794,770,1503,-6872.341779346026,1476.596140793175,-17519.915288040884,
7,1.5141515731811523,0.09000921249389648,11.109973882593517,4.623051036623348,102092.0,339.0,11.0,878.0,3.875,-6.25,-45.6875,-151.25,-190.9375,340.8125,315.625,21.4375,-26.375,0.27239990234375,-0.095703125,0.36114501953125,0.88671875,-19.0,-394.0,61.0,359.0,405.0,817.0,-1516,724,1437,-1516,724,1437,-6105.3513614055855,1323.5467104599543,-16227.342698133076,
8,1.6081609725952148,0.0940093994140625,10.637234215224801,4.9746263815181235,102094.75,390.0,365.0,1072.0,-1.6875,-2.0625,-46.5625,315.5625,-222.875,26.25,310.625,23.875,-19.8125,0.234130859375,-0.1239013671875,0.40240478515625,0.87628173828125,-7.0,60.0,229.0,397.0,304.0,843.0,-1624,747,1692,-1624,747,1692,-5723.698546311165,1240.472155549701,-14768.975216560892,
9,1.6981699466705322,0.09000897407531738,11.110003311039003,5.299822916808527,102094.75,388.0,313.0,773.0,-6.5625,-6.25,-44.875,-309.5625,221.5,-51.5625,311.4375,20.75,-15.1875,0.189453125,-0.114013671875,0.40093994140625,0.8890380859375,40.0,73.0,-111.0,347.0,240.0,884.0,-663,690,-580,-663,690,-580,-4460.866843238252,1096.193995040224,-15575.392544132112,
10,1.7901792526245117,0.09200930595397949,10.86846585387974,5.586032787129776,102094.75,69.0,71.0,1297.0,0.5,5.0,-46.875,-58.5,-18.375,-33.6875,321.625,5.5625,-2.4375,0.036376953125,-0.03912353515625,0.32818603515625,0.943115234375,-25.0,28.0,322.0,95.0,42.0,975.0,-1649,820,1872,-1649,820,1872,-4942.535760867165,1120.580400619463,-12324.07749115803,
11,1.9011902809143066,0.11101102828979492,9.008114017190204,5.785849060152969,102094.75,320.0,726.0,1053.0,8.5625,-1.375,-44.875,62.375,-84.1875,-51.875,325.875,9.3125,-40.375,0.35223388671875,0.0172119140625,0.27435302734375,0.8946533203125,66.0,61.0,179.0,159.0,627.0,736.0,-1455,785,1419,-1455,785,1419,-4427.397300091606,1010.0188424954368,-11689.335549372474,
12,2.0142014026641846,0.11301112174987793,8.848686611688112,5.957696178806945,102093.25,106.0,797.0,339.0,6.6875,-19.0,-40.875,4.5625,-51.875,25.1875,327.5625,7.3125,-54.125,0.45440673828125,0.05718994140625,0.2479248046875,0.85369873046875,51.0,-66.0,-83.0,125.0,788.0,569.0,-1516,794,1450,-1516,794,1450,-4128.049988999652,938.379531445188,-10768.134897128693,
13,2.18021821975708,0.07500743865966797,13.332011036096171,5.962705880628985,102093.25,-80.0,579.0,-1105.0,7.0625,-24.5625,-38.0625,359.4375,93.375,-66.5625,326.75,0.1875,-57.0625,0.45867919921875,0.134765625,0.2509765625,0.8416748046875,180.0,142.0,-534.0,3.0,823.0,532.0,-1485,846,1349,-1485,846,1349,-3778.3666295035173,919.5056797124377,-10042.671559877504,
14,2.2682268619537354,0.08800864219665527,11.362520487084671,6.172222115358034,102093.25,113.0,865.0,343.0,9.0,-31.75,-32.375,86.9375,-5.5625,9.6875,324.5,2.5625,-64.0,0.51531982421875,0.13739013671875,0.2584228515625,0.80548095703125,118.0,-51.0,16.0,44.0,883.0,422.0,-1482,857,1393,-1482,857,1393,-3484.8076567992302,858.3277972271406,-9230.889630356694,
15,2.365236520767212,0.09700965881347656,10.30825190224337,6.341860472852182,102095.5,54.0,1022.0,212.0,9.6875,-31.75,-33.1875,11.0625,6.375,2.5625,322.375,2.5625,-62.0,0.49761962890625,0.14129638671875,0.27655029296875,0.80987548828125,-54.0,78.0,15.0,45.0,867.0,455.0,-1515,872,1465,-1515,872,1465,-3242.6707353092897,804.142587787742,-8462.962180273193,
16,2.4572458267211914,0.09200930595397949,10.86846585387974,6.5113550406755545,102095.5,79.0,888.0,547.0,10.0625,-29.75,-33.5625,0.9375,-17.8125,-2.0625,318.875,4.8125,-57.75,0.46826171875,0.12371826171875,0.306884765625,0.81927490234375,-3.0,62.0,26.0,83.0,826.0,520.0,-1519,857,1455,-1519,857,1455,-2996.3325761734695,729.6705304668548,-7819.682811099645,
17,2.5412542819976807,0.08400845527648926,11.903563715209291,6.689609977414891,102095.5,149.0,430.0,798.0,6.6875,-26.0625,-37.6875,-187.8125,-4.875,84.25,315.8125,9.4375,-46.8125,0.3983154296875,0.06451416015625,0.3441162109375,0.8477783203125,-12.0,-275.0,189.0,150.0,728.0,638.0,-732,844,-332,-732,844,-332,-2044.2709102301446,661.5704323419824,-8855.485698294056,
18,2.622262477874756,0.0810081958770752,12.344429957648195,6.864301400746243,102095.5,242.0,677.0,604.0,3.75,-21.5625,-41.25,139.5,-39.875,-2.9375,316.625,12.0,-52.3125,0.44580078125,0.05145263671875,0.3302001953125,0.8304443359375,37.0,-81.0,18.0,204.0,759.0,585.0,-1466,831,1291,-1466,831,1291,-2584.5445424887844,598.2727346640439,-6630.917543288162,
19,2.7142715454101562,0.09200906753540039,10.868494016801671,7.000036540975082,102095.5,187.0,865.0,458.0,1.875,-28.25,-35.1875,122.5625,24.25,-85.0,319.25,10.375,-63.8125,0.52587890625,0.0810546875,0.29461669921875,0.79376220703125,10.0,0.0,33.0,177.0,865.0,425.0,-1483,850,1394,-1483,850,1394,-2399.7614713851412,568.1063408414934,-6034.13886640772,
20,2.7982800006866455,0.08400845527648926,11.903563715209291,7.147247593197384,102089.25,-94.0,967.0,657.0,6.0,-31.0625,-32.75,-145.4375,-2.3125,-58.875,322.8125,5.1875,-59.375,0.48468017578125,0.10784912109375,0.2763671875,0.82281494140625,-158.0,160.0,175.0,88.0,840.0,497.0,-1520,803,1256,-1520,803,1256,-2248.8930911131165,481.28315551135603,-5695.99744173214,
21,2.8852884769439697,0.08700847625732422,11.493133117772784,7.27830169073517,102089.25,130.0,845.0,533.0,6.6875,-29.5625,-34.75,14.625,40.8125,-22.75,327.25,5.0625,-59.375,0.48828125,0.09014892578125,0.2442626953125,0.83294677734375,44.0,4.0,36.0,86.0,840.0,497.0,-1506,848,1199,-1506,848,1199,-2063.3387255964476,484.0480587900644,-5307.848999972671,
22,2.968296766281128,0.0830082893371582,12.046989619774703,7.411657840251266,102089.25,81.0,831.0,577.0,6.6875,-28.6875,-35.6875,32.4375,22.8125,-5.1875,328.875,2.75,-55.875,0.45855712890625,0.0989990234375,0.23687744140625,0.85076904296875,33.0,20.0,28.0,47.0,811.0,549.0,-1513,860,1275,-1513,860,1275,-1910.95497113058,457.9077766719013,-4828.645643719854,
23,3.0563058853149414,0.08800911903381348,11.36245892446436,7.525424765404308,102089.25,30.0,783.0,624.0,8.1875,-26.5625,-36.0,20.0,-7.5625,-12.9375,328.25,3.0,-57.0625,0.46746826171875,0.10125732421875,0.239990234375,0.84478759765625,-22.0,-39.0,92.0,52.0,822.0,531.0,-1533,852,1304,-1533,852,1304,-1781.3096250972005,415.64960317069483,-4431.467558375096,
24,3.1433145999908447,0.08700871467590332,11.493101624646176,7.635252290709273,102092.0,67.0,808.0,462.0,6.6875,-27.6875,-36.75,7.625,-22.0,-17.0625,329.3125,3.125,-61.25,0.49920654296875,0.10357666015625,0.22723388671875,0.8297119140625,22.0,-31.0,-41.0,53.0,858.0,470.0,-618,954,-327,-618,954,-327,-834.4023090002698,473.9114038865224,-5533.628710114654,
25,3.230323076248169,0.08700847625732422,11.493133117772784,7.73916398140462,102092.0,-26.0,989.0,480.0,7.0625,-30.6875,-33.0625,-18.5625,10.8125,-1.5,328.5,1.9375,-65.375,0.5252685546875,0.12646484375,0.22808837890625,0.80999755859375,-60.0,98.0,72.0,34.0,891.0,408.0,-668,931,-277,-668,931,-277,-814.4018937106744,417.0658870356846,-5063.2907369324,
26,3.3183319568634033,0.08800888061523438,11.362489705691127,7.8352619141142394,102092.0,-78.0,1145.0,433.0,7.875,-30.6875,-32.0,293.875,-206.3125,-38.4375,330.75,3.4375,-64.4375,0.5242919921875,0.09979248046875,0.213134765625,0.818359375,-32.0,214.0,206.0,58.0,883.0,421.0,-867,921,-137,-867,921,-137,-925.8003776552575,376.20269666055475,-4550.929711161255,
27,3.4063405990600586,0.08800864219665527,11.362520487084671,7.92639467921979,102092.0,361.0,723.0,-63.0,3.0,-35.1875,-30.6875,108.9375,-156.0625,83.3125,332.1875,10.875,-74.125,0.60455322265625,0.0269775390625,0.19110107421875,0.7728271484375,175.0,-202.0,-325.0,185.0,926.0,262.0,-1505,880,1320,-1505,880,1320,-1412.7089300243242,311.36361183996576,-2925.758312476297,
28,3.49234938621521,0.08600878715515137,11.626719002514227,8.017525425869445,102092.0,386.0,963.0,-45.0,-3.25,-37.0,-27.5,53.625,-81.5,44.0625,331.8125,11.9375,-82.625,0.6610107421875,0.0235595703125,0.1824951171875,0.72747802734375,183.0,11.0,-168.0,202.0,951.0,122.0,-845,894,-183,-845,894,-183,-713.0604827046784,299.9222168129988,-4046.046739295596,
29,3.5773580074310303,0.08500862121582031,11.763512755502704,8.106541179205449,102087.5,339.0,1156.0,-219.0,-3.6875,-40.0,-22.25,-47.875,-218.3125,22.125,332.625,16.25,-84.0625,0.6705322265625,-0.03173828125,0.17523193359375,0.72021484375,63.0,219.0,-315.0,275.0,936.0,96.0,-1523,861,1326,-1523,861,1326,-1272.2807724501922,246.9371202066655,-2367.66330276971,
30,3.6623663902282715,0.08500838279724121,11.763545748013609,8.191425107013973,102087.5,254.0,1132.0,-290.0,-11.1875,-38.0625,-22.25,-17.75,35.4375,-1.3125,329.875,20.25,-84.5,0.6719970703125,-0.06231689453125,0.191650390625,0.712646484375,-22.0,52.0,-475.0,339.0,915.0,87.0,-1503,835,1388,-1503,835,1388,-1156.1992925195864,204.37234336322902,-2129.194061055425,
31,3.751375198364258,0.08900880813598633,11.234843168242573,8.263636229593132,102087.5,173.0,1029.0,-66.0,-6.6875,-40.375,-21.5,-2.0625,84.125,-33.6875,329.1875,13.625,-84.375,0.672607421875,0.01971435546875,0.19647216796875,0.713134765625,-57.0,81.0,-158.0,231.0,948.0,92.0,-1487,821,1507,-1487,821,1507,-1053.3306202123035,176.52451198889491,-1862.3012504035507,
32,3.8413844108581543,0.09000921249389648,11.109973882593517,8.330330052245746,102087.5,567.0,731.0,289.0,-4.0625,-39.1875,-22.5625,-176.3125,72.3125,181.375,321.375,19.4375,-79.75,0.64508056640625,-0.00531005859375,0.25238037109375,0.72119140625,240.0,-178.0,124.0,326.0,909.0,164.0,-1528,767,1571,-1528,767,1571,-1007.2983500033039,116.73685316192615,-1664.1541028290567,
33,4.0004003047943115,0.06400656700134277,15.623396892681672,8.24917445397924,102082.25,311.0,506.0,714.0,-2.25,-25.75,-37.5625,23.1875,28.0625,35.5,312.6875,18.125,-54.1875,0.4708251953125,0.01251220703125,0.35003662109375,0.8096923828125,-83.0,-146.0,56.0,303.0,756.0,545.0,-901,696,-213,-901,696,-213,-175.45439847127102,22.335004656167143,-3682.1690212651156,
34,4.088408946990967,0.08800864219665527,11.362520487084671,8.31619352193809,102082.25,263.0,1098.0,727.0,-2.25,-26.875,-37.6875,179.125,-78.875,-1.875,310.25,19.1875,-58.8125,0.50506591796875,0.02374267578125,0.36273193359375,0.78277587890625,-59.0,306.0,248.0,322.0,792.0,479.0,-1657,756,1482,-1657,756,1482,-823.379452383156,73.11005394797346,-1915.662645255846,
35,4.174417495727539,0.08600854873657227,11.626751232168894,8.384403341501427,102082.25,425.0,834.0,444.0,-4.0625,-30.25,-33.5,59.375,-4.1875,32.125,307.1875,22.875,-62.8125,0.53826904296875,0.0091552734375,0.3743896484375,0.7550048828125,38.0,28.0,41.0,386.0,805.0,403.0,-1645,719,1526,-1645,719,1526,-749.2361164111289,34.35596553353032,-1728.7651883965577,
36,4.25942587852478,0.08500838279724121,11.763545748013609,8.451843282801372,102091.75,510.0,734.0,430.0,-6.6875,-31.75,-30.25,-68.0,37.4375,25.75,304.0,25.4375,-62.6875,0.541259765625,-0.00225830078125,0.39453125,0.7425537109375,88.0,-51.0,24.0,422.0,786.0,406.0,-1634,709,1509,-1634,709,1509,-681.5812121989046,22.65262596147801,-1611.0487502741728,
37,4.349435091018677,0.09000921249389648,11.109973882593517,8.506851861383742,102091.75,419.0,598.0,634.0,-5.25,-26.875,-36.25,2.0,-22.1875,-15.4375,305.3125,23.6875,-53.125,0.474609375,-0.01220703125,0.404052734375,0.7818603515625,25.0,-119.0,95.0,394.0,718.0,538.0,-772,767,-426,-772,767,-426,108.31394762367313,70.52551712210685,-3142.3285551400822,
38,4.43644380569458,0.08700871467590332,11.493101624646176,8.56541898518438,102091.75,581.0,648.0,569.0,-6.375,-25.75,-37.1875,64.1875,-67.875,40.75,302.6875,28.25,-53.1875,0.48431396484375,-0.04443359375,0.4189453125,0.76678466796875,116.0,-43.0,53.0,464.0,691.0,516.0,-1595,719,1592,-1595,719,1592,-628.3555693988025,22.616548699012355,-1114.5021673470253,
39,4.525452613830566,0.08900880813598633,11.234843168242573,8.617922521342782,102091.75,414.0,748.0,260.0,-8.5625,-27.6875,-36.0,46.4375,-20.0625,-32.6875,306.5,26.5,-63.375,0.54693603515625,-0.02325439453125,0.37652587890625,0.74737548828125,-23.0,-36.0,-132.0,437.0,784.0,392.0,-1651,756,1605,-1651,756,1605,-628.4168342965567,52.8831426355115,-1017.4394224498936,
40,4.61246132850647,0.08700871467590332,11.493101624646176,8.672159428803738,102091.75,241.0,840.0,563.0,-7.5,-31.375,-32.25,-24.5,37.3125,-81.125,308.375,22.5,-61.5625,0.52947998046875,0.00506591796875,0.36920166015625,0.7637939453125,-134.0,43.0,132.0,375.0,796.0,430.0,-1670,767,1500,-1670,767,1500,-596.8431457325793,58.54579772865243,-1032.0183135565162,
41,4.699470043182373,0.08700871467590332,11.493101624646176,8.72438798912648,102095.25,128.0,902.0,476.0,-4.5,-31.75,-33.5,11.3125,-19.5625,-108.625,312.6875,18.6875,-64.6875,0.5450439453125,0.029296875,0.3360595703125,0.76751708984375,-186.0,63.0,79.0,315.0,839.0,396.0,-1640,791,1457,-1640,791,1457,-524.337158758238,75.27702310589233,-990.606562891868,
42,4.7944793701171875,0.09500932693481445,10.525282435545472,8.760075236067483,102095.25,202.0,834.0,414.0,-2.25,-34.0625,-30.6875,36.0,-24.875,-10.375,315.125,17.0625,-68.125,0.5662841796875,0.04071044921875,0.31402587890625,0.76092529296875,-24.0,-14.0,57.0,287.0,870.0,348.0,-1599,799,1606,-1599,799,1606,-450.7348808848367,75.96426630703463,-793.5732921661809,
43,4.887488842010498,0.09300947189331055,10.751593140396299,8.797974049657716,102095.25,246.0,894.0,398.0,-2.25,-34.75,-29.0625,34.6875,-14.0625,-36.1875,316.3125,15.9375,-70.875,0.5833740234375,0.05078125,0.30133056640625,0.75250244140625,-97.0,-11.0,40.0,269.0,891.0,308.0,-1622,824,1509,-1622,824,1509,-435.06936650834615,90.81183459665584,-812.7717978350049,
44,4.982498407363892,0.09500956535339355,10.52525602322716,8.830911001390412,102095.25,143.0,902.0,309.0,-1.875,-36.25,-27.5,27.0,12.875,-34.5625,318.6875,13.0,-73.5625,0.597412109375,0.073974609375,0.28143310546875,0.74725341796875,-77.0,-13.0,39.0,221.0,916.0,269.0,-1442,823,525,-1442,823,525,-255.68897680527505,83.00887861892487,-1547.665967769585,
45,5.07350754737854,0.09100914001464844,10.987907366656188,8.869603440966854,102096.25,153.0,913.0,272.0,1.375,-37.375,-27.0625,16.0625,28.875,-27.8125,319.125,10.375,-75.25,0.6038818359375,0.10272216796875,0.27581787109375,0.74072265625,-37.0,2.0,25.0,177.0,932.0,244.0,-1572,879,1507,-1572,879,1507,-345.98987833149727,123.99705153028914,-597.656060628986,
46,5.160516262054443,0.08700871467590332,11.493101624646176,8.91383684579012,102096.25,133.0,914.0,235.0,2.875,-37.375,-26.25,4.1875,5.6875,4.625,318.75,9.0625,-76.375,0.60760498046875,0.12115478515625,0.27618408203125,0.7347412109375,-26.0,-27.0,19.0,154.0,941.0,227.0,-1569,870,1482,-1569,870,1482,-316.6937512246787,106.48455913657708,-573.760764587998,
47,5.248524904251099,0.08800864219665527,11.362520487084671,8.954897015336986,102096.25,159.0,916.0,210.0,4.0,-38.5625,-25.5,34.75,19.8125,0.3125,317.75,9.0625,-76.6875,0.60870361328125,0.12713623046875,0.281982421875,0.7305908203125,5.0,-25.0,22.0,155.0,941.0,227.0,-1538,900,1510,-1538,900,1510,-265.1859959777073,124.53267040822624,-505.08359154456764,
48,5.335533618927002,0.08700871467590332,11.493101624646176,8.996288549232869,102096.25,122.0,928.0,313.0,3.6875,-38.875,-25.5,14.0,26.0625,17.25,317.75,8.125,-76.5625,0.60546875,0.136474609375,0.2823486328125,0.73150634765625,9.0,-3.0,21.0,139.0,944.0,225.0,-1506,884,1466,-1506,884,1466,-216.4476718842957,100.78415358522874,-505.1307832999372,
49,5.422542333602905,0.08700871467590332,11.493101624646176,9.036351767390054,102095.75,164.0,945.0,320.0,3.6875,-38.5625,-24.25,36.5625,37.875,21.375,314.125,8.5625,-78.9375,0.6171875,0.15576171875,0.30035400390625,0.7103271484375,-5.0,-21.0,128.0,146.0,951.0,185.0,-1299,901,600,-1299,901,600,-16.59265435396952,108.06824378582797,-1232.6187155204984,
50,5.512551307678223,0.09000897407531738,11.110003311039003,9.07021036345855,102095.75,145.0,948.0,154.0,5.0625,-40.75,-21.75,13.75,33.0625,3.5625,310.625,8.5625,-81.5,0.62835693359375,0.179931640625,0.3157958984375,0.687744140625,10.0,6.0,-11.0,146.0,959.0,142.0,-1398,945,1493,-1398,945,1493,-100.00657520876419,137.38768023211938,-373.7721367550672,
51,5.60256028175354,0.09000897407531738,11.110003311039003,9.102981036383879,102095.75,61.0,1104.0,123.0,7.0,-40.375,-21.5,55.5625,30.1875,-20.0,309.875,7.0625,-81.3125,0.62054443359375,0.20025634765625,0.3209228515625,0.6868896484375,-59.0,142.0,-23.0,120.0,962.0,146.0,-771,788,-245,-771,788,-245,444.07378093596276,-7.500001172904334,-1831.7989853280328,
52,5.690569162368774,0.08800888061523438,11.362489705691127,9.13792601693893,102095.75,224.0,979.0,257.0,7.375,-41.875,-19.375,50.4375,58.625,12.875,304.5625,7.75,-82.1875,0.61859130859375,0.2237548828125,0.35028076171875,0.666748046875,92.0,17.0,125.0,132.0,962.0,131.0,-847,495,-199,-847,495,-199,343.38681004618917,-263.27163133268823,-1650.5045249202165,
53,5.774577617645264,0.08400845527648926,11.903563715209291,9.178160466325526,102097.0,176.0,890.0,-50.0,7.0,-42.5625,-15.75,38.625,38.0,-0.8125,301.0,7.625,-85.4375,0.6312255859375,0.25531005859375,0.362548828125,0.6363525390625,39.0,-62.0,-121.0,130.0,969.0,71.0,-1224,994,1429,-1224,994,1429,-28.60252541617791,214.3709129094153,-31.23254341758411,
54,5.872587442398071,0.09800982475280762,10.203058749692884,9.195265379981997,102097.0,202.0,951.0,-70.0,8.5625,-43.375,-13.0,20.3125,38.0,7.8125,297.0,7.6875,-87.1875,0.63104248046875,0.28033447265625,0.3802490234375,0.61529541015625,83.0,-25.0,-138.0,132.0,970.0,45.0,-1032,972,729,-1032,972,729,124.4418895963274,180.58037109341058,-578.7725041828766,
55,5.968596935272217,0.09600949287414551,10.415636725743928,9.21489599590319,102097.0,266.0,949.0,35.0,8.5625,-43.75,-13.75,-32.9375,19.1875,9.8125,294.25,8.25,-86.0,0.62078857421875,0.28424072265625,0.3941650390625,0.61395263671875,119.0,-28.0,-58.0,139.0,968.0,61.0,-1151,1006,1352,-1151,1006,1352,19.421384779418588,193.94381946721558,-34.55851199013313,
56,6.057605743408203,0.08900880813598633,11.234843168242573,9.24457654923125,102097.0,212.0,949.0,132.0,8.5,-43.0,-15.375,-4.25,-16.125,-10.1875,294.9375,8.0,-84.6875,0.61370849609375,0.27862548828125,0.39703369140625,0.62298583984375,98.0,-16.0,38.0,137.0,966.0,89.0,-600,1037,112,-600,1037,112,494.586629250431,205.82771601083502,-1104.6003322706938,
57,6.1446144580841064,0.08700871467590332,11.493101624646176,9.27641602070061,102097.0,138.0,954.0,111.0,9.25,-43.75,-13.75,-9.8125,-21.75,-16.1875,296.625,8.125,-84.4375,0.61669921875,0.26812744140625,0.38861083984375,0.6298828125,0.0,-11.0,17.0,138.0,966.0,93.0,-1085,1060,1357,-1085,1060,1357,27.29357862573636,210.3332648552491,82.24008056085518,
58,6.233623504638672,0.08900904655456543,11.234813074724574,9.304379700962054,102095.25,90.0,931.0,113.0,9.25,-43.375,-15.0,1.4375,-28.25,-17.5,300.0625,7.0,-84.0625,0.61724853515625,0.26068115234375,0.3704833984375,0.64324951171875,-29.0,-36.0,13.0,119.0,968.0,100.0,-1091,1097,1385,-1091,1097,1385,20.001489431031906,226.14558591128522,100.12985134677551,
59,6.316631555557251,0.0830080509185791,12.047024221552672,9.34042131175008,102095.25,77.0,950.0,59.0,9.25,-43.0,-16.5625,11.4375,-25.75,-9.9375,303.0,6.375,-85.125,0.627197265625,0.25396728515625,0.3511962890625,0.64715576171875,-32.0,-20.0,-23.0,109.0,971.0,82.0,-1001,1147,1330,-1001,1147,1330,101.94725260020246,255.11341904909403,41.400705214798236,
60,6.402640342712402,0.08600878715515137,11.626719002514227,9.371133905450906,102095.25,46.0,969.0,149.0,9.25,-43.75,-16.1875,-0.625,-26.1875,-1.8125,305.75,5.8125,-85.25,0.63134765625,0.2457275390625,0.335205078125,0.65472412109375,-52.0,-2.0,68.0,99.0,972.0,80.0,-1005,1171,1263,-1005,1171,1263,90.51628469721248,256.9558624989601,-21.769392420712123,
61,6.489649057388306,0.08700871467590332,11.493101624646176,9.399583777269589,102095.25,176.0,972.0,176.0,9.25,-44.0625,-15.0,4.625,-15.625,1.625,306.9375,6.1875,-85.0,0.63409423828125,0.23388671875,0.32891845703125,0.6595458984375,70.0,1.0,91.0,106.0,971.0,84.0,-973,1170,1276,-973,1170,1276,111.86553317865531,236.2852922614424,-8.588554478046467,
62,6.577657699584961,0.08800864219665527,11.362520487084671,9.4258477457579,102091.0,204.0,1059.0,148.0,9.25,-43.0,-16.1875,10.9375,-21.8125,-9.1875,308.875,5.9375,-85.375,0.63916015625,0.2275390625,0.31689453125,0.66278076171875,102.0,87.0,70.0,101.0,972.0,77.0,-955,1208,1290,-955,1208,1290,119.0003405189982,251.3380597025211,4.321561301840386,
63,6.66166615486145,0.08400845527648926,11.903563715209291,9.457093546188112,102091.0,66.0,1010.0,-56.0,9.25,-43.75,-16.5625,0.375,-25.625,-14.6875,312.0625,4.5625,-86.375,0.64617919921875,0.2255859375,0.2938232421875,0.667236328125,13.0,23.0,-113.0,77.0,975.0,61.0,-790,1255,737,-790,1255,737,261.0720913007694,275.0640261907694,-502.87684547572815,
64,6.7476747035980225,0.08600854873657227,11.626751232168894,9.484748867024319,102091.0,-4.0,975.0,-15.0,9.25,-43.375,-17.375,-16.5625,-12.5625,-14.5625,315.5625,3.1875,-85.4375,0.6419677734375,0.220458984375,0.27740478515625,0.679931640625,-59.0,0.0,-92.0,52.0,976.0,79.0,-802,1321,844,-802,1321,844,230.2264221320861,312.9712459359625,-368.3625249722576,
65,6.829683065414429,0.08200836181640625,12.193878500325612,9.517279114921237,102091.0,-65.0,971.0,74.0,10.0,-42.875,-16.5625,-18.375,0.6875,-4.3125,317.0625,2.25,-84.125,0.6331787109375,0.22015380859375,0.271240234375,0.690673828125,-90.0,-11.0,8.0,38.0,974.0,99.0,-353,1446,-57,-353,1446,-57,634.0779490196728,406.2385405645274,-1185.9733192664837,
66,6.912691354751587,0.0830082893371582,12.046989619774703,9.547656131737096,102083.25,-64.0,907.0,48.0,10.375,-42.5,-19.75,-16.4375,2.4375,-8.5625,317.875,1.5625,-83.5625,0.62860107421875,0.22210693359375,0.26776123046875,0.69561767578125,-86.0,-31.0,-63.0,27.0,974.0,108.0,-353,1478,-46,-353,1478,-46,585.2539469451581,404.6419553641837,-1084.4495734750153,
67,6.99970006942749,0.08700871467590332,11.493101624646176,9.571838698151529,102083.25,-58.0,933.0,57.0,10.75,-41.75,-20.5625,12.4375,-4.4375,-4.25,318.625,1.25,-83.3125,0.62689208984375,0.2208251953125,0.26373291015625,0.69903564453125,-79.0,-39.0,-57.0,21.0,973.0,114.0,-392,1443,90,-392,1443,90,505.67560885156854,342.5106159227201,-880.5911961041445,
68,7.0837085247039795,0.08400845527648926,11.903563715209291,9.599491532274989,102083.25,-14.0,946.0,130.0,11.5,-42.875,-19.375,28.4375,17.0625,-3.0,317.375,1.4375,-83.9375,0.62908935546875,0.22698974609375,0.27008056640625,0.69268798828125,-61.0,-20.0,0.0,24.0,974.0,103.0,-389,1450,221,-389,1450,221,469.48831018821113,322.55331933916847,-692.7144268088093,
69,7.170717000961304,0.08700847625732422,11.493133117772784,9.622468714181565,102083.25,-89.0,962.0,23.0,11.875,-42.875,-18.5625,4.75,26.0,3.125,315.6875,1.3125,-85.375,0.63397216796875,0.24072265625,0.27716064453125,0.6806640625,-119.0,-13.0,-63.0,23.0,977.0,78.0,-711,1491,853,-711,1491,853,148.37696778166048,334.00053500286117,-80.07358590123624,
70,7.263726472854614,0.09300947189331055,10.751593140396299,9.63692675675469,102083.25,-64.0,982.0,134.0,11.5,-44.375,-17.375,-3.8125,22.3125,9.875,313.0,2.1875,-85.5,0.63275146484375,0.24639892578125,0.29254150390625,0.67327880859375,-87.0,7.0,19.0,37.0,976.0,76.0,-532,1469,655,-532,1469,655,285.14114951655483,290.0692950278096,-237.826708805323,
71,7.352735280990601,0.08900880813598633,11.234843168242573,9.656270392810129,102080.5,75.0,1009.0,165.0,12.25,-44.0,-17.75,-0.125,17.1875,14.75,310.375,3.125,-84.5625,0.62567138671875,0.24798583984375,0.31036376953125,0.67132568359375,7.0,30.0,118.0,54.0,974.0,92.0,-627,1482,993,-627,1482,993,181.00240322808568,278.98003732207906,72.88397606936809,
72,7.439743995666504,0.08700871467590332,11.493101624646176,9.677752358406217,102080.5,-29.0,1103.0,149.0,11.0625,-43.25,-17.75,-14.125,10.125,0.8125,309.5625,3.0,-84.625,0.62261962890625,0.25347900390625,0.3165283203125,0.66925048828125,-50.0,136.0,54.0,53.0,974.0,94.0,-412,1516,679,-412,1516,679,357.33351557554056,287.5875145016027,-210.6083011686685,
73,7.526752710342407,0.08700871467590332,11.493101624646176,9.698737664078124,102080.5,106.0,941.0,-39.0,11.5,-44.375,-17.75,26.25,-7.625,-28.4375,309.1875,2.875,-84.8125,0.6236572265625,0.25750732421875,0.31634521484375,0.66680908203125,85.0,-33.0,-91.0,44.0,976.0,83.0,-465,1473,590,-465,1473,590,282.9154871460429,227.38961640577583,-273.15368741238126,
74,7.6127612590789795,0.08600854873657227,11.626751232168894,9.720520252982793,102080.5,-8.0,967.0,-9.0,12.5625,-43.6875,-17.0,-17.875,-11.3125,-15.0,312.3125,0.5,-85.0625,0.6212158203125,0.26751708984375,0.2974853515625,0.673828125,-17.0,-9.0,-92.0,8.0,977.0,83.0,-383,1532,792,-383,1532,792,334.542301915712,262.70094679027443,-71.27836481647293,
75,7.699769973754883,0.08700871467590332,11.493101624646176,9.740550724975147,102074.25,7.0,1010.0,139.0,13.0,-44.375,-17.375,-11.125,-3.875,-2.1875,312.8125,0.375,-83.625,0.6131591796875,0.26275634765625,0.298095703125,0.6827392578125,0.0,35.0,31.0,6.0,974.0,107.0,-385,1540,866,-385,1540,866,307.0126070180067,249.55272448820534,-0.3022376683706227,
76,7.787778854370117,0.08800888061523438,11.362489705691127,9.75888008907091,102074.25,97.0,927.0,7.0,13.75,-43.25,-18.1875,27.8125,-20.5,-7.25,312.8125,0.9375,-83.9375,0.61737060546875,0.25732421875,0.29742431640625,0.6812744140625,81.0,-47.0,-95.0,16.0,975.0,103.0,-328,1575,866,-328,1575,866,333.2426035958986,260.95907445945113,-0.2789653679060848,
77,7.874787330627441,0.08700847625732422,11.493133117772784,9.778041840002917,102074.25,10.0,951.0,65.0,12.25,-44.0,-18.5625,-0.875,-22.125,-4.25,315.5625,0.375,-84.375,0.623779296875,0.24969482421875,0.2799072265625,0.6856689453125,3.0,-24.0,-29.0,6.0,976.0,95.0,-338,1589,915,-338,1589,915,298.7332106183294,253.2548232270325,43.106106218779395,
78,7.959796190261841,0.08500885963439941,11.763479763176862,9.799245877102559,102074.25,15.0,946.0,111.0,11.5,-44.375,-19.0,11.125,-24.0625,-5.125,317.4375,0.375,-84.5,0.62860107421875,0.239013671875,0.268310546875,0.68975830078125,7.0,-29.0,17.0,7.0,976.0,93.0,-296,1590,910,-296,1590,910,313.77384695483204,234.65998978031564,35.25799633111029,
79,8.046804904937744,0.08700871467590332,11.493101624646176,9.817561247386946,102077.25,18.0,972.0,86.0,11.875,-44.75,-18.1875,-4.375,-22.5625,-10.75,319.9375,0.0,-84.75,0.63330078125,0.23077392578125,0.25286865234375,0.694091796875,18.0,-3.0,-2.0,0.0,976.0,89.0,-291,1629,923,-291,1629,923,294.03810486479875,251.10495474604383,44.04772533988562,
80,8.132813453674316,0.08600854873657227,11.626751232168894,9.836694331634629,102077.25,6.0,972.0,161.0,11.875,-44.0,-19.0,-15.0,-17.5,-8.125,322.375,-0.625,-83.75,0.62969970703125,0.22247314453125,0.23968505859375,0.70458984375,17.0,-2.0,55.0,-11.0,974.0,105.0,-250,1673,938,-250,1673,938,308.10282443016644,271.1613064051867,54.084948161869505,
81,8.218822002410889,0.08600854873657227,11.626751232168894,9.855426967056795,102077.25,-44.0,1021.0,141.0,12.25,-44.0,-20.1875,-12.3125,-6.6875,-3.1875,324.0625,-1.1875,-82.6875,0.624267578125,0.21710205078125,0.2314453125,0.71380615234375,-24.0,48.0,17.0,-20.0,972.0,123.0,-256,1704,1010,-256,1704,1010,279.0073478797816,278.0349410031745,114.37911598454991,
82,8.30383038520813,0.08500838279724121,11.763545748013609,9.874960854941008,102077.25,-23.0,983.0,168.0,11.0625,-44.375,-21.75,13.375,-2.1875,-0.875,324.5,-1.3125,-81.375,0.6163330078125,0.21295166015625,0.2308349609375,0.72216796875,-1.0,14.0,21.0,-22.0,969.0,146.0,-210,1729,1040,-210,1729,1040,299.19026113250266,279.27107611085626,132.74571473165102,
83,8.38883900642395,0.08500862121582031,11.763512755502704,9.8940985679235,102077.25,-151.0,1036.0,127.0,11.0625,-43.6875,-21.75,-7.75,-3.375,9.75,325.3125,-1.5,-81.8125,0.619873046875,0.21240234375,0.22509765625,0.7210693359375,-125.0,66.0,-11.0,-26.0,970.0,138.0,-171,1764,982,-171,1764,982,311.4784398300746,289.4698701264001,69.98844673123881,
84,8.474847555160522,0.08600854873657227,11.626751232168894,9.911682712080236,102073.75,12.0,1001.0,55.0,11.875,-44.0,-22.5625,15.4375,-8.0625,2.9375,324.9375,-0.75,-82.375,0.62567138671875,0.2066650390625,0.22637939453125,0.71734619140625,25.0,28.0,-73.0,-12.0,972.0,129.0,-163,1782,1023,-163,1782,1023,294.6566787221749,283.2953673344534,101.30498997289061,
85,8.563856601715088,0.08900904655456543,11.234813074724574,9.925434760663439,102073.75,-37.0,913.0,61.0,11.0625,-44.0,-21.5,3.0,-8.0625,-7.5625,325.8125,-0.9375,-83.0,0.630126953125,0.20538330078125,0.21978759765625,0.71588134765625,-21.0,-59.0,-57.0,-16.0,973.0,119.0,-176,1832,1009,-176,1832,1009,260.72206657276814,304.7356543873901,81.39337725042495,
86,8.720871925354004,0.07100677490234375,14.083163210486731,9.861399265591098,102073.75,-82.0,923.0,115.0,10.75,-45.1875,-21.5,5.3125,18.625,9.0,325.8125,-1.6875,-84.25,0.63507080078125,0.216064453125,0.21759033203125,0.708984375,-45.0,-50.0,22.0,-29.0,975.0,98.0,67,1757,1194,67,1757,1194,504.1565342780822,199.94074145900024,275.7407471355257,
87,8.80988097190857,0.08900904655456543,11.234813074724574,9.87527530478682,102074.0,-109.0,951.0,81.0,9.5625,-46.6875,-19.75,13.875,20.625,2.9375,324.0625,-1.4375,-85.3125,0.6392822265625,0.22589111328125,0.22674560546875,0.69921875,-84.0,-25.0,2.0,-25.0,977.0,79.0,-66,1855,1034,-66,1855,1034,350.2807604404155,269.3232038285289,116.09581252548344,
88,8.895889520645142,0.08600854873657227,11.626751232168894,9.892209182204201,102074.0,-107.0,964.0,100.0,10.375,-46.25,-20.25,2.625,15.6875,6.0,322.1875,-1.25,-85.8125,0.63916015625,0.23468017578125,0.2369384765625,0.6929931640625,-85.0,-13.0,29.0,-21.0,977.0,71.0,-15,1873,1064,-15,1873,1064,368.9673939752308,264.6999943415183,134.01423030733136,
89,8.981898307800293,0.08600878715515137,11.626719002514227,9.908818486923673,102074.0,-25.0,989.0,139.0,10.0,-46.6875,-17.375,-3.75,7.75,11.625,320.6875,-0.625,-85.5625,0.63702392578125,0.23565673828125,0.24664306640625,0.69122314453125,-8.0,20.0,85.0,-11.0,977.0,75.0,22,1900,1056,22,1900,1056,373.681427077301,268.4900435834485,116.53307566811809,
90,9.065906524658203,0.08400821685791016,11.903597497984993,9.927302885289027,102074.0,-102.0,1129.0,147.0,9.5625,-45.875,-18.1875,-18.25,4.125,-3.4375,320.4375,-0.625,-85.375,0.63555908203125,0.23663330078125,0.2486572265625,0.69158935546875,-78.0,151.0,68.0,-11.0,977.0,78.0,75,1909,1098,75,1909,1098,393.4865385816256,256.06550329362653,146.05626315015647,
91,9.150915145874023,0.08500862121582031,11.763512755502704,9.944360596659035,102074.0,73.0,994.0,-51.0,10.0,-45.875,-18.1875,22.5,-1.1875,-4.0,319.8125,-0.3125,-86.125,0.64013671875,0.23828125,0.25054931640625,0.68603515625,79.0,16.0,-117.0,-5.0,978.0,65.0,99,1920,1103,99,1920,1103,384.9270466830094,246.31215484392808,139.33888329846297,
92,9.234923601150513,0.08400845527648926,11.903563715209291,9.962183118497958,102072.25,-18.0,964.0,-108.0,8.875,-47.0,-17.75,1.125,-7.625,-15.9375,321.625,-1.1875,-86.875,0.64453125,0.2401123046875,0.237060546875,0.68609619140625,5.0,-14.0,-161.0,-23.0,978.0,52.0,107,1944,1147,107,1944,1147,362.6202593369866,249.3439046666524,168.9390631516104,
93,9.321932077407837,0.08700847625732422,11.493133117772784,9.976472605436602,102072.25,-7.0,986.0,71.0,9.25,-45.5,-17.0,-21.25,-1.0625,11.1875,322.75,-1.375,-85.625,0.6387939453125,0.23284912109375,0.23419189453125,0.69488525390625,16.0,8.0,-3.0,-23.0,977.0,74.0,167,1970,1121,167,1970,1121,387.7967743721489,253.15367650910127,132.9215027871553,
94,9.40794062614441,0.08600854873657227,11.626751232168894,9.99155965533802,102072.25,104.0,922.0,-22.0,8.1875,-45.875,-17.375,10.25,-8.75,-0.625,322.9375,-0.5625,-85.9375,0.64434814453125,0.223388671875,0.232421875,0.6934814453125,114.0,-55.0,-91.0,-10.0,978.0,68.0,181,1970,1142,181,1970,1142,370.4700605737715,233.66084341790048,141.48700381496147,
95,9.491949081420898,0.08400845527648926,11.903563715209291,10.008481839198716,102072.25,71.0,969.0,60.0,8.1875,-45.5,-17.0,-4.25,-15.375,-5.125,324.75,-0.8125,-85.875,0.646484375,0.2158203125,0.2215576171875,0.69744873046875,86.0,-8.0,-9.0,-14.0,978.0,69.0,235,1999,1144,235,1999,1144,391.4388838374314,242.2496162507845,132.42565333335168,
96,9.575957536697388,0.08400845527648926,11.903563715209291,10.02510711144079,102077.0,39.0,962.0,111.0,7.875,-46.25,-17.375,-1.6875,-17.5625,-2.75,326.8125,-1.0,-85.4375,0.6468505859375,0.205078125,0.20953369140625,0.70404052734375,57.0,-15.0,34.0,-17.0,977.0,77.0,258,1999,1157,258,1999,1157,382.37930112158483,223.5963957994741,134.1443453056081,
97,9.659965991973877,0.08400845527648926,11.903563715209291,10.041443218391644,102077.0,33.0,943.0,81.0,7.875,-45.5,-17.75,3.5625,-21.0625,-8.6875,329.0625,-1.125,-85.4375,0.650390625,0.19390869140625,0.195556640625,0.7078857421875,53.0,-34.0,3.0,-19.0,977.0,77.0,285,2026,1126,285,2026,1126,377.6836038991429,231.12698228683473,95.40142412887171,
98,9.743974447250366,0.08400845527648926,11.903563715209291,10.057497639236363,102077.0,-29.0,985.0,89.0,9.0,-45.875,-17.375,-7.0,-14.5,-1.375,331.1875,-1.625,-85.375,0.65191650390625,0.18756103515625,0.18255615234375,0.711669921875,0.0,8.0,11.0,-28.0,977.0,78.0,287,2059,1160,287,2059,1160,350.43511521105114,243.5771600510953,119.21904427736652,
99,9.83098292350769,0.08700847625732422,11.493133117772784,10.07020363785525,102077.0,-6.0,984.0,135.0,7.875,-44.0,-17.0,-12.5,-8.8125,0.5625,332.4375,-1.5625,-84.375,0.64776611328125,0.17840576171875,0.1763916015625,0.7193603515625,21.0,9.0,40.0,-27.0,975.0,95.0,300,2089,1184,300,2089,1184,334.95623759069076,251.3708562292161,131.27848786965342,
100,9.917991876602173,0.08700895309448242,11.493070131692159,10.08268621755105,102077.0,-64.0,1029.0,201.0,8.0625,-44.375,-19.5,-4.375,-1.875,0.0625,333.3125,-1.625,-83.6875,0.64453125,0.17266845703125,0.171630859375,0.72479248046875,-36.0,55.0,94.0,-28.0,974.0,107.0,343,2110,1204,343,2110,1204,347.2181625022403,250.5995947025127,138.86937230649602,
101,10.002000331878662,0.08400845527648926,11.903563715209291,10.097980068855817,102072.0,30.0,952.0,-29.0,8.5,-44.0,-19.375,33.125,-14.1875,-14.0,333.4375,-1.4375,-84.75,0.6519775390625,0.1717529296875,0.16937255859375,0.71881103515625,55.0,-24.0,-118.0,-25.0,976.0,89.0,380,2152,1194,380,2152,1194,354.3956170141991,269.79955096540607,119.01068657818467,
102,10.085008382797241,0.0830080509185791,12.047024221552672,10.114022331799852,102072.0,-134.0,1029.0,139.0,8.0625,-44.0,-17.75,-20.0625,-3.5,16.0,335.1875,-2.0625,-84.25,0.64959716796875,0.16766357421875,0.1590576171875,0.72430419921875,-98.0,54.0,42.0,-35.0,975.0,97.0,378,2203,1197,378,2203,1197,325.25191277398665,296.33364965910715,112.62972630684312,
103,10.16901683807373,0.08400845527648926,11.903563715209291,10.128806121586756,102072.0,-66.0,975.0,36.0,7.375,-44.75,-19.0,20.125,-4.1875,-5.375,335.6875,-1.875,-84.8125,0.65435791015625,0.1636962890625,0.1551513671875,0.72174072265625,-40.0,-12.0,-72.0,-32.0,976.0,88.0,408,2228,1214,408,2228,1214,327.7047476725232,296.4303187871338,119.53900228442517,
104,10.255025625228882,0.08600878715515137,11.626719002514227,10.141369100448134,102072.0,-99.0,920.0,86.0,8.0625,-44.375,-18.5625,-19.0625,-1.25,1.8125,336.1875,-2.0,-84.5625,0.65325927734375,0.1619873046875,0.15240478515625,0.72369384765625,-60.0,-47.0,27.0,-34.0,975.0,95.0,409,2247,1214,409,2247,1214,303.3667394649325,290.61507414120285,110.33449910852444,
105,10.341034173965454,0.08600854873657227,11.626751232168894,10.153723334978196,102071.75,-54.0,919.0,132.0,8.0625,-44.375,-18.1875,3.6875,8.75,4.9375,335.5625,-1.5625,-83.9375,0.64947509765625,0.159912109375,0.1571044921875,0.7265625,-19.0,-59.0,36.0,-27.0,974.0,103.0,469,2256,1238,469,2256,1238,333.72309121875304,276.2950520362233,123.32497895421618,
106,10.431043148040771,0.09000897407531738,11.110003311039003,10.161975029305639,102071.75,-115.0,909.0,168.0,8.5,-43.25,-18.1875,0.75,23.25,9.125,334.1875,-1.5,-84.3125,0.65008544921875,0.16729736328125,0.165283203125,0.7225341796875,-71.0,-64.0,71.0,-27.0,975.0,97.0,511,2279,1256,511,2279,1256,343.95616390280924,274.6961488932842,129.2274201638416,
107,10.518051862716675,0.08700871467590332,11.493101624646176,10.172986537486354,102071.75,-106.0,962.0,186.0,8.0625,-44.0,-17.375,30.9375,18.3125,3.625,332.5,-1.1875,-85.1875,0.654052734375,0.17498779296875,0.1749267578125,0.71484375,-85.0,-14.0,105.0,-20.0,977.0,81.0,544,2298,1249,544,2298,1249,346.6755105105189,270.3589531053587,113.08212703554152,
108,10.605060338973999,0.08700847625732422,11.493133117772784,10.18381758782606,102071.75,-59.0,1017.0,-15.0,8.0625,-44.375,-17.375,18.8125,14.9375,9.5625,330.75,-0.8125,-87.875,0.6690673828125,0.18505859375,0.181396484375,0.69659423828125,-44.0,37.0,-50.0,-14.0,979.0,35.0,565,2312,1305,565,2312,1305,338.5658924526476,261.93091121720516,153.93319325764108,
109,10.690069198608398,0.08500885963439941,11.763479763176862,10.196379272660769,102071.0,-73.0,1091.0,-57.0,8.5,-44.0,-14.5625,12.25,8.625,-5.25,329.4375,-0.5,-88.8125,0.67327880859375,0.1907958984375,0.1881103515625,0.68914794921875,-63.0,110.0,-77.0,-9.0,980.0,20.0,608,2351,1305,608,2351,1305,351.4452002296723,277.0879607823005,142.08033737680273,
110,10.780077934265137,0.09000873565673828,11.110032739640394,10.204007862536715,102071.0,191.0,1027.0,73.0,9.25,-44.75,-13.75,-0.25,19.125,26.3125,326.0,1.0,-87.5625,0.6654052734375,0.19024658203125,0.21075439453125,0.69036865234375,173.0,26.0,17.0,17.0,979.0,41.0,677,2366,1352,677,2366,1352,383.41152375769695,268.58427561634807,171.3473598835475,
111,10.868086814880371,0.08800888061523438,11.362489705691127,10.21338915401568,102071.0,34.0,932.0,-158.0,7.75,-44.0,-14.1875,2.75,-5.3125,-17.625,327.0625,0.0625,-89.125,0.67364501953125,0.19732666015625,0.20172119140625,0.68310546875,32.0,-48.0,-172.0,2.0,980.0,14.0,708,2364,1326,708,2364,1326,381.011099355839,246.15346297921286,135.4059087817207,
112,10.953095197677612,0.08500838279724121,11.763545748013609,10.225420119031504,102071.0,90.0,966.0,4.0,8.875,-45.5,-13.75,-16.625,7.0625,7.3125,327.0,-0.0625,-87.5625,0.663330078125,0.1976318359375,0.20465087890625,0.692138671875,92.0,-13.0,-36.0,-2.0,979.0,41.0,752,2385,1339,752,2385,1339,391.52813769970953,246.22129980435147,136.75496309928982,
113,11.041104316711426,0.08800911903381348,11.36245892446436,10.234483504423302,102071.0,100.0,933.0,52.0,8.875,-43.6875,-15.375,-4.0625,11.375,8.5,325.75,0.375,-86.875,0.658447265625,0.197998046875,0.2144775390625,0.6937255859375,92.0,-46.0,-1.0,7.0,979.0,53.0,789,2419,1390,789,2419,1390,393.7521165726309,257.0091771836641,170.84520713701605,
114,11.127112865447998,0.08600854873657227,11.626751232168894,10.245245229244842,102074.0,-3.0,948.0,51.0,9.25,-43.6875,-15.75,-6.8125,-2.25,-6.25,326.125,-0.125,-86.875,0.657470703125,0.20159912109375,0.2113037109375,0.694580078125,-1.0,-30.0,-1.0,-2.0,979.0,53.0,794,2420,1348,794,2420,1348,367.9095028209233,238.114730385399,120.0892127026316,
115,11.21312141418457,0.08600854873657227,11.626751232168894,10.255841861707239,102074.0,11.0,959.0,118.0,9.25,-43.25,-16.1875,-6.5625,1.0625,6.375,326.4375,-0.125,-86.4375,0.6552734375,0.19921875,0.2103271484375,0.6976318359375,13.0,-18.0,57.0,-2.0,978.0,60.0,818,2450,1374,818,2450,1374,361.06670738076036,246.63769149203347,134.11909929133108,
116,11.302130222320557,0.08900880813598633,11.234843168242573,10.263551889617393,102074.0,65.0,946.0,82.0,8.875,-43.6875,-16.5625,2.875,-10.0,-2.4375,326.3125,0.375,-86.5,0.65728759765625,0.19366455078125,0.210693359375,0.69720458984375,58.0,-32.0,22.0,6.0,978.0,59.0,851,2472,1366,851,2472,1366,361.81230740294626,246.6784135741498,116.87126525426117,
117,11.390139102935791,0.08800888061523438,11.362489705691127,10.272043119284069,102074.0,25.0,978.0,148.0,7.75,-42.1875,-16.1875,-8.0,-2.5625,5.25,326.75,0.8125,-85.9375,0.65625,0.1854248046875,0.209228515625,0.70086669921875,11.0,0.0,79.0,14.0,978.0,68.0,884,2492,1388,884,2492,1388,362.82484607508053,245.18240987570462,127.12023539112384,
118,11.487148761749268,0.09700965881347656,10.30825190224337,10.272348904623302,102070.0,46.0,1017.0,152.0,6.25,-42.875,-17.0,1.75,-0.875,0.4375,326.4375,1.3125,-85.6875,0.65582275390625,0.1807861328125,0.21160888671875,0.70172119140625,23.0,39.0,79.0,23.0,977.0,72.0,905,2559,1400,905,2559,1400,351.55577625322684,279.4836358789489,126.85680202368019,
119,11.578157901763916,0.09100914001464844,10.987907366656188,10.2779734919551,102070.0,39.0,1041.0,101.0,7.75,-43.75,-17.375,18.5625,2.375,0.625,326.0,1.5625,-85.75,0.6561279296875,0.18060302734375,0.2139892578125,0.70074462890625,12.0,64.0,28.0,27.0,977.0,72.0,946,2573,1408,946,2573,1408,359.174805038262,269.80836005752525,123.85737920571704,
120,11.66516637802124,0.08700847625732422,11.493133117772784,10.287037159289586,102070.0,-17.0,941.0,-201.0,7.0,-43.6875,-15.0,33.0625,-6.375,-10.375,326.3125,1.25,-88.3125,0.6710205078125,0.18719482421875,0.20782470703125,0.6866455078125,-38.0,-38.0,-230.0,21.0,980.0,28.0,966,2641,1430,966,2641,1430,349.2177700516859,309.2111613377541,133.78972850838394,
121,11.752175092697144,0.08700871467590332,11.493101624646176,10.295966410097988,102070.0,2.0,1023.0,59.0,7.75,-44.0625,-15.0,-23.8125,6.5,4.3125,326.0625,1.25,-87.0625,0.663330078125,0.1864013671875,0.2113037109375,0.6932373046875,-19.0,44.0,9.0,21.0,979.0,49.0,1000,2664,1419,1000,2664,1419,352.4169418110298,305.7561848919954,113.75326233716308,
122,11.83418345451355,0.08200836181640625,12.193878500325612,10.309118535209903,102070.75,30.0,971.0,-49.0,8.875,-44.0,-15.75,13.125,11.9375,-3.8125,325.375,1.0625,-87.5625,0.66448974609375,0.19287109375,0.21466064453125,0.6893310546875,11.0,-7.0,-90.0,18.0,979.0,41.0,1014,2696,1443,1014,2696,1443,338.4258383149315,312.2586752801141,127.52854860580327,
123,11.919191837310791,0.08500838279724121,11.763545748013609,10.319491596315416,102070.75,-69.0,947.0,75.0,8.5,-45.1875,-14.5625,-48.375,24.75,7.8125,323.9375,1.0,-85.875,0.65191650390625,0.19903564453125,0.22625732421875,0.69586181640625,-35.0,-26.0,13.0,17.0,978.0,69.0,1037,2743,1428,1037,2743,1428,333.20028828441394,330.7870293456066,104.1219550242007,
124,12.00220012664795,0.0830082893371582,12.046989619774703,10.331439127122064,102070.75,3.0,909.0,39.0,8.0625,-44.75,-16.1875,43.25,26.75,-16.0625,322.5625,0.5,-84.9375,0.64166259765625,0.21112060546875,0.23663330078125,0.6983642578125,0.0,-68.0,-102.0,5.0,977.0,79.0,1063,2743,1432,1063,2743,1432,331.661939305303,305.3164280859949,99.81503729022786,
125,12.089208841323853,0.08700871467590332,11.493101624646176,10.33979986951004,102070.75,-16.0,922.0,105.0,9.25,-43.25,-15.75,5.0625,45.875,2.375,319.9375,-0.25,-84.4375,0.63037109375,0.23333740234375,0.25323486328125,0.69573974609375,-15.0,-57.0,0.0,-5.0,976.0,94.0,1085,2781,1431,1085,2781,1431,325.59328413094534,315.43587847708807,91.24431059378256,
126,12.170217037200928,0.0810081958770752,12.344429957648195,10.353143219619952,102070.75,-62.0,960.0,115.0,11.875,-43.25,-17.0,14.125,37.25,-4.75,317.875,-0.8125,-85.0625,0.6275634765625,0.25213623046875,0.26470947265625,0.68743896484375,-48.0,-16.0,31.0,-14.0,976.0,83.0,1096,2822,1456,1096,2822,1456,310.97833342699056,330.11868121064765,107.98152634653408,
127,12.251225233078003,0.0810081958770752,12.344429957648195,10.366310110527,102073.5,-102.0,989.0,80.0,12.25,-43.25,-15.375,5.125,32.6875,-3.5625,315.4375,-1.5,-86.3125,0.6259765625,0.2757568359375,0.2763671875,0.675048828125,-72.0,38.0,17.0,-25.0,978.0,62.0,1141,2847,1448,1141,2847,1448,329.8064515563633,328.4625704259006,92.06277996393968,
128,12.335233688354492,0.08400845527648926,11.903563715209291,10.37677949472841,102073.5,-41.0,1059.0,122.0,13.0,-44.75,-13.75,23.0625,31.9375,0.25,312.5,-1.25,-86.375,0.62054443359375,0.28948974609375,0.29339599609375,0.6671142578125,-19.0,85.0,21.0,-21.0,978.0,61.0,1179,2865,1486,1179,2865,1486,339.24118221722574,319.66929181238635,119.8037733374187,
129,12.420242071151733,0.08500838279724121,11.763545748013609,10.38627099705455,102073.5,102.0,998.0,108.0,11.875,-44.75,-12.5625,20.8125,27.875,-0.1875,309.875,-1.0625,-86.5625,0.615478515625,0.30206298828125,0.308349609375,0.659423828125,121.0,19.0,49.0,-18.0,978.0,58.0,1191,2926,1502,1191,2926,1502,323.9891274576639,350.3081307212525,125.07157115199024,
130,12.503250360488892,0.0830082893371582,12.046989619774703,10.39729640308641,102073.5,-50.0,964.0,-78.0,13.75,-43.6875,-11.25,-5.75,19.875,-11.4375,309.75,-2.6875,-88.6875,0.61810302734375,0.326416015625,0.303466796875,0.6475830078125,-4.0,-15.0,-100.0,-46.0,979.0,22.0,1215,2955,1502,1215,2955,1502,321.30480146076746,350.23533247667297,115.441060173287,
131,12.590259075164795,0.08700871467590332,11.493101624646176,10.404869289656403,102068.0,21.0,984.0,-48.0,14.5,-43.6875,-11.25,-6.125,24.1875,-10.25,308.4375,-3.375,-88.0625,0.607177734375,0.3388671875,0.31243896484375,0.647216796875,79.0,-17.0,-68.0,-58.0,978.0,32.0,1233,3005,1508,1233,3005,1508,312.493770600048,367.51565313085695,111.86191149053043,
132,12.674267530441284,0.08400845527648926,11.903563715209291,10.41480303954134,102068.0,-17.0,979.0,85.0,16.0,-44.0,-11.25,-14.125,26.1875,7.25,306.8125,-3.6875,-87.3125,0.59619140625,0.34820556640625,0.3236083984375,0.64697265625,46.0,2.0,39.0,-63.0,977.0,45.0,1276,3043,1526,1276,3043,1526,327.8444497249023,374.04677527048335,119.74688361503968,
133,12.761276006698608,0.08700847625732422,11.493133117772784,10.42215527116458,102068.0,4.0,902.0,-3.0,17.5,-43.25,-11.75,11.5625,8.3125,-11.5,305.9375,-4.0,-88.1875,0.59637451171875,0.35919189453125,0.325927734375,0.6396484375,73.0,-74.0,-33.0,-69.0,977.0,30.0,1261,3065,1520,1261,3065,1520,289.32585834505727,364.71454107616324,105.21654607627059,
134,12.851284980773926,0.09000897407531738,11.110003311039003,10.426972882514843,102068.0,-49.0,993.0,58.0,16.375,-44.375,-10.5,17.375,9.6875,-12.0625,306.0625,-4.875,-88.8125,0.59423828125,0.3675537109375,0.324462890625,0.6375732421875,57.0,9.0,37.0,-83.0,976.0,20.0,1278,3101,1529,1278,3101,1529,281.59076158663794,367.4284505914988,104.81410432294778,
135,12.935293436050415,0.08400845527648926,11.903563715209291,10.436562623601377,102068.0,-30.0,959.0,-85.0,16.75,-42.875,-9.25,7.9375,3.0,-3.4375,306.0625,-5.3125,-90.25,0.59912109375,0.37884521484375,0.31982421875,0.628662109375,60.0,-16.0,-80.0,-91.0,976.0,-4.0,1293,3179,1514,1293,3179,1514,273.65688903553354,410.6292635695004,82.99480219901407,
136,13.02430248260498,0.08900904655456543,11.234813074724574,10.442017926229761,102064.75,-51.0,1016.0,30.0,17.5,-43.25,-9.25,-7.25,-0.3125,-2.9375,306.3125,-5.375,-89.4375,0.5950927734375,0.37554931640625,0.320556640625,0.634033203125,41.0,40.0,20.0,-92.0,976.0,9.0,1311,3200,1532,1311,3200,1532,268.15675950136574,397.1775030164785,92.17565335125825,
137,13.113311290740967,0.08900880813598633,11.234843168242573,10.447399361039558,102064.75,0.0,994.0,50.0,18.5625,-43.6875,-9.6875,-11.375,0.625,-4.0,306.125,-5.4375,-88.5625,0.59002685546875,0.37384033203125,0.3238525390625,0.63818359375,94.0,18.0,26.0,-93.0,975.0,23.0,1311,3233,1549,1311,3233,1549,247.5086890197606,395.1425717747141,99.78453775044089,
138,13.195319414138794,0.08200812339782715,12.19391395104763,10.458253845081833,102064.75,-99.0,1034.0,32.0,17.875,-44.0,-10.5,11.875,6.3125,-7.0,306.3125,-5.75,-87.625,0.5831298828125,0.37335205078125,0.32550048828125,0.6439208984375,0.0,59.0,-7.0,-99.0,974.0,40.0,1308,3290,1544,1308,3290,1544,225.63372584254705,418.2356820792092,87.40647147250361,
139,13.285328388214111,0.09000897407531738,11.110003311039003,10.462669490602268,102064.75,-21.0,1009.0,32.0,18.1875,-42.875,-11.25,5.75,3.6875,6.75,305.875,-5.5625,-86.75,0.5784912109375,0.3709716796875,0.330322265625,0.64697265625,74.0,34.0,-22.0,-95.0,974.0,54.0,1280,3377,1543,1280,3377,1543,184.30676181407085,460.4574467397604,79.82070291417084,
140,13.372337341308594,0.08700895309448242,11.493070131692159,10.469373934168178,102067.5,-203.0,977.0,-29.0,18.1875,-42.1875,-11.25,-18.0,-4.4375,-4.0,307.75,-6.625,-87.4375,0.5814208984375,0.3740234375,0.3179931640625,0.6488037109375,-90.0,4.0,-72.0,-113.0,973.0,43.0,1311,3427,1545,1311,3427,1545,197.5490995587366,469.2505433478137,75.44444159006028,
141,13.473347425460815,0.10101008415222168,9.900001652241029,10.465105333330149,102067.5,-151.0,963.0,13.0,18.875,-42.5625,-11.25,-9.5625,-2.1875,-8.625,307.8125,-6.6875,-86.5,0.576416015625,0.37115478515625,0.3199462890625,0.6539306640625,-37.0,-8.0,-45.0,-114.0,972.0,58.0,1303,3456,1539,1303,3456,1539,176.23941787493342,455.22495519948626,65.06141882429029,
142,13.56035590171814,0.08700847625732422,11.493133117772784,10.471701556299724,102067.5,-154.0,928.0,4.0,18.875,-41.75,-12.0625,-0.125,-1.8125,-9.0,308.875,-7.1875,-86.3125,0.57537841796875,0.37066650390625,0.31451416015625,0.65771484375,-31.0,-42.0,-56.0,-123.0,970.0,61.0,1300,3504,1536,1300,3504,1536,160.01406894835804,462.651253652414,57.39677582461442,
143,13.64536452293396,0.08500862121582031,11.763512755502704,10.47974935075262,102067.5,-218.0,925.0,50.0,19.25,-41.875,-11.25,13.4375,-0.3125,-13.0625,309.9375,-8.25,-86.5625,0.57342529296875,0.3765869140625,0.30767822265625,0.6593017578125,-77.0,-42.0,-6.0,-140.0,968.0,57.0,1297,3546,1547,1297,3546,1547,144.97561419281337,465.0703073724739,62.940919390029904,
144,13.732372999191284,0.08700847625732422,11.493133117772784,10.486170162176656,102065.25,-221.0,927.0,84.0,19.25,-41.0625,-10.5,-3.375,24.4375,-0.25,309.4375,-8.8125,-86.75,0.5689697265625,0.38568115234375,0.31005859375,0.65679931640625,-60.0,-35.0,14.0,-150.0,967.0,53.0,1287,3557,1557,1287,3557,1557,124.9627793992817,438.994577455547,66.94418109768264,
145,13.819381952285767,0.08700895309448242,11.493070131692159,10.492509759165936,102065.25,-233.0,938.0,36.0,20.75,-41.5,-10.5,8.25,30.3125,-0.9375,307.5625,-9.0,-87.4375,0.56475830078125,0.3992919921875,0.31890869140625,0.64801025390625,-78.0,-28.0,-5.0,-154.0,967.0,42.0,1310,3600,1566,1310,3600,1566,135.69487258876384,443.24555019750267,69.75417675442375,
146,13.90639066696167,0.08700871467590332,11.493101624646176,10.498770205475518,102065.25,-209.0,956.0,111.0,21.1875,-41.5,-10.0625,-1.0,26.9375,5.875,304.9375,-8.875,-87.5625,0.55718994140625,0.4111328125,0.3331298828125,0.63995361328125,-40.0,-9.0,62.0,-152.0,967.0,40.0,1320,3653,1553,1320,3653,1553,134.09605565040658,456.018990562476,52.878510418062305,
147,13.993399381637573,0.08700871467590332,11.493101624646176,10.50495279888148,102065.25,-185.0,962.0,37.0,21.5,-41.0625,-9.25,4.375,17.4375,-3.125,303.3125,-9.0625,-87.4375,0.5491943359375,0.41998291015625,0.34271240234375,0.635986328125,-58.0,-2.0,-37.0,-154.0,967.0,43.0,1336,3670,1587,1336,3670,1587,137.93016056688938,435.9499983158272,78.8958051691952,
148,14.079407930374146,0.08600854873657227,11.626751232168894,10.511805661991858,102065.25,-293.0,1172.0,103.0,20.75,-41.75,-8.875,-49.3125,29.9375,12.9375,301.0,-8.6875,-85.875,0.5357666015625,0.421630859375,0.3599853515625,0.6368408203125,-160.0,139.0,5.0,-151.0,967.0,55.0,1339,3704,1581,1339,3704,1581,129.99531773786993,432.82068317132666,67.44926910190514,
149,14.165416479110718,0.08600854873657227,11.626751232168894,10.51857530766748,102067.75,109.0,936.0,-320.0,19.6875,-42.5,-11.0,100.9375,23.0625,2.9375,296.875,-6.8125,-85.8125,0.53369140625,0.42303466796875,0.38299560546875,0.6241455078125,226.0,-34.0,-391.0,-116.0,971.0,71.0,1383,3744,1609,1383,3744,1609,159.37711144664217,435.3038843622147,87.32295103761459,
150,14.2524254322052,0.08700895309448242,11.493070131692159,10.524524454697765,102067.75,-110.0,988.0,107.0,19.6875,-43.75,-7.1875,-50.3125,14.4375,13.6875,296.375,-7.4375,-85.125,0.524169921875,0.42852783203125,0.3876953125,0.62554931640625,36.0,24.0,38.0,-127.0,968.0,81.0,1380,3806,1608,1380,3806,1608,144.45017466482986,456.65340207502254,79.71411740757797,
151,14.345434427261353,0.09300899505615234,10.75164826150707,10.525997017772225,102067.75,-29.0,956.0,43.0,20.375,-42.25,-8.375,9.625,22.3125,5.375,294.25,-6.875,-84.9375,0.51922607421875,0.43328857421875,0.40081787109375,0.61810302734375,107.0,-41.0,-17.0,-117.0,969.0,85.0,1543,3798,1725,1543,3798,1725,268.2714485458132,414.8680747861575,170.43772955511167,
152,14.439443826675415,0.0940093994140625,10.637234215224801,10.526721238334357,102067.75,-107.0,956.0,40.0,19.75,-42.5,-10.0,8.6875,-0.1875,-2.875,293.8125,-6.9375,-85.75,0.521240234375,0.43841552734375,0.39947509765625,0.61358642578125,13.0,-18.0,-24.0,-119.0,970.0,70.0,1422,3897,1604,1422,3897,1604,148.50743582453615,464.01086945028203,58.20691319611862,
153,14.530453205108643,0.09100937843322754,10.987878581477048,10.529609630221856,102070.75,-97.0,940.0,29.0,19.6875,-43.25,-7.5625,5.5625,-6.6875,-0.625,294.125,-6.9375,-86.625,0.5264892578125,0.44036865234375,0.39532470703125,0.61041259765625,21.0,-31.0,-27.0,-119.0,971.0,56.0,1427,3935,1609,1427,3935,1609,141.30269651991551,460.43256523201217,57.955314133886155,
154,14.630463123321533,0.10000991821289062,9.999008277072129,10.525982581817109,102070.75,-55.0,930.0,18.0,20.0,-43.25,-7.1875,8.9375,-15.3125,-1.4375,294.875,-6.5625,-86.75,0.5325927734375,0.43414306640625,0.39093017578125,0.6124267578125,58.0,-41.0,-5.0,-112.0,972.0,55.0,1424,4016,1614,1424,4016,1614,128.11261797587835,487.34307233324614,57.3423731322497,
155,14.72747278213501,0.09700965881347656,10.30825190224337,10.524548392852639,102070.75,-59.0,954.0,68.0,19.6875,-43.25,-7.1875,-7.5,-12.5625,6.375,295.75,-6.3125,-86.3125,0.53564453125,0.4256591796875,0.38763427734375,0.6177978515625,48.0,-18.0,5.0,-108.0,972.0,62.0,1427,4032,1618,1427,4032,1618,120.62915258115395,462.5174221071501,56.10195198695743,
156,14.817481756210327,0.09000897407531738,11.110003311039003,10.528104745910486,102070.75,-87.0,1036.0,149.0,20.0,-42.5625,-9.1875,-14.875,-15.0625,-1.8125,296.5,-6.0,-85.375,0.5362548828125,0.4156494140625,0.3863525390625,0.62481689453125,15.0,64.0,71.0,-103.0,972.0,77.0,1421,4076,1630,1421,4076,1630,106.20788630270508,464.5442718226997,62.047744743361754,
157,14.905490636825562,0.08800888061523438,11.362489705691127,10.533031338942658,102071.0,-123.0,1119.0,169.0,18.875,-42.875,-8.375,-11.125,-10.5,-4.375,297.3125,-6.0,-84.125,0.5328369140625,0.40673828125,0.38568115234375,0.63397216796875,-20.0,149.0,69.0,-102.0,970.0,99.0,1428,4120,1646,1428,4120,1646,104.15426100876431,467.2704780152334,71.26865571553436,
158,15.000499963760376,0.09500932693481445,10.525282435545472,10.532982259372108,102071.0,-282.0,947.0,-145.0,19.0,-42.5625,-10.375,21.625,-16.5625,-26.75,299.8125,-6.875,-85.5625,0.542724609375,0.40936279296875,0.3675537109375,0.6346435546875,-164.0,-23.0,-219.0,-118.0,970.0,74.0,1426,4208,1633,1426,4208,1633,94.51348941601546,502.60996499131653,55.24516150745721,
159,15.08850884437561,0.08800888061523438,11.362489705691127,10.53782064483256,102071.0,-137.0,1002.0,77.0,20.0,-43.375,-9.5625,8.0,10.1875,15.0625,298.875,-6.1875,-84.0625,0.536376953125,0.40167236328125,0.3773193359375,0.63922119140625,-31.0,33.0,-22.0,-106.0,969.0,99.0,1412,4243,1585,1412,4243,1585,74.98718682824723,494.53090744382274,8.995522119148603,
160,15.184518575668335,0.09600973129272461,10.41561086085216,10.53704792830139,102071.0,-109.0,948.0,-10.0,18.5625,-43.375,-9.1875,5.0625,10.0625,6.875,297.375,-5.5,-85.5,0.54345703125,0.4073486328125,0.38140869140625,0.6270751953125,-15.0,-24.0,-86.0,-94.0,973.0,75.0,1402,4298,1641,1402,4298,1641,61.19315307961603,500.5621395663573,53.214980947968684,
161,15.27152705192566,0.08700847625732422,11.493133117772784,10.542495157987409,102073.0,-81.0,959.0,65.0,18.1875,-43.75,-9.5625,-4.1875,17.375,5.3125,296.0,-5.25,-85.5,0.5406494140625,0.4110107421875,0.388671875,0.62261962890625,6.0,-22.0,-18.0,-89.0,973.0,75.0,1417,4307,1639,1417,4307,1639,69.75584904351317,469.98359607036434,47.34748491483809,
162,15.358535766601562,0.08700871467590332,11.493101624646176,10.547880505137913,102073.0,-95.0,933.0,92.0,19.75,-43.25,-8.75,-6.4375,34.0625,1.25,293.625,-5.125,-85.625,0.5333251953125,0.4219970703125,0.4012451171875,0.61358642578125,-7.0,-39.0,18.0,-88.0,973.0,73.0,1405,4338,1648,1405,4338,1648,53.765022765989585,461.22889275097674,51.66644800227536,
163,15.445544481277466,0.08700871467590332,11.493101624646176,10.553205178204157,102073.0,-102.0,939.0,47.0,19.0,-43.25,-8.0625,2.375,46.25,2.4375,289.875,-5.0625,-86.0625,0.5213623046875,0.44049072265625,0.4197998046875,0.59820556640625,-22.0,-30.0,-11.0,-87.0,974.0,66.0,1410,4374,1679,1410,4374,1679,54.04996013849716,457.5731457126708,75.12216508413059,
164,15.536553621292114,0.09100914001464844,10.987907366656188,10.55575155195588,102073.0,-129.0,977.0,32.0,19.75,-42.5625,-7.5625,10.125,46.5625,-3.125,286.1875,-5.4375,-86.8125,0.50775146484375,0.46319580078125,0.4361572265625,0.58087158203125,-44.0,4.0,-41.0,-93.0,974.0,54.0,1411,4411,1654,1411,4411,1654,50.734182075065405,453.64456158039866,48.18603669183936,
165,15.622562170028687,0.08600854873657227,11.626751232168894,10.561647840105667,102068.25,-159.0,1016.0,122.0,19.25,-44.375,-5.5,-18.4375,43.625,4.5625,282.875,-5.625,-86.5625,0.49188232421875,0.4781494140625,0.453369140625,0.569091796875,-63.0,42.0,64.0,-96.0,974.0,57.0,1460,4500,1610,1460,4500,1610,90.6953824542586,498.39205653276144,5.08427869197952,
166,15.708570718765259,0.08600854873657227,11.626751232168894,10.56747956080425,102068.25,-197.0,1120.0,129.0,19.25,-43.25,-4.375,-27.125,36.5625,-1.375,279.5,-5.6875,-86.125,0.47467041015625,0.49127197265625,0.4716796875,0.55755615234375,-99.0,147.0,64.0,-98.0,973.0,65.0,1409,4549,1654,1409,4549,1654,38.05358591655345,503.8836005787121,44.08422240728531,
167,15.805580377578735,0.09700965881347656,10.30825190224337,10.565888503335225,102068.25,-45.0,950.0,-113.0,19.25,-42.5,-4.75,-3.9375,18.5625,-22.0,277.0625,-6.0625,-86.1875,0.46142578125,0.504150390625,0.4832763671875,0.54718017578125,28.0,-11.0,-142.0,-103.0,973.0,64.0,1456,4586,1650,1456,4586,1650,72.42902343519759,494.4527730036427,37.51479569603339,
168,15.895589590072632,0.09000921249389648,11.109973882593517,10.568969401734053,102068.25,-98.0,989.0,51.0,20.75,-43.375,-2.6875,-10.25,23.1875,-6.375,275.5625,-6.6875,-85.125,0.44427490234375,0.5103759765625,0.49444580078125,0.5455322265625,40.0,17.0,-81.0,-115.0,970.0,82.0,1450,4633,1620,1450,4633,1620,61.719180696929186,496.58690496346816,8.962116758647799,
169,15.982598304748535,0.08700871467590332,11.493101624646176,10.574000345725326,102068.25,-43.0,965.0,23.0,20.375,-42.875,-4.0,-9.6875,24.8125,2.25,273.5625,-6.625,-85.375,0.43701171875,0.51910400390625,0.50286865234375,0.53546142578125,71.0,-5.0,-53.0,-114.0,970.0,77.0,1448,4675,1714,1448,4675,1714,55.19686613307013,495.51840393538686,91.45910332742095,
170,16.08460831642151,0.10201001167297363,9.802959372319515,10.569110335527366,102070.0,-11.0,960.0,104.0,20.375,-43.375,-3.1875,-2.75,22.625,8.875,271.1875,-6.375,-85.1875,0.42791748046875,0.52459716796875,0.51470947265625,0.52606201171875,97.0,-10.0,22.0,-109.0,971.0,81.0,1442,4713,1667,1442,4713,1667,46.41774021081212,486.046945955769,48.93984240278522,
171,16.175617694854736,0.09100937843322754,10.987878581477048,10.57146646426943,102070.0,-28.0,958.0,50.0,20.375,-43.25,-2.6875,5.125,20.875,-1.0625,269.5,-6.3125,-85.75,0.42303466796875,0.53338623046875,0.5201416015625,0.51568603515625,79.0,-13.0,-20.0,-107.0,972.0,71.0,1441,4748,1687,1441,4748,1687,41.997507563805854,478.23366389425547,62.09280755324541,
172,16.260626077651978,0.08500838279724121,11.763545748013609,10.577698495655751,102070.0,-17.0,964.0,77.0,20.0,-43.6875,-1.875,3.25,27.5625,0.1875,266.8125,-5.6875,-86.125,0.4178466796875,0.54052734375,0.5302734375,0.50201416015625,80.0,-8.0,12.0,-97.0,973.0,65.0,1419,4780,1681,1419,4780,1681,18.836252984257754,470.39504849750335,51.87690323606323,
173,16.344634532928467,0.08400845527648926,11.903563715209291,10.58451320226636,102070.0,-19.0,957.0,68.0,20.375,-43.0,-1.875,4.625,31.5625,-1.5625,264.5,-5.25,-86.5,0.4122314453125,0.54779052734375,0.538818359375,0.489501953125,71.0,-17.0,9.0,-90.0,974.0,58.0,1395,4785,1676,1395,4785,1676,-4.61192424123686,438.7575017935512,43.29950965653079,
174,16.427642822265625,0.0830082893371582,12.046989619774703,10.59190304309299,102070.25,-89.0,985.0,137.0,20.75,-43.375,0.875,1.625,35.375,-5.375,262.375,-5.625,-86.8125,0.3995361328125,0.5595703125,0.5462646484375,0.4783935546875,13.0,12.0,83.0,-96.0,974.0,53.0,1407,4827,1627,1407,4827,1627,6.874612334010202,443.93313858579916,-5.487844422432033,
175,16.511651277542114,0.08400845527648926,11.903563715209291,10.598576548065887,102070.25,-35.0,955.0,123.0,21.875,-42.6875,1.25,6.375,42.375,2.25,259.25,-5.8125,-87.5625,0.3846435546875,0.5755615234375,0.55584716796875,0.46026611328125,64.0,-19.0,82.0,-100.0,974.0,40.0,1355,4849,1664,1355,4849,1664,-41.31660193140658,429.9149238482572,28.84797262272651,
176,16.595659732818604,0.08400845527648926,11.903563715209291,10.605182489488666,102070.25,-78.0,960.0,93.0,20.375,-42.5625,2.875,15.6875,40.3125,-7.1875,256.1875,-6.0625,-88.5,0.37005615234375,0.59185791015625,0.56353759765625,0.4417724609375,25.0,-14.0,67.0,-103.0,974.0,25.0,1341,4883,1663,1341,4883,1663,-50.96726526768389,427.97500451835936,25.71010432470545,
177,16.679667711257935,0.08400797843933105,11.903631280952448,10.611722191595815,102070.25,-106.0,949.0,-12.0,20.0,-41.75,5.25,12.8125,33.875,-10.25,253.875,-6.8125,-90.375,0.35601806640625,0.61358642578125,0.56329345703125,0.423583984375,10.0,-23.0,-6.0,-116.0,973.0,-6.0,1293,4903,1630,1293,4903,1630,-91.03860705647249,413.35252134311247,-6.516700793197039,
178,16.765676736831665,0.08600902557373047,11.626686773038243,10.616929026727613,102073.75,-203.0,1006.0,-30.0,21.1875,-42.1875,6.5,-10.0625,25.6875,-6.625,252.5,-7.625,-90.6875,0.34112548828125,0.6243896484375,0.56646728515625,0.415771484375,-72.0,34.0,-18.0,-130.0,971.0,-12.0,1260,4936,1605,1260,4936,1605,-113.5720454034143,411.067788289983,-28.396286870219484,
179,16.849684953689575,0.08400821685791016,11.903597497984993,10.623344026429667,102073.75,-151.0,1040.0,47.0,20.75,-42.25,6.0625,-13.8125,17.375,2.8125,250.75,-7.6875,-89.5625,0.32733154296875,0.62384033203125,0.57867431640625,0.410888671875,-20.0,68.0,40.0,-131.0,971.0,7.0,1227,5005,1579,1227,5005,1579,-135.07403914973128,442.6593820984486,-50.04077497217854,
180,16.933693170547485,0.08400821685791016,11.903597497984993,10.629695376379635,102073.75,-255.0,1006.0,-20.0,21.5,-41.75,6.5,3.625,8.5625,-3.875,250.375,-8.0,-89.875,0.32257080078125,0.62841796875,0.57830810546875,0.40814208984375,-118.0,35.0,-22.0,-137.0,971.0,2.0,1001,5064,1627,1001,5064,1627,-331.81974179513685,462.6526531102139,-2.1919389467682677,
181,17.079708099365234,0.062006473541259766,16.127348370079286,10.597370806748556,102073.75,-144.0,910.0,-10.0,21.5,-42.5,7.25,-0.4375,-9.5,-9.4375,250.1875,-7.8125,-89.4375,0.32257080078125,0.62542724609375,0.580322265625,0.4097900390625,-61.0,-54.0,-27.0,-135.0,971.0,9.0,1081,5120,1554,1081,5120,1554,-206.9251557172229,496.5695249925094,-92.67498483608279,
182,17.173717260360718,0.0940091609954834,10.637261192534675,10.597589167260884,102070.0,-123.0,879.0,123.0,20.375,-42.1875,6.5,-14.0,2.1875,1.75,250.8125,-8.0625,-88.3125,0.3197021484375,0.61907958984375,0.58441162109375,0.4158935546875,4.0,-92.0,89.0,-138.0,970.0,28.0,996,5155,1697,996,5155,1697,-260.6127932321362,487.00109048196714,31.58787198729489,
183,17.2607262134552,0.08700895309448242,11.493070131692159,10.602103163964594,102070.0,-166.0,875.0,95.0,20.75,-42.1875,4.875,-2.25,10.125,-4.3125,250.75,-8.4375,-87.5,0.3131103515625,0.61688232421875,0.588623046875,0.41815185546875,-22.0,-93.0,53.0,-144.0,969.0,41.0,1001,5185,1631,1001,5185,1631,-236.12077615256024,476.0509985190646,-29.252176564986364,
184,17.361736059188843,0.10100984573364258,9.900025019708922,10.598018503029625,102070.0,-253.0,955.0,49.0,20.75,-41.0625,5.6875,-19.5625,16.0625,-1.8125,250.0625,-9.0625,-87.4375,0.30230712890625,0.6220703125,0.59130859375,0.4146728515625,-73.0,-1.0,81.0,-155.0,967.0,42.0,899,5293,1643,899,5293,1643,-295.694272893607,521.723679696996,-17.85213585127137,
185,17.446744680404663,0.08500862121582031,11.763512755502704,10.6036973308713,102070.0,-204.0,1082.0,78.0,21.1875,-42.1875,6.0625,-3.875,24.25,-5.4375,248.5625,-9.5,-87.0,0.2884521484375,0.62554931640625,0.5987548828125,0.40863037109375,-50.0,116.0,28.0,-161.0,965.0,50.0,835,5371,1668,835,5371,1668,-330.8964047399166,552.2026139698766,6.167240663619232,
186,17.530753135681152,0.08400845527648926,11.903563715209291,10.609926371128095,102069.0,-140.0,1217.0,219.0,20.75,-41.75,5.6875,-46.0,37.25,31.375,245.875,-9.25,-85.25,0.27178955078125,0.62103271484375,0.6168212890625,0.4000244140625,17.0,253.0,140.0,-158.0,964.0,79.0,800,5447,1629,800,5447,1629,-337.4974857874321,579.3426675556009,-30.05403870425295,
187,17.618761777877808,0.08800864219665527,11.362520487084671,10.61368570377051,102069.0,-167.0,953.0,-84.0,20.0,-42.1875,5.25,-17.375,3.875,-22.5625,245.5,-10.0,-86.625,0.2652587890625,0.633056640625,0.611572265625,0.3935546875,3.0,-10.0,-140.0,-170.0,964.0,56.0,719,5490,1590,719,5490,1590,-382.37821965974695,572.3545874865571,-61.861526746740736,
188,17.70377016067505,0.08500838279724121,11.763545748013609,10.61920699906056,102069.0,13.0,898.0,219.0,20.75,-41.75,6.0625,-17.1875,38.0625,28.1875,241.3125,-9.0,-83.9375,0.24658203125,0.62225341796875,0.638916015625,0.379150390625,213.0,-123.0,94.0,-153.0,963.0,102.0,637,5551,1549,637,5551,1549,-427.2101245989044,583.5366586285122,-94.23570311372066,
189,17.794779539108276,0.09100937843322754,10.987878581477048,10.621092527987063,102069.0,-102.0,796.0,-53.0,20.0,-42.5,6.1875,16.5625,18.4375,-2.6875,240.3125,-9.4375,-86.6875,0.242919921875,0.642578125,0.62823486328125,0.365234375,58.0,-199.0,-108.0,-160.0,965.0,53.0,608,5621,1606,608,5621,1606,-418.850877877227,597.8290014682781,-38.75375487986141,
190,17.88278818130493,0.08800864219665527,11.362520487084671,10.62474140350386,102069.0,-93.0,889.0,79.0,19.6875,-42.1875,6.875,4.5625,7.25,7.9375,238.625,-8.875,-86.5625,0.23931884765625,0.64288330078125,0.63446044921875,0.356201171875,58.0,-77.0,21.0,-151.0,967.0,57.0,586,5681,1551,586,5681,1551,-405.8474699858019,604.2910130055519,-83.88999001691568,
191,17.969796895980835,0.08700871467590332,11.493101624646176,10.628945953346834,102076.0,-113.0,967.0,-17.0,18.875,-41.75,7.25,0.1875,-5.5,3.0625,238.0,-8.3125,-87.8125,0.24468994140625,0.64910888671875,0.62982177734375,0.349365234375,29.0,-2.0,-53.0,-142.0,969.0,36.0,488,5749,1577,488,5749,1577,-461.3241596564752,617.9384851107719,-54.42127133307153,
192,18.055805444717407,0.08600854873657227,11.626751232168894,10.633698983291465,102076.0,-155.0,1117.0,2.0,17.0,-42.875,8.25,-7.5,-25.75,-10.6875,238.75,-7.9375,-86.625,0.2503662109375,0.6392822265625,0.63348388671875,0.35687255859375,-19.0,148.0,-54.0,-136.0,969.0,56.0,410,5759,1483,410,5759,1483,-495.63246726333307,579.3098202060125,-134.3852588588635,
193,18.144814491271973,0.08900904655456543,11.234813074724574,10.636647737172344,102076.0,91.0,1067.0,284.0,17.375,-43.25,6.1875,-31.3125,-13.5625,23.8125,239.0625,-7.375,-82.3125,0.2474365234375,0.61041259765625,0.65460205078125,0.37109375,218.0,103.0,154.0,-126.0,963.0,129.0,350,5844,1481,350,5844,1481,-509.373603689284,608.2348156242219,-125.76775514023859,
194,18.232823133468628,0.08800864219665527,11.362520487084671,10.640151477358915,102076.0,-444.0,986.0,195.0,18.5,-42.5,6.1875,-40.6875,-26.0,-5.5,243.5625,-9.25,-84.6875,0.2579345703125,0.622802734375,0.62774658203125,0.38922119140625,-286.0,22.0,106.0,-157.0,963.0,89.0,239,5866,1432,239,5866,1432,-567.2672988083218,580.6488445262784,-158.95442779221068,
195,18.32683277130127,0.0940096378326416,10.637207238051761,10.640136374538125,102077.5,-136.0,850.0,-98.0,18.875,-44.0,3.75,14.375,-17.3125,5.1875,244.125,-8.125,-85.1875,0.2742919921875,0.619140625,0.6234130859375,0.39093017578125,2.0,-117.0,-180.0,-139.0,967.0,81.0,191,5931,1425,191,5931,1425,-562.9028347519203,589.1781057242041,-152.44839155352037,
196,18.41884160041809,0.09200882911682129,10.868522179869556,10.641277244902904,102077.5,-158.0,768.0,79.0,18.875,-43.6875,3.375,-4.1875,-14.75,-0.4375,245.5625,-8.0,-84.1875,0.280517578125,0.62493896484375,0.62371826171875,0.4017333984375,-42.0,-191.0,-56.0,-137.0,966.0,97.0,123,5926,1378,123,5926,1378,-576.4668986098194,539.6270105441906,-180.04304717284722,
197,18.50985097885132,0.09100937843322754,10.987878581477048,10.642981417034909,102077.5,-130.0,812.0,120.0,19.25,-45.875,3.0,-7.1875,0.25,0.5625,246.3125,-8.375,-83.625,0.27886962890625,0.6063232421875,0.62335205078125,0.40753173828125,12.0,-151.0,13.0,-143.0,964.0,107.0,50,6000,1325,50,6000,1325,-593.8418129233459,560.6846628895441,-211.02126503154582,
198,18.600860118865967,0.09100914001464844,10.987907366656188,10.64466904942627,102077.5,-133.0,943.0,84.0,19.25,-45.875,3.375,-2.125,16.6875,0.5625,245.8125,-8.8125,-83.1875,0.27032470703125,0.607177734375,0.62725830078125,0.40594482421875,17.0,-19.0,-29.0,-150.0,962.0,114.0,-37,6075,1336,-37,6075,1336,-621.723984777478,580.9671088894887,-185.46587008455901,
199,18.691869020462036,0.09100890159606934,10.987936151986148,10.646340383733387,102079.25,-428.0,1364.0,424.0,20.0,-45.1875,3.375,-101.8125,26.5,14.625,244.5625,-10.0,-80.75,0.244140625,0.6011962890625,0.64324951171875,0.40643310546875,-256.0,411.0,269.0,-171.0,953.0,154.0,-75,6094,1314,-75,6094,1314,-606.0019391303238,552.3079920953538,-189.79856192951252,
200,18.780877828598022,0.08900880813598633,11.234843168242573,10.649129493588205,102079.25,-359.0,1084.0,-310.0,18.1875,-46.25,3.0,-17.375,-8.25,-75.1875,244.625,-11.125,-85.6875,0.2452392578125,0.63507080078125,0.6190185546875,0.3916015625,-231.0,149.0,-329.0,-190.0,959.0,71.0,-151,6133,1292,-151,6133,1292,-625.0860920378444,543.518510738244,-194.21589698794298,
201,18.87188720703125,0.09100937843322754,10.987878581477048,10.650763105722241,102079.25,-210.0,1084.0,162.0,21.5,-45.5,7.75,-18.9375,25.375,5.5625,241.5625,-10.9375,-81.8125,0.2210693359375,0.61944580078125,0.64898681640625,0.3824462890625,45.0,96.0,-20.0,-183.0,954.0,132.0,-203,6160,1301,-203,6160,1301,-620.9499287911646,524.51138498229,-171.64667306290778,
202,18.96489644050598,0.09300923347473145,10.751620700881036,10.651257739987463,102079.25,-108.0,806.0,-7.0,19.25,-46.25,5.75,-15.5625,8.6875,-1.375,238.6875,-10.625,-83.25,0.212646484375,0.63031005859375,0.6507568359375,0.36602783203125,71.0,-149.0,-88.0,-181.0,957.0,112.0,-252,6178,1288,-252,6178,1288,-613.702649178669,499.0257546300748,-169.1922515586458,
203,19.056905508041382,0.09200906753540039,10.868494016801671,10.652306583266666,102084.5,-154.0,793.0,79.0,20.375,-45.875,6.1875,-3.9375,-9.3125,-4.125,238.6875,-10.6875,-82.3125,0.20953369140625,0.6248779296875,0.655517578125,0.36859130859375,26.0,-161.0,-60.0,-182.0,954.0,128.0,-326,6215,1254,-326,6215,1254,-628.3762240996475,491.565110977427,-184.61816552461684,
204,19.142914056777954,0.08600854873657227,11.626751232168894,10.656684734358377,102084.5,-175.0,829.0,62.0,21.1875,-44.0,6.1875,-17.1875,-16.0,0.375,239.4375,-10.75,-81.9375,0.21173095703125,0.62152099609375,0.65496826171875,0.37396240234375,-9.0,-104.0,-43.0,-183.0,953.0,135.0,-385,6226,1222,-385,6226,1222,-632.811585691718,463.56245572581224,-199.05088181528552,
205,19.23192310333252,0.08900904655456543,11.234813074724574,10.659360423736173,102084.5,-79.0,944.0,118.0,21.5,-44.75,4.5625,-9.375,-26.8125,2.0625,239.6875,-9.9375,-80.125,0.21759033203125,0.6068115234375,0.6629638671875,0.380615234375,90.0,-6.0,-46.0,-170.0,951.0,165.0,-435,6312,1218,-435,6312,1218,-627.3391239311454,502.2650788157508,-187.1842863425237,
206,19.31593155860901,0.08400845527648926,11.903563715209291,10.664771687295966,102084.5,-329.0,1274.0,552.0,20.0,-44.0,2.1875,-71.9375,-11.375,8.4375,240.5,-9.875,-75.1875,0.209716796875,0.5745849609375,0.68328857421875,0.39874267578125,-161.0,340.0,305.0,-168.0,934.0,246.0,-506,6336,1176,-506,6336,1176,-644.1107942194964,485.5884534926448,-211.26722134913624,
207,19.413941383361816,0.09800982475280762,10.203058749692884,10.662440764213065,102086.0,-492.0,1043.0,205.0,21.5,-44.75,0.875,-64.5625,-18.1875,-4.75,243.4375,-10.25,-78.75,0.23046875,0.59271240234375,0.6563720703125,0.40582275390625,-294.0,115.0,122.0,-175.0,946.0,187.0,-587,6403,1116,-587,6403,1116,-658.1507404864298,500.8357226633768,-242.1377767288339,
208,19.498949766159058,0.08500838279724121,11.763545748013609,10.667241184496485,102086.0,-134.0,933.0,46.0,21.875,-44.75,1.25,41.1875,-12.3125,11.625,242.875,-9.0,-78.8125,0.24365234375,0.5904541015625,0.65643310546875,0.4013671875,16.0,-18.0,-134.0,-151.0,952.0,180.0,-707,6410,1255,-707,6410,1255,-716.1682961806204,468.6119231764762,-97.58793777972403,
209,19.583958387374878,0.08500862121582031,11.763512755502704,10.671999800343494,102086.0,-172.0,793.0,66.0,21.875,-43.25,2.5,-29.625,-12.8125,9.6875,243.25,-8.375,-79.75,0.25177001953125,0.59063720703125,0.6527099609375,0.4022216796875,-28.0,-161.0,-105.0,-143.0,954.0,172.0,-687,6527,949,-687,6527,949,-642.9075277312384,538.5062915062114,-367.24555411584,
210,19.66896677017212,0.08500838279724121,11.763545748013609,10.676717412450147,102086.0,-90.0,826.0,136.0,21.1875,-42.875,1.375,0.6875,16.8125,29.875,240.5,-6.25,-77.6875,0.253662109375,0.57421875,0.67230224609375,0.39227294921875,16.0,-126.0,-71.0,-107.0,952.0,207.0,-699,6573,952,-699,6573,952,-604.2731643670976,538.7077860996973,-336.25026738112916,
211,19.75497531890869,0.08600854873657227,11.626751232168894,10.680853637819483,102086.0,-112.0,892.0,180.0,19.6875,-44.75,0.5625,-26.375,32.75,29.5625,236.5,-4.375,-76.5625,0.24957275390625,0.5677490234375,0.69085693359375,0.37158203125,-25.0,-78.0,-53.0,-72.0,950.0,230.0,-765,6565,1030,-765,6565,1030,-616.8312804727134,490.0652078110046,-240.52872889237585,
212,19.83898377418518,0.08400845527648926,11.903563715209291,10.686031220805672,102083.5,-94.0,951.0,127.0,17.75,-44.0,-1.0625,53.125,63.3125,19.5625,232.5,-3.75,-76.0625,0.234619140625,0.56988525390625,0.706298828125,0.34832763671875,-30.0,1.0,-108.0,-64.0,949.0,235.0,-879,6590,1070,-879,6590,1070,-673.8247541684216,475.2445469613352,-185.3450405248183,
213,19.924992322921753,0.08600854873657227,11.626751232168894,10.690091948239516,102083.5,-277.0,1251.0,491.0,15.1875,-45.1875,-0.25,-103.875,45.875,15.875,228.75,-4.75,-72.0625,0.19537353515625,0.55572509765625,0.73602294921875,0.33349609375,-196.0,321.0,191.0,-81.0,930.0,300.0,-955,6634,1038,-955,6634,1038,-689.9799963081055,478.0421500199006,-199.72178744047147,
214,20.011000871658325,0.08600854873657227,11.626751232168894,10.69411776914613,102083.5,163.0,991.0,-34.0,15.375,-45.1875,-2.375,104.1875,77.4375,-19.8125,220.875,-2.625,-75.375,0.1859130859375,0.58270263671875,0.74127197265625,0.27642822265625,209.0,43.0,-281.0,-45.0,947.0,246.0,-1041,6670,1065,-1041,6670,1065,-713.8438832518038,473.4622588839404,-160.17119399587605,
215,20.097009420394897,0.08600854873657227,11.626751232168894,10.698109131690666,102083.5,26.0,974.0,156.0,14.25,-44.75,2.0625,-14.625,66.5625,47.5625,217.9375,-4.5,-74.25,0.14923095703125,0.5855712890625,0.75341796875,0.25927734375,104.0,33.0,-107.0,-77.0,941.0,264.0,-1066,6704,1049,-1066,6704,1049,-681.2594003633401,467.44449967569517,-162.1621695762257,
216,20.181017875671387,0.08400845527648926,11.903563715209291,10.703127133165678,102093.25,78.0,862.0,202.0,12.375,-46.25,2.0625,92.0625,91.0,-1.5,212.5,-4.6875,-76.5625,0.12310791015625,0.6077880859375,0.75311279296875,0.21978759765625,158.0,-88.0,-23.0,-80.0,950.0,226.0,-1131,6708,1064,-1131,6708,1064,-688.3797629299854,435.11757082495114,-135.92706642778958,
217,20.26702642440796,0.08600854873657227,11.626751232168894,10.707046779130009,102093.25,-151.0,899.0,-41.0,12.0625,-44.75,5.6875,-84.0625,72.5625,-35.9375,210.125,-9.1875,-80.1875,0.06390380859375,0.64202880859375,0.73773193359375,0.1986083984375,6.0,-54.0,-205.0,-157.0,953.0,164.0,-1288,6668,1158,-1288,6668,1158,-775.9303168300663,365.8031240763497,-41.306256894411334,
218,20.35103487968445,0.08400845527648926,11.903563715209291,10.711985964783535,102093.25,-113.0,924.0,150.0,13.1875,-44.375,6.875,6.375,106.375,19.375,203.5,-10.6875,-78.375,0.00897216796875,0.63348388671875,0.7574462890625,0.15777587890625,69.0,-18.0,-43.0,-182.0,943.0,193.0,-1325,6704,1142,-1325,6704,1142,-750.0969354587826,370.632962141031,-52.790865610679504,
219,20.435043334960938,0.08400845527648926,11.903563715209291,10.716884540456427,102093.25,-30.0,946.0,-32.0,11.5625,-45.1875,7.6875,-4.125,73.625,38.4375,194.5,-9.5,-80.875,-0.02703857421875,0.649169921875,0.75408935546875,0.09619140625,149.0,3.0,-179.0,-162.0,954.0,152.0,-1316,6747,1060,-1316,6747,1060,-684.0903017738163,381.5069235172296,-123.88507025648863,
220,20.519051790237427,0.08400845527648926,11.903563715209291,10.721743004940988,102093.25,-150.0,1141.0,179.0,8.1875,-45.1875,10.25,-69.8125,51.875,37.6875,187.9375,-8.0,-78.75,-0.04644775390625,0.63385009765625,0.77020263671875,0.05352783203125,-13.0,188.0,-8.0,-136.0,952.0,188.0,-1386,6721,1187,-1386,6721,1187,-695.5755569622106,328.29995584855396,2.0590297242926425,
221,20.603060245513916,0.08400845527648926,11.903563715209291,10.726561848894281,102089.25,-135.0,972.0,105.0,6.25,-44.75,7.0,-6.5,41.8125,-19.4375,183.25,-7.125,-77.5625,-0.06207275390625,0.62420654296875,0.7784423828125,0.02239990234375,-13.0,22.0,-103.0,-122.0,950.0,208.0,-1358,6705,1094,-1358,6705,1094,-616.3521557061292,288.3556687510775,-83.34093532909162,
222,20.69206929206848,0.08900904655456543,11.234813074724574,10.728748143381448,102089.25,-207.0,967.0,159.0,5.5625,-45.875,7.0,-28.0,54.9375,0.25,180.125,-7.8125,-76.5,-0.08624267578125,0.61395263671875,0.78460693359375,0.0010986328125,-75.0,18.0,-53.0,-134.0,944.0,226.0,-1362,6786,971,-1362,6786,971,-572.3533621437724,336.22381140430167,-183.328597939468,
223,20.777077674865723,0.08500838279724121,11.763545748013609,10.732981966456512,102089.25,-145.0,919.0,179.0,4.75,-46.6875,5.75,-15.3125,78.3125,16.375,173.875,-7.75,-74.9375,-0.11761474609375,0.59796142578125,0.791748046875,-0.042236328125,-12.0,-19.0,-73.0,-133.0,938.0,252.0,-1275,7007,692,-1275,7007,692,-449.47816029275884,510.51483592011806,-421.9285492027053,
224,20.861086130142212,0.08400845527648926,11.903563715209291,10.737695947496334,102089.25,-175.0,961.0,198.0,2.25,-47.375,4.0625,-24.8125,107.4375,29.875,165.9375,-8.0625,-74.25,-0.16058349609375,0.58306884765625,0.7904052734375,-0.097412109375,-40.0,28.0,-71.0,-137.0,934.0,263.0,-1277,7038,660,-1277,7038,660,-416.7014907623586,499.61900014247357,-418.7704319083727,
225,20.9450945854187,0.08400845527648926,11.903563715209291,10.742372114024146,102091.25,-140.0,932.0,365.0,-0.75,-48.1875,1.6875,-1.5625,117.5,57.9375,153.625,-6.6875,-72.625,-0.2052001953125,0.5567626953125,0.78375244140625,-0.18353271484375,5.0,0.0,28.0,-114.0,929.0,290.0,-1297,6985,678,-1297,6985,678,-402.9469640950793,412.56989360973404,-370.02676934214793,
226,21.02910280227661,0.08400821685791016,11.903597497984993,10.747011041076524,102091.25,-164.0,935.0,280.0,-5.0,-47.0,1.375,5.875,128.4375,47.9375,143.6875,-6.1875,-73.625,-0.2498779296875,0.5457763671875,0.760009765625,-0.24908447265625,-58.0,0.0,6.0,-105.0,935.0,273.0,-1276,7051,659,-1276,7051,659,-352.67193070551644,441.2960942865443,-358.9496712423546,
227,21.1131112575531,0.08400845527648926,11.903563715209291,10.751612930509802,102091.25,-121.0,942.0,122.0,-7.0625,-47.0,-0.5,8.6875,129.9375,41.4375,130.9375,-5.125,-76.375,-0.30767822265625,0.53680419921875,0.71484375,-0.32586669921875,-32.0,-6.0,-107.0,-88.0,949.0,229.0,-1469,6928,1031,-1469,6928,1031,-502.41505241291696,294.5776430797332,9.655132501761557,
228,21.19711947441101,0.08400821685791016,11.903597497984993,10.7561784644956,102091.25,-158.0,1021.0,330.0,-10.875,-46.375,-0.875,-39.375,128.0625,53.25,118.1875,-4.375,-74.625,-0.3516845703125,0.494140625,0.68218994140625,-0.4083251953125,-58.0,87.0,49.0,-74.0,942.0,259.0,-1468,6941,1038,-1468,6941,1038,-462.8125163697775,283.81066565807674,15.327726350539827,
229,21.2811279296875,0.08400845527648926,11.903563715209291,10.760707832621103,102091.25,23.0,912.0,261.0,-14.5625,-44.875,-6.5,8.1875,87.375,58.875,107.5,-2.125,-74.625,-0.37744140625,0.4744873046875,0.64141845703125,-0.4700927734375,60.0,-32.0,1.0,-37.0,944.0,261.0,-1530,6962,1068,-1530,6962,1068,-484.0035657857138,281.20530692989826,41.644723603681726,
230,21.36513638496399,0.08400845527648926,11.903563715209291,10.76520158148233,102095.5,57.0,846.0,248.0,-16.0,-44.5,-6.875,-18.0625,59.0625,63.9375,98.5,0.8125,-74.375,-0.3865966796875,0.46258544921875,0.599609375,-0.52630615234375,85.0,-125.0,68.0,22.0,943.0,267.0,-1602,6969,1149,-1602,6969,1149,-512.7286484573342,265.9685191387939,112.68060677795859,
231,21.44914484024048,0.08400845527648926,11.903563715209291,10.76966012960217,102095.5,78.0,892.0,328.0,-20.0625,-42.25,-10.75,3.5,130.25,90.375,86.0,4.0,-71.4375,-0.3968505859375,0.42919921875,0.553466796875,-0.59320068359375,9.0,-35.0,18.0,68.0,927.0,310.0,-1653,6933,1150,-1653,6933,1150,-519.9938372357464,212.4922645465466,104.9207744621269,
