Index,Time,Difference,Hz,AveHz,Position-X,Position-Y,Position-Z,
0,0.0,0.0,0,0,3758,1993,346,
1,0.06517577171325684,0.06517577171325684,15.343124810236787,15.343124810236787,3766,1975,308,
2,0.13235831260681152,0.06718254089355469,14.884819578116572,15.110497864544962,3728,1972,277,
3,0.1975393295288086,0.06518101692199707,15.34189012725457,15.186849156347309,3631,1975,233,
4,0.26171040534973145,0.06417107582092285,15.583344789023343,15.284069407384397,3770,2005,191,
5,0.3258838653564453,0.06417346000671387,15.582765833342622,15.342889082683179,3875,2013,163,
6,0.390059232711792,0.06417536735534668,15.582302699770779,15.382279143314872,3941,2013,162,
7,0.45624756813049316,0.06618833541870117,15.108402314004337,15.342547531119996,3865,2025,133,
8,0.5202178955078125,0.06397032737731934,15.632247652910243,15.378171472149708,3665,1978,151,
9,0.5874035358428955,0.06718564033508301,14.884132904182799,15.321664666327617,3560,1985,183,
10,0.6505701541900635,0.06316661834716797,15.831146674718804,15.371132437591825,3616,2016,239,
11,0.713740348815918,0.06317019462585449,15.830250419882622,15.411767063819212,3643,2024,271,
12,0.7774102687835693,0.06366991996765137,15.706003722135472,15.435865053309188,3509,2020,278,
13,0.84208083152771,0.06467056274414062,15.4629859022002,15.4379478944026,3530,2023,295,
14,0.906651496887207,0.06457066535949707,15.48690871361634,15.44143482701566,3421,2001,291,
15,0.9723289012908936,0.06567740440368652,15.22593666846964,15.426878682805317,3196,1979,276,
16,1.0420615673065186,0.069732666015625,14.340481400437637,15.354179159832366,2968,1975,264,
17,1.1117465496063232,0.06968498229980469,14.350294238401533,15.291255013132096,2947,2001,240,
18,1.180933952331543,0.06918740272521973,14.453498189136196,15.242173336165175,3034,2008,183,
19,1.2498669624328613,0.06893301010131836,14.5068378492422,15.20161790901055,3042,2027,121,
20,1.3175079822540283,0.06764101982116699,14.783928489603712,15.180173683489537,3115,2004,109,
21,1.3865950107574463,0.06908702850341797,14.47449719089491,15.145013386806047,3181,2001,57,
22,1.4605731964111328,0.07397818565368652,13.517498316075118,15.062579577701136,3258,1984,18,
23,1.5287413597106934,0.06816816329956055,14.669604571940207,15.045056414482456,3338,1958,29,
24,1.5991146564483643,0.0703732967376709,14.209935392506615,15.008304691112038,3401,1944,31,
25,1.671579360961914,0.0724647045135498,13.799821674743946,14.955915694971068,3436,1930,71,
26,1.7424561977386475,0.0708768367767334,14.1089817982434,14.921465477148116,3434,1901,23,
27,1.811018705368042,0.06856250762939453,14.585230829148873,14.908736127335008,3571,1938,-20,
28,1.8789188861846924,0.06790018081665039,14.727501281628124,14.90218668079729,3742,1973,-67,
29,1.9445717334747314,0.06565284729003906,15.231631852648093,14.913309445355484,3856,1987,-44,
30,2.010643243789673,0.0660715103149414,15.135116409982535,14.920598217839887,3900,1996,-14,
31,2.07696270942688,0.06631946563720703,15.07852921298227,14.92564111011612,3893,1950,-21,
32,2.140174388885498,0.06321167945861816,15.819861275077415,14.952052583277615,3822,1951,60,
33,2.2062015533447266,0.06602716445922852,15.145281615379616,14.95783553862979,3750,1947,116,
34,2.2756259441375732,0.06942439079284668,14.404159526352482,14.940944089510928,3684,1966,167,
35,2.34384822845459,0.0682222843170166,14.65796711457478,14.932707491507314,3654,1973,199,
36,2.4091217517852783,0.06527352333068848,15.320147419249974,14.943204914123672,3614,1978,237,
37,2.480818271636963,0.07169651985168457,13.947678382000353,14.914433847500497,3622,1993,242,
38,2.5424861907958984,0.06166791915893555,16.215886860439042,14.946000547638963,3640,2008,225,
39,2.607705593109131,0.06521940231323242,15.332860537378908,14.95567601766764,3674,2007,211,
40,2.6820714473724365,0.07436585426330566,13.447031704353458,14.91384580346921,3715,2013,208,
41,2.7533159255981445,0.07124447822570801,14.036175503060361,14.891135310268817,3779,2035,186,
42,2.824521541595459,0.07120561599731445,14.043836093458069,14.869775068621315,3813,2035,180,
43,2.8942737579345703,0.06975221633911133,14.336462014889152,14.856922183714207,3861,2054,163,
44,2.970679759979248,0.07640600204467773,13.087977033731706,14.81142484382341,3916,2062,147,
45,3.0450501441955566,0.0743703842163086,13.446212636087353,14.778081761897596,3961,2073,140,
46,3.1102874279022217,0.06523728370666504,15.328657834627684,14.789629918873885,3987,2070,145,
47,3.177875280380249,0.06758785247802734,14.795558126737312,14.789756001492988,4011,2078,134,
48,3.246953248977661,0.06907796859741211,14.476395590438125,14.783089351567758,4050,2085,118,
49,3.31341290473938,0.06645965576171875,15.046722534726209,14.7883772438721,4061,2066,136,
50,3.3806405067443848,0.06722760200500488,14.874842626776323,14.790096699205343,4057,2062,135,
51,3.4469480514526367,0.06630754470825195,15.081240067022875,14.795697306348213,4050,2048,131,
52,3.5139172077178955,0.06696915626525879,14.932247257813584,14.798299711156616,4060,2067,136,
53,3.580595016479492,0.06667780876159668,14.997493447564425,14.802009095156086,4051,2064,126,
54,3.6463677883148193,0.06577277183532715,15.203859775039783,14.809257632499072,4049,2081,135,
55,3.712411880493164,0.06604409217834473,15.141399737914652,14.815166466037086,4041,2065,163,
56,3.777618408203125,0.06520652770996094,15.335887910609296,14.824154784505392,4009,2099,174,
57,3.844827651977539,0.06720924377441406,14.87890569571757,14.825111854021015,4013,2103,161,
58,3.9124197959899902,0.06759214401245117,14.794618732848445,14.824585045665787,3997,2102,150,
59,3.9788763523101807,0.06645655632019043,15.047424292976585,14.828306983137068,3988,2080,149,
60,4.045201301574707,0.06632494926452637,15.077282547351242,14.83238917594616,3981,2067,125,
61,4.113532304763794,0.06833100318908691,14.634645378069163,14.829104399972064,3990,2066,84,
62,4.179816007614136,0.0662837028503418,15.086664700338831,14.833188802343951,3987,2073,45,
63,4.247611045837402,0.0677950382232666,14.750342004480347,14.83186650570068,3965,2078,8,
64,4.313848495483398,0.0662374496459961,15.0971996256569,14.83594059156413,3941,2066,-27,
65,4.383529424667358,0.06968092918395996,14.351128948926139,14.828233987486575,3924,2069,-41,
66,4.446162462234497,0.06263303756713867,15.966014723907698,14.844261891147932,3897,2049,-76,
67,4.5241782665252686,0.07801580429077148,12.817915665817091,14.809319185262433,3848,2024,-75,
68,4.601400852203369,0.07722258567810059,12.949579338983312,14.778108272709684,3806,2018,-81,
69,4.677629232406616,0.07622838020324707,13.118473688325905,14.751062252212721,3798,2015,-98,
70,4.745131969451904,0.06750273704528809,14.814214115926776,14.751960630524989,3803,2023,-103,
71,4.82576584815979,0.08063387870788574,12.401735052616328,14.712690634808657,3806,1996,-58,
72,4.906548023223877,0.08078217506408691,12.378968494060356,14.674267868001415,3809,1952,12,
73,4.978953123092651,0.07240509986877441,13.811181834047332,14.661716669197403,3812,1942,67,
74,5.055109262466431,0.0761561393737793,13.130917720131988,14.638654904937658,3806,1941,86,
75,5.131856441497803,0.07674717903137207,13.029794874821762,14.61459431981114,3846,1966,82,
76,5.2070252895355225,0.07516884803771973,13.303383331060228,14.595665619818673,3752,1974,78,
77,5.285549879074097,0.07852458953857422,12.734864402045204,14.56802069068518,3668,1976,119,
78,5.364745378494263,0.07919549942016602,12.626980160761056,14.539366642204456,3645,1981,143,
79,5.452479124069214,0.08773374557495117,11.398122734264176,14.488822094020579,3595,1981,136,
80,5.530412673950195,0.07793354988098145,12.831444243553385,14.465466632684135,3538,1982,134,
81,5.613653898239136,0.08324122428894043,12.013278379098296,14.429104727209438,3522,1985,126,
82,5.699048280715942,0.08539438247680664,11.710372169640115,14.388367313445318,3505,1971,140,
83,5.765221834182739,0.06617355346679688,15.111777252550873,14.396670655044419,3492,1974,135,
84,5.836758375167847,0.07153654098510742,13.97886990661432,14.391550001002813,3461,1978,128,
85,5.913368225097656,0.07660984992980957,13.053151793355637,14.374210562305423,3468,1962,137,
86,5.985731363296509,0.07236313819885254,13.8191906112753,14.367500774815495,3614,1972,124,
87,6.063503265380859,0.07777190208435059,12.858114218621148,14.348141032053254,3734,1974,120,
88,6.139685392379761,0.07618212699890137,13.12643843633325,14.33298196504022,3847,1978,126,
89,6.223322629928589,0.08363723754882812,11.956396807297606,14.301042271533536,3918,2006,83,
90,6.306447744369507,0.08312511444091797,12.030058625793055,14.271108498497174,3709,1988,36,
91,6.383916616439819,0.0774688720703125,12.908410478629111,14.254572148648904,3747,2004,-15,
92,6.46142315864563,0.07750654220581055,12.902136665374702,14.238349314252929,3771,1997,-19,
93,6.539129257202148,0.07770609855651855,12.869002801275148,14.222077029226863,3777,1994,-19,
94,6.619518518447876,0.08038926124572754,12.439472443256806,14.200428586766886,3775,1977,-3,
95,6.695125579833984,0.0756070613861084,13.226277832611732,14.189427646606692,3737,1980,-12,
96,6.761812925338745,0.06668734550476074,14.995348704179731,14.197375919741333,3728,1988,-8,
97,6.830570697784424,0.06875777244567871,14.543810313081892,14.200863191630985,3762,1992,-15,
98,6.900796175003052,0.07022547721862793,14.239846272411533,14.201259900268923,3779,2000,-7,
99,6.974030494689941,0.07323431968688965,13.65480015756901,14.195521524515708,3808,1998,-8,
100,7.041808843612671,0.06777834892272949,14.753974032917903,14.200896704361096,3859,2001,-2,
101,7.11062479019165,0.06881594657897949,14.53151558196338,14.204096402234406,3903,2001,13,
102,7.181133508682251,0.07050871849060059,14.182643244796862,14.203885762140239,3948,2008,42,
103,7.257645606994629,0.07651209831237793,13.069828459249335,14.191930217801309,3987,2019,68,
104,7.332535743713379,0.07489013671875,13.352893235533822,14.183360795638182,4015,2034,95,
105,7.410658836364746,0.07812309265136719,12.800312507629581,14.168780714172927,4042,2047,105,
106,7.480345726013184,0.0696868896484375,14.349901467046202,14.170468034837082,0,0,0,
107,7.545325994491577,0.06498026847839355,15.389286985363992,14.180964490880148,4067,2047,101,
108,7.625614643096924,0.08028864860534668,12.455060800878977,14.16279277864727,4086,2066,127,
109,7.697839975357056,0.07222533226013184,13.845557627873966,14.159816305475246,4081,2081,153,
110,7.776177883148193,0.0783379077911377,12.765211992464383,14.14576693755704,4066,2083,152,
111,7.850654602050781,0.07447671890258789,13.427014706541433,14.138948358650769,4032,2079,170,
112,7.929279565811157,0.07862496376037598,12.718606816121197,14.12486456940083,4005,2066,169,
113,8.000771284103394,0.07149171829223633,13.9876341468295,14.12363833278398,3997,2055,173,
114,8.077061176300049,0.07628989219665527,13.107896356993965,14.114044392099215,3847,2011,175,
115,8.149968385696411,0.0729072093963623,13.716064683856832,14.110484183206227,3771,1985,198,
116,8.22774338722229,0.0777750015258789,12.857601804961192,14.098640968816351,3719,1978,229,
117,8.299365282058716,0.07162189483642578,13.962210889335694,14.097463603985066,3740,1981,265,
118,8.375109434127808,0.0757441520690918,13.202339357998577,14.089368136392434,0,0,0,
119,8.433686017990112,0.05857658386230469,17.071668131939695,14.110081848690838,3762,1957,246,
120,8.506683349609375,0.0729973316192627,13.699130883520102,14.106555406874334,3784,1970,273,
121,8.578351974487305,0.07166862487792969,13.953107119095144,14.105273409142402,3755,1970,304,
122,8.653770208358765,0.07541823387145996,13.259392969933012,14.097901499875622,3740,1998,302,
123,8.729243278503418,0.07547307014465332,13.24975912710823,14.090568457737804,3739,2018,269,
124,8.807443857192993,0.0782005786895752,12.787629155144712,14.078999765491533,3746,2025,247,
125,8.882848739624023,0.07540488243103027,13.261740722355196,14.0720622025689,3735,2013,236,
126,8.955414533615112,0.07256579399108887,13.780597510209848,14.06970046188766,3704,1990,204,
127,9.028560638427734,0.07314610481262207,13.671267971981473,14.066472507196478,3671,1972,181,
128,9.100062847137451,0.0715022087097168,13.985581956772545,14.065836923342145,3628,1945,175,
129,9.17497968673706,0.07491683959960938,13.348133815367381,14.059976632588802,3577,1910,180,
130,9.25200343132019,0.07702374458312988,12.983009400701416,14.051010785395913,3519,1882,161,
131,9.333853244781494,0.08184981346130371,12.217498827566319,14.034932472635711,3481,1850,164,
132,9.408032417297363,0.07417917251586914,13.480872946999646,14.030563899557599,3435,1849,162,
133,9.485405683517456,0.07737326622009277,12.924360684935305,14.021540505232228,3387,1785,59,
134,9.560367822647095,0.07496213912963867,13.340067554243769,14.01619712607436,3368,1808,118,
135,9.640761613845825,0.08039379119873047,12.438771515676343,14.003043058975374,3361,1809,158,
136,9.717172861099243,0.07641124725341797,13.087078616626936,13.99584034821988,3356,1783,167,
137,9.79342794418335,0.07625508308410645,13.11387988256518,13.988973093059716,3348,1749,192,
138,9.869904041290283,0.0764760971069336,13.075981095135365,13.98189885359406,3365,1708,230,
139,9.94261121749878,0.0727071762084961,13.753800548275818,13.980230842714942,3356,1707,302,
140,10.008897304534912,0.06628608703613281,15.08612206140477,13.987554846483205,3364,1807,441,
141,10.078217029571533,0.0693197250366211,14.425908346747011,13.990569917900894,3358,1861,520,
142,10.150993824005127,0.07277679443359375,13.74064367334102,13.988778090298666,3305,1918,528,
143,10.221169471740723,0.0701756477355957,14.249957531817163,13.990571274193568,3255,1846,509,
144,10.292734861373901,0.07156538963317871,13.973234899239424,13.990450734371535,3152,1744,463,
145,10.362450122833252,0.06971526145935059,14.34406153067471,13.992829715097802,3030,1655,372,
146,10.431634426116943,0.0691843032836914,14.45414570266731,13.995889238072813,2898,1591,263,
147,10.503509998321533,0.07187557220458984,13.912932715910147,13.995321566170801,2811,1589,242,
148,10.575071811676025,0.07156181335449219,13.973933207175032,13.995176830533856,2724,1589,216,
149,10.64406681060791,0.06899499893188477,14.493804123212595,13.9984089400403,2674,1607,210,
150,10.719809770584106,0.07574295997619629,13.202547145163981,13.992785619350288,2604,1644,210,
151,10.793242931365967,0.07343316078186035,13.617825916149624,13.990234534718269,2586,1688,212,
152,10.858535766601562,0.0652928352355957,15.315616122223926,13.998204110310908,2569,1707,218,
153,10.921741485595703,0.06320571899414062,15.82135312933792,14.008754940939252,2533,1724,191,
154,10.988176822662354,0.06643533706665039,15.052230396554817,14.015063871413652,2467,1738,175,
155,11.055537462234497,0.06736063957214355,14.84546474546156,14.02012344759149,2418,1750,146,
156,11.123276710510254,0.06773924827575684,14.762490364952713,14.024644361548376,2366,1762,167,
157,11.192435264587402,0.06915855407714844,14.459527289776332,14.027331522456445,2322,1792,200,
158,11.260493040084839,0.06805777549743652,14.69339825891997,14.0313571916927,2279,1847,269,
159,11.32544732093811,0.06495428085327148,15.395444101043173,14.039180572236303,2251,1910,357,
160,11.393273830413818,0.06782650947570801,14.743497899713518,14.043373518583165,2225,1974,448,
161,11.45984673500061,0.06657290458679199,15.021126180491141,14.04905351031219,2221,2050,542,
162,11.525970458984375,0.06612372398376465,15.12316517813682,14.055215617329877,2213,2052,571,
163,11.590980768203735,0.06501030921936035,15.382175719634875,14.062658135637667,2226,2132,638,
164,11.657692670822144,0.0667119026184082,14.98982881240842,14.067963929987023,2227,2222,706,
165,11.723072052001953,0.06537938117980957,15.295342078104886,14.074808997853332,2235,2293,704,
166,11.791349411010742,0.06827735900878906,14.646143531580858,14.078117288678552,2228,2361,696,
167,11.858601570129395,0.06725215911865234,14.869411080701655,14.082604851204035,2211,2417,681,
168,11.92465353012085,0.06605195999145508,15.139596162314739,14.088459641669557,2412,2456,687,
169,11.99254035949707,0.0678868293762207,14.730397769177278,14.092093495951122,2319,2494,649,
170,12.057656526565552,0.06511616706848145,15.357169271777297,14.098925411041048,2212,2538,605,
171,12.12265157699585,0.06499505043029785,15.385786969615824,14.105824861327577,2136,2558,578,
172,12.19102954864502,0.06837797164916992,14.624592919058014,14.108734566976509,2078,2601,565,
173,12.2589693069458,0.06793975830078125,14.71892195395845,14.11211625287128,2015,2622,485,
174,12.321912050247192,0.0629427433013916,15.887454971761471,14.121185031223247,1971,2575,354,
175,12.389127492904663,0.0672154426574707,14.87753350217436,14.1252884918832,1938,2536,214,
176,12.4554922580719,0.06636476516723633,15.06823684947944,14.130312664755705,1921,2531,111,
177,12.521771669387817,0.06627941131591797,15.087641548799263,14.13537993451157,1921,2532,48,
178,12.589243412017822,0.06747174263000488,14.821019304091562,14.139054601969118,1922,2545,-6,
179,12.656598806381226,0.06735539436340332,14.846620815620033,14.142820100274607,1933,2597,-1,
180,12.723348379135132,0.06674957275390625,14.981369299348497,14.14721931965487,1931,2719,17,
181,12.789295434951782,0.06594705581665039,15.163679221408378,14.152460619945199,1928,2849,82,
182,12.855148792266846,0.06585335731506348,15.185254644128179,14.15775133691833,1927,2969,137,
183,12.922171354293823,0.06702256202697754,14.920348756549858,14.16170664995803,1917,3055,150,
184,12.98956847190857,0.0673971176147461,14.837429780249325,14.165212677997816,1919,3161,187,
185,13.057966947555542,0.06839847564697266,14.62020886490707,14.167595977460495,1924,3239,218,
186,13.124444961547852,0.06647801399230957,15.042567308278551,14.172027887270275,1932,3322,276,
187,13.189680337905884,0.06523537635803223,15.329106013149767,14.177750727027085,1940,3398,318,
188,13.258825302124023,0.06914496421813965,14.46236918780063,14.179235016384368,1956,3458,356,
189,13.324677467346191,0.06585216522216797,15.185529536139954,14.18420824542796,1967,3518,392,
190,13.38954782485962,0.06487035751342773,15.415361319582779,14.190172998018477,1965,3545,403,
191,13.4549560546875,0.06540822982788086,15.288595986032034,14.195512733277084,1970,3593,410,
192,13.52224349975586,0.06728744506835938,14.861613470151369,14.198827288050722,1958,3628,405,
193,13.588687658309937,0.06644415855407715,15.050231980680836,14.202990373538688,1935,3612,379,
194,13.655579805374146,0.06689214706420898,14.949437921914987,14.206646862673045,1990,3697,451,
195,13.721292734146118,0.06571292877197266,15.217705536608374,14.211488944823166,2022,3739,469,
196,13.78777551651001,0.0664827823638916,15.041488404118358,14.215491089574392,2030,3772,466,
197,13.855709314346313,0.06793379783630371,14.720213381999404,14.217965715838496,2057,3804,452,
198,13.921924591064453,0.06621527671813965,15.102255092230859,14.22217156147239,2104,3858,450,
199,13.988600254058838,0.06667566299438477,14.997976099378526,14.225869378336085,2145,3905,464,
200,14.05562949180603,0.06702923774719238,14.918862777040703,14.229174162323602,2182,3945,459,
201,14.122608184814453,0.06697869300842285,14.93012113380961,14.232498513704307,2223,3977,419,
202,14.191136360168457,0.0685281753540039,14.592537957331922,14.23423712331957,2268,4031,411,
203,14.257797956466675,0.06666159629821777,15.001140919674247,14.237822742321063,2321,4080,401,
204,14.322664022445679,0.0648660659790039,15.416381198817943,14.243160328295254,2369,4130,391,
205,14.389654874801636,0.06699085235595703,14.927411203644388,14.246345849404952,2412,4164,391,
206,14.456363916397095,0.06670904159545898,14.990471697438867,14.249779625867403,2458,4206,388,
207,14.525553703308105,0.06918978691101074,14.453000141280414,14.250747629183804,2513,4255,379,
208,14.594252824783325,0.06869912147521973,14.556226899651218,14.252185603279631,2564,4299,372,
209,14.663113355636597,0.06886053085327148,14.522107041707349,14.253453201305236,2612,4363,333,
210,14.734082221984863,0.0709688663482666,14.090685838106596,14.25266920844632,2667,4424,290,
211,14.802121639251709,0.0680394172668457,14.697362796010905,14.254713286538475,2695,4448,248,
212,14.872099161148071,0.0699775218963623,14.29030312735301,14.254880747018525,2724,4484,199,
213,14.939838886260986,0.06773972511291504,14.762386448027424,14.257181862642415,2786,4520,206,
214,15.008543491363525,0.06870460510253906,14.555065100913357,14.258545482654167,2830,4549,181,
215,15.078413009643555,0.0698695182800293,14.312392937820334,14.258794998020981,2866,4559,142,
216,15.146369218826294,0.06795620918273926,14.715358788053145,14.260843432465727,2883,4526,87,
217,15.214374303817749,0.06800508499145508,14.70478273978558,14.262827748726288,2882,4449,12,
218,15.286115169525146,0.07174086570739746,13.939056772448264,14.2613082252979,2974,4504,88,
219,15.35630488395691,0.0701897144317627,14.247101702802677,14.261243290942629,3068,4539,130,
220,15.421797513961792,0.06549263000488281,15.268893613303433,14.265522537228733,3164,4605,90,
221,15.485952138900757,0.06415462493896484,15.587340756046439,14.270998516445582,0,0,0,
222,15.535046339035034,0.049094200134277344,20.369004836923793,14.290269572107992,3294,4557,15,
223,15.618128299713135,0.08308196067810059,12.036307181946274,14.278279427637687,3385,4575,121,
224,15.68697190284729,0.06884360313415527,14.525677833150361,14.279365156467355,3446,4575,140,
225,15.754601001739502,0.06762909889221191,14.786534441244179,14.281542260267793,3495,4568,109,
226,15.820836544036865,0.06623554229736328,15.097634371445437,14.284958912945923,3546,4537,101,
227,15.887632608413696,0.06679606437683105,14.970941915956068,14.287842977926518,3591,4531,68,
228,15.954666376113892,0.06703376770019531,14.917854602361645,14.290489981122024,3641,4516,81,
229,16.021154642105103,0.06648826599121094,15.040247855647035,14.29360149849415,3740,4523,194,
230,16.085254669189453,0.06410002708435059,15.600617433188894,14.298809980332743,3827,4521,262,
231,16.15173840522766,0.06648373603820801,15.041272641857896,14.301866102860773,3917,4497,347,
232,16.220527172088623,0.06878876686096191,14.537257253371505,14.302864360611697,3969,4466,322,
233,16.287484645843506,0.06695747375488281,14.934852585101837,14.305462449627578,4011,4438,291,
234,16.355047941207886,0.06756329536437988,14.800935842558252,14.307509268157986,4065,4406,276,
235,16.422038078308105,0.06699013710021973,14.927570584069159,14.310038673604822,4085,4356,246,
236,16.497490406036377,0.07545232772827148,13.253401586248302,14.305206076291967,4123,4319,196,
237,16.56639838218689,0.0689079761505127,14.512108116711243,14.306066685854637,4162,4277,152,
238,16.633413076400757,0.06701469421386719,14.922100469617192,14.30854863682012,4226,4214,109,
239,16.701942205429077,0.06852912902832031,14.592334882685297,14.309713029800298,4275,4180,77,
240,16.769402265548706,0.0674600601196289,14.823585959257532,14.31178024115143,4312,4148,55,
241,16.837674856185913,0.06827259063720703,14.647166464121582,14.313140149006985,4345,4117,30,
242,16.90329599380493,0.06562113761901855,15.238992133994586,14.316734445678119,4387,4100,14,
243,16.97261333465576,0.06931734085083008,14.426404529163715,14.317182345975391,4416,4075,-1,
244,17.037355422973633,0.0647420883178711,15.445902750158352,14.321471492634577,4434,4038,-17,
245,17.104962587356567,0.06760716438293457,14.791331793415972,14.323328609972876,4475,3973,-11,
246,17.17006278038025,0.06510019302368164,15.360937557223952,14.32726269825276,4484,3938,0,
247,17.234782934188843,0.06472015380859375,15.45113756925616,14.331483079489395,4516,3905,3,
248,17.304465293884277,0.06968235969543457,14.350834334123702,14.3315610039478,4557,3855,3,
249,17.370227336883545,0.06576204299926758,15.20634022898494,14.334872835617935,4573,3817,-13,
250,17.436402320861816,0.06617498397827148,15.111450579698658,14.337820119055582,4590,3782,-30,
251,17.50434160232544,0.06793928146362305,14.719025259862857,14.339299683608484,4607,3727,-32,
252,17.56945252418518,0.06511092185974121,15.35840641534997,14.34307640793645,4628,3671,-18,
253,17.636366605758667,0.06691408157348633,14.94453747977966,14.345358409446414,4653,3623,-28,
254,17.709605932235718,0.07323932647705078,13.653866687500814,14.342498696577955,4658,3569,-10,
255,17.775742292404175,0.06613636016845703,15.120275706931606,14.345392490808392,4670,3503,39,
256,17.85105800628662,0.07531571388244629,13.277441697768577,14.340886680769525,4688,3457,46,
257,17.92179274559021,0.07073473930358887,14.137325023678471,14.340083252175582,4692,3415,81,
258,17.991065502166748,0.06927275657653809,14.435689431459537,14.340451373984928,4688,3367,65,
259,18.06406855583191,0.07300305366516113,13.69805713315284,14.337855240057918,4698,3325,53,
260,18.13890051841736,0.07483196258544922,13.363273732906826,14.333834607891951,4698,3308,33,
261,18.20953679084778,0.07063627243041992,14.15703243662875,14.333148777907418,4704,3290,37,
262,18.284003496170044,0.07446670532226562,13.428820244864506,14.3294656476565,4690,3258,38,
263,18.355145931243896,0.07114243507385254,14.056308291414343,14.328406921152544,4680,3228,69,
264,18.421252489089966,0.06610655784606934,15.127092267132156,14.331273085603419,4658,3190,82,
265,18.491316556930542,0.07006406784057617,14.272651172287066,14.331050965685732,4645,3164,143,
266,18.558492422103882,0.06717586517333984,14.886298783344454,14.333060786941061,4633,3134,189,
267,18.630109071731567,0.07161664962768555,13.963233482698698,14.331639120950342,4619,3112,218,
268,18.70289921760559,0.07279014587402344,13.738123313156722,14.329329206229358,4621,3103,253,
269,18.772003889083862,0.06910467147827148,14.470801736094339,14.329850003729575,4622,3109,282,
270,18.841091871261597,0.06908798217773438,14.474297388327535,14.330379674642542,4627,3083,309,
271,18.91370439529419,0.07261252403259277,13.771728958920932,14.32823493146197,4622,3094,316,
272,18.986181259155273,0.07247686386108398,13.79750649692424,14.326208956255469,4608,3090,311,
273,19.056490182876587,0.07030892372131348,14.222945638646713,14.325827966227855,4603,3103,279,
274,19.13007950782776,0.07358932495117188,13.588927479135348,14.322993267638175,4597,3099,276,
275,19.201585292816162,0.07150578498840332,13.98488248415395,14.321734159256373,4587,3079,267,
276,19.27187156677246,0.07028627395629883,14.227528985556408,14.321390584392674,4581,3063,257,
277,19.340582132339478,0.0687105655670166,14.553802486528125,14.32221626549839,4578,3050,242,
278,19.41621470451355,0.07563257217407227,13.221816622849325,14.317929845273873,4583,3031,219,
279,19.488078594207764,0.07186388969421387,13.91519446352088,14.31644472549101,4578,3010,210,
280,19.557875156402588,0.06979656219482422,14.32735321846776,14.316483654838008,4587,3004,209,
281,19.62821674346924,0.07034158706665039,14.216341167458665,14.316124774477803,4585,3006,207,
282,19.699914693832397,0.07169795036315918,13.947400099094516,14.31478279894724,4583,2999,200,
283,19.770823001861572,0.0709083080291748,14.102719805252663,14.314022232324543,4577,3003,198,
284,19.8402042388916,0.0693812370300293,14.413118629856429,14.314368772640519,4568,3000,189,
285,19.9127094745636,0.07250523567199707,13.79210743516305,14.312467138842038,4532,2991,169,
286,19.983726739883423,0.07101726531982422,14.081082895779339,14.311644855971865,4533,2965,143,
287,20.054736852645874,0.07101011276245117,14.082501225498426,14.310833500771432,4542,2928,108,
288,20.12150812149048,0.06677126884460449,14.976501380066344,14.313042454924433,4551,2904,74,
289,20.190051555633545,0.0685434341430664,14.589289441097492,14.313980288938962,4553,2870,57,
290,20.25551962852478,0.06546807289123535,15.274620984511623,14.317085185591008,4545,2836,42,
291,20.322519302368164,0.06699967384338379,14.925445791535743,14.319090840577529,4558,2805,42,
292,20.388535976409912,0.06601667404174805,15.147688285047709,14.321773781984733,4559,2765,35,
293,20.45482587814331,0.06628990173339844,15.085253920299238,14.324248064760143,4584,2756,76,
294,20.521665811538696,0.06683993339538574,14.961116045472219,14.326322370706032,4603,2718,134,
295,20.589962482452393,0.06829667091369629,14.642002115500755,14.32736947682207,4640,2683,183,
296,20.659834384918213,0.06987190246582031,14.311904566920536,14.32731717424035,4669,2646,230,
297,20.732107400894165,0.07227301597595215,13.836422715951638,14.32560589509538,4696,2610,256,
298,20.806680917739868,0.07457351684570312,13.40958616809044,14.322322775946638,4720,2572,274,
299,20.877897024154663,0.07121610641479492,14.041767380198324,14.321365779995572,4757,2539,300,
300,20.951116800308228,0.07321977615356445,13.657512389858876,14.319045751087907,4768,2506,320,
301,21.022432804107666,0.07131600379943848,14.022098080709814,14.318038392834643,4769,2462,332,
302,21.088823795318604,0.0663909912109375,15.062284532291427,14.320381398750147,4768,2417,360,
303,21.154939651489258,0.0661158561706543,15.124964840791893,14.32289597567675,4762,2359,382,
304,21.223315238952637,0.0683755874633789,14.625102863439196,14.323869601769262,4771,2301,402,
305,21.29503297805786,0.07171773910522461,13.943551657879164,14.322588761157037,4773,2248,446,
306,21.36570692062378,0.07067394256591797,14.14948655322709,14.322016169969359,4785,2186,481,
307,21.43601107597351,0.07030415534973145,14.223910308365861,14.321694410024822,4803,2137,555,
308,21.503381490707397,0.06737041473388672,14.843310731424204,14.323328641734836,4827,2066,618,
309,21.569357872009277,0.06597638130187988,15.156939199566356,14.32587849084704,4835,2002,643,
310,21.637651205062866,0.06829333305358887,14.64271774838275,14.326878507379993,4820,1936,555,
311,21.704802989959717,0.06715178489685059,14.89163693170723,14.328625795123017,4807,1871,473,
312,21.773300886154175,0.06849789619445801,14.598988517269344,14.329476344967217,4818,1823,432,
313,21.844115734100342,0.07081484794616699,14.121332305340736,14.32880157796376,4809,1758,346,
314,21.91422128677368,0.07010555267333984,14.264205357021398,14.32859492887911,4666,1664,309,
315,21.98328733444214,0.06906604766845703,14.478894243382443,14.329067132124333,4625,1640,209,
316,22.05202889442444,0.0687415599822998,14.547240421333019,14.329747231552757,4577,1616,96,
317,22.11917519569397,0.06714630126953125,14.892853084876718,14.33145662961753,4526,1564,-40,
318,22.184909105300903,0.0657339096069336,15.212848375817895,14.334068194312163,4446,1482,-115,
319,22.25195550918579,0.0670464038848877,14.915043045662896,14.33581870448708,4416,1394,-90,
320,22.32062792778015,0.06867241859436035,14.561887006002785,14.336514234069977,4540,1350,-24,
321,22.384767532348633,0.06413960456848145,15.590991037874367,14.34010871616679,4583,1299,20,
322,22.452649354934692,0.06788182258605957,14.731484245759825,14.341291974491648,4548,1246,-19,
323,22.534871339797974,0.08222198486328125,12.16219727196808,14.33334120836812,4519,1189,-38,
324,22.601359128952026,0.06648778915405273,15.040355721303833,14.33542107584851,4544,1106,13,
325,22.668781280517578,0.06742215156555176,14.831920619260297,14.336897779296034,4652,1041,210,
326,22.735512733459473,0.06673145294189453,14.985437240078316,14.338801320290052,4775,1027,378,
327,22.802051782608032,0.06653904914855957,15.028769013024705,14.340814726568377,4838,1027,509,
328,22.868284702301025,0.06623291969299316,15.098232187789101,14.343008418423109,4862,1037,622,
329,22.935489177703857,0.06720447540283203,14.879961401467312,14.344581772418826,4883,1054,684,
330,23.002389907836914,0.06690073013305664,14.947519974911083,14.346335373072213,4882,1085,715,
331,23.067082166671753,0.06469225883483887,15.457800021375474,14.349452505884862,4841,1156,651,
332,23.135292053222656,0.06820988655090332,14.660631333167887,14.350369955833504,4783,1232,531,
333,23.20177936553955,0.06648731231689453,15.040463588507825,14.352347496872948,4718,1312,388,
334,23.26822066307068,0.06644129753112793,15.05088005741455,14.354342123379297,4670,1397,249,
335,23.335676670074463,0.06745600700378418,14.824476639180578,14.355701132489639,4603,1473,154,
336,23.40090775489807,0.0652310848236084,15.330114510652452,14.35841735368883,4667,1532,300,
337,23.467759609222412,0.06685185432434082,14.958448200230388,14.360126642321877,4742,1607,390,
338,23.53302526473999,0.06526565551757812,15.321994272020573,14.362794251805452,4747,1661,516,
339,23.60165810585022,0.06863284111022949,14.57028419374225,14.363397625693551,4636,1670,147,
340,23.666428327560425,0.06477022171020508,15.439193715812799,14.366341861735744,4607,1738,141,
341,23.731912851333618,0.06548452377319336,15.27078372690798,14.368837528443791,4666,1796,306,
342,23.79807734489441,0.06616449356079102,15.11384650864461,14.370908836186802,4674,1849,398,
343,23.8648202419281,0.0667428970336914,14.98286775737658,14.372620305657419,4674,1888,450,
344,23.93108820915222,0.0662679672241211,15.090247096579215,14.374607497725089,4645,1951,485,
345,23.99685025215149,0.06576204299926758,15.20634022898494,14.376886815346454,4628,2011,504,
346,24.06300687789917,0.06615662574768066,15.115643954000454,14.378917886516753,4613,2083,493,
347,24.13127374649048,0.0682668685913086,14.648394171800566,14.37968022929025,4575,2140,430,
348,24.201504945755005,0.07023119926452637,14.238686089262012,14.37927107343132,4530,2144,357,
349,24.267707586288452,0.06620264053344727,15.105137679437037,14.381251247529834,4505,2139,276,
350,24.334805488586426,0.06709790229797363,14.903595578280845,14.382691497746219,4506,2163,201,
351,24.400312662124634,0.06550717353820801,15.265503699632767,14.385061571151073,4509,2177,173,
352,24.468555688858032,0.06824302673339844,14.653511836552168,14.385810281408896,4497,2189,169,
353,24.53575587272644,0.0672001838684082,14.880911664738981,14.38716629848723,4501,2211,156,
354,24.603851318359375,0.06809544563293457,14.685269928189543,14.387991352225637,4491,2228,155,
355,24.67010736465454,0.06625604629516602,15.092962165974566,14.38988467916508,4485,2250,152,
356,24.7357234954834,0.06561613082885742,15.24015493397865,14.392140179971028,4481,2251,138,
357,24.800451040267944,0.0647275447845459,15.449373266491582,14.394899488736998,4477,2251,106,
358,24.86683464050293,0.06638360023498535,15.063961527548818,14.39668559249966,4464,2235,118,
359,24.93392038345337,0.06708574295043945,14.906296867558941,14.39805672269008,4440,2203,122,
360,24.999927759170532,0.06600737571716309,15.149822109046251,14.400041610838013,4427,2157,115,
361,25.06674885749817,0.06682109832763672,14.965333181098092,14.401548523593826,4409,2124,99,
362,25.133963584899902,0.0672147274017334,14.877691819281425,14.402821854070163,4402,2108,96,
363,25.199891328811646,0.06592774391174316,15.168121046864433,14.404824023386693,4396,2110,120,
364,25.2659752368927,0.06608390808105469,15.132276964816578,14.406726698144505,4373,2116,111,
365,25.331148624420166,0.06517338752746582,15.343686095472222,14.409137359374476,4359,2121,90,
366,25.40028214454651,0.06913352012634277,14.464763231678088,14.409288759754228,4358,2141,108,
367,25.46669602394104,0.06641387939453125,15.05709362435382,14.410978151817817,4360,2141,88,
368,25.533498525619507,0.0668025016784668,14.969499268353617,14.412439393323261,4368,2150,59,
369,25.59899926185608,0.06550073623657227,15.267003967531759,14.414625986955294,4395,2167,52,
370,25.666954278945923,0.06795501708984375,14.715616930504098,14.415422881066315,4420,2181,78,
371,25.732925176620483,0.06597089767456055,15.158199073371353,14.417327118996566,4434,2186,91,
372,25.800467252731323,0.06754207611083984,14.805585756039704,14.418343526728913,4457,2183,116,
373,25.865637063980103,0.0651698112487793,15.344528100328526,14.420677096696425,4469,2200,143,
374,25.93106460571289,0.06542754173278809,15.284083331207661,14.422855586021864,4453,2198,121,
375,26.000308513641357,0.0692439079284668,14.441703680749233,14.422905782185314,4440,2193,99,
376,26.06906270980835,0.06875419616699219,14.54456681554637,14.423226649362118,4443,2166,91,
377,26.136614322662354,0.0675516128540039,14.803495545861391,14.424209476631159,4433,2165,73,
378,26.20231032371521,0.06569600105285645,15.221626643537084,14.426208808689646,4422,2161,71,
379,26.267531394958496,0.06522107124328613,15.332468187617206,14.428459009008403,4419,2163,68,
380,26.33367133140564,0.06613993644714355,15.119458132518178,14.43019452995187,4421,2164,75,
381,26.399763345718384,0.06609201431274414,15.130420980484109,14.431947552355316,4424,2165,77,
382,26.466726779937744,0.06696343421936035,14.933523222900682,14.43321658836796,4414,2169,67,
383,26.53318190574646,0.06645512580871582,15.04774820347788,14.434755746993588,4411,2171,70,
384,26.601831674575806,0.0686497688293457,14.566691440518445,14.435096225610685,4398,2173,50,
385,26.670824766159058,0.06899309158325195,14.494204811699577,14.435249129922013,4395,2177,43,
386,26.737634658813477,0.06680989265441895,14.967843238015709,14.436579934072947,4397,2191,37,
387,26.801938772201538,0.06430411338806152,15.551104700957692,14.439253939397439,4388,2195,42,
388,26.867101907730103,0.06516313552856445,15.346100090006367,14.441453392796566,4396,2193,56,
389,26.9328715801239,0.06576967239379883,15.204576267499945,14.443316927522753,4389,2192,41,
390,26.99882197380066,0.06595039367675781,15.162911762154033,14.445074691719936,4397,2196,58,
391,27.06317973136902,0.06435775756835938,15.538142374488768,14.44767406790676,4402,2210,49,
392,27.133931398391724,0.07075166702270508,14.133942592180729,14.446856013767121,4407,2211,37,
393,27.202662467956543,0.06873106956481934,14.549460765439036,14.44711525803533,4412,2213,14,
394,27.269753217697144,0.06709074974060059,14.905184453391803,14.448242228474124,4421,2219,45,
395,27.335569381713867,0.06581616401672363,15.193835966281837,14.450037403070715,4410,2242,37,
396,27.402862310409546,0.06729292869567871,14.860402413488895,14.451045132229533,4406,2245,17,
397,27.471783876419067,0.06892156600952148,14.509246639315341,14.451191148921806,4418,2252,7,
398,27.54261350631714,0.07082962989807129,14.118385221538906,14.450335292571825,4421,2269,9,
399,27.613806009292603,0.07119250297546387,14.0464228423693,14.449293946141594,4431,2271,-8,
400,27.68289852142334,0.0690925121307373,14.473348401456201,14.449353982584107,4431,2281,-14,
401,27.752326488494873,0.0694279670715332,14.403417558945337,14.44923906347961,4426,2300,-4,
402,27.82297992706299,0.07065343856811523,14.153592808309318,14.448488301893958,4430,2312,21,
403,27.89210057258606,0.06912064552307129,14.467457478622897,14.448535310248067,4427,2324,31,
404,27.962106943130493,0.0700063705444336,14.284414292914844,14.44812441428887,4439,2318,50,
405,28.03066658973694,0.06855964660644531,14.585839476978718,14.448461248805458,4445,2320,60,
406,28.095563411712646,0.06489682197570801,15.409075044912324,14.450680132320974,4450,2321,71,
407,28.16119694709778,0.06563353538513184,15.236113583278541,14.452510692800804,4463,2320,58,
408,28.230677604675293,0.06948065757751465,14.392494758478225,14.45236298304193,4461,2328,82,
409,28.297762393951416,0.06708478927612305,14.906508774797956,14.453439614978986,4466,2320,73,
410,28.36461853981018,0.06685614585876465,14.957488008844035,14.45462767019266,4456,2324,83,
411,28.435175895690918,0.0705573558807373,14.172866705638661,14.453928525277144,4452,2316,66,
412,28.50549817085266,0.07032227516174316,14.220245259414211,14.45335203512692,4460,2312,56,
413,28.579627513885498,0.07412934303283691,13.48993474226572,14.450853140032798,4469,2324,81,
414,28.646169662475586,0.06654214859008789,15.028068993686805,14.452193953955042,4454,2324,88,
415,28.715836763381958,0.06966710090637207,14.35397751578515,14.451955672390586,4456,2322,96,
416,28.782243490219116,0.0664067268371582,15.05871539870032,14.453355595486036,4447,2326,98,
417,28.84962749481201,0.06738400459289551,14.84031716490523,14.454259420680165,4441,2323,90,
418,28.91759443283081,0.06796693801879883,14.713035913482113,14.454867640215431,4438,2324,96,
419,28.986499786376953,0.06890535354614258,14.512660461575724,14.455005022611292,4442,2303,75,
420,29.056350231170654,0.06985044479370117,14.316301105217528,14.454671583268516,4438,2280,59,
421,29.119521617889404,0.06317138671875,15.829951690821256,14.457655092155125,4447,2271,47,
422,29.187201499938965,0.06767988204956055,14.775439461725437,14.45839197707538,4453,2244,51,
423,29.256436109542847,0.06923460960388184,14.443643225857551,14.458357074531921,4454,2222,51,
424,29.325201749801636,0.06876564025878906,14.542146284636507,14.45855355463558,4469,2194,58,
425,29.395713806152344,0.07051205635070801,14.181971874799238,14.457890112913335,4476,2176,72,
426,29.46439528465271,0.06868147850036621,14.559966119463605,14.458128051991384,4499,2148,95,
427,29.532297134399414,0.0679018497467041,14.727139300774928,14.458746573514174,4488,2116,144,
428,29.598767518997192,0.06647038459777832,15.044293876906853,14.46006154564711,4539,2096,170,
429,29.665542125701904,0.06677460670471191,14.975752750175847,14.461222322592212,4604,2110,202,
430,29.731945991516113,0.06640386581420898,15.05936420626315,14.462558223491282,4636,2131,189,
431,29.797596216201782,0.06565022468566895,15.232240328010546,14.46425399125495,4656,2104,102,
432,29.867275953292847,0.06967973709106445,14.35137447050209,14.46399064566758,4625,2085,-14,
433,29.93511176109314,0.06783580780029297,14.741476993153478,14.464619456098806,4572,2078,-182,
434,30.00123405456543,0.06612229347229004,15.123492357673156,14.466071602609832,4518,2029,-426,
435,30.069599390029907,0.06836533546447754,14.627296029573314,14.466438157610831,4449,2021,-658,
436,30.137301206588745,0.06770181655883789,14.770652411238123,14.46712155847186,4418,2080,-828,
437,30.206306219100952,0.06900501251220703,14.4917008720649,14.46717770886078,4349,2144,-966,
438,30.274903297424316,0.06859707832336426,14.577880347702777,14.467428539640077,4349,2174,-1091,
439,30.3449809551239,0.07007765769958496,14.269883338379937,14.466972335531246,4284,2195,-1223,
440,30.412479639053345,0.06749868392944336,14.81510366995161,14.467744992255948,4368,2253,-1278,
441,30.48219323158264,0.06971359252929688,14.344404924760601,14.467462910217343,4412,2216,-1349,
442,30.547568321228027,0.06537508964538574,15.296346137715489,14.469236809688928,4435,2294,-1413,
443,30.61413550376892,0.06656718254089355,15.022417380902068,14.47043964202295,4460,2332,-1470,
444,30.681464910507202,0.06732940673828125,14.852351274787535,14.47127773380688,4483,2341,-1509,
445,30.75026822090149,0.06880331039428711,14.534184391264874,14.471418486604477,4471,2348,-1507,
446,30.816920280456543,0.06665205955505371,15.003287320386752,14.47256883364961,4458,2464,-1644,
447,30.883016109466553,0.06609582901000977,15.12954773361806,14.473974899847342,4460,2422,-1609,
448,30.950204849243164,0.06718873977661133,14.883446293602072,14.474863807273156,4466,2401,-1564,
449,31.01859736442566,0.06839251518249512,14.621483028247328,14.475187086149331,4451,2369,-1519,
450,31.08719301223755,0.06859564781188965,14.578184358609855,14.475414355450376,4466,2344,-1473,
451,31.15610361099243,0.06891059875488281,14.51155581388912,14.475494292581539,4470,2336,-1441,
452,31.22720456123352,0.07110095024108887,14.064509638889541,14.474558525201058,4479,2330,-1433,
453,31.295124769210815,0.06792020797729492,14.723158685472377,14.475098065295986,4497,2301,-1439,
454,31.362002849578857,0.06687808036804199,14.95258228849904,14.47611627922853,4494,2321,-1428,
455,31.430925846099854,0.0689229965209961,14.508945496810616,14.476188268455326,4493,2331,-1426,
456,31.498103618621826,0.06717777252197266,14.885876123280475,14.477062032725382,4482,2341,-1423,
457,31.56344223022461,0.0653386116027832,15.304885969713556,14.478775688235444,4500,2300,-1434,
458,31.6308491230011,0.06740689277648926,14.835278097090812,14.479535412375471,4507,2317,-1410,
459,31.696611881256104,0.06576275825500488,15.20617484020897,14.481043012405726,4508,2317,-1406,
460,31.76337456703186,0.06676268577575684,14.978426772086578,14.482088451566714,4502,2330,-1408,
461,31.829450845718384,0.06607627868652344,15.13402418959097,14.48344183613248,4506,2339,-1408,
462,31.896662950515747,0.06721210479736328,14.87827234416902,14.484273816252925,4501,2338,-1398,
463,31.963290214538574,0.06662726402282715,15.008870837880876,14.48536733522519,4508,2332,-1397,
464,32.03317070007324,0.06988048553466797,14.310146707608325,14.484985090749667,4503,2342,-1397,
465,32.10922908782959,0.07605838775634766,13.147793813398868,14.48181763343081,4498,2343,-1399,
466,32.18617558479309,0.07694649696350098,12.996043217852307,14.478265638374559,4505,2344,-1401,
467,32.262075662612915,0.07590007781982422,13.175217058062247,14.475200073415783,4503,2341,-1402,
468,32.3318510055542,0.06977534294128418,14.331710283982382,14.474890408210888,4488,2308,-1399,
469,32.397610902786255,0.06575989723205566,15.20683641689961,14.4763760947467,4492,2295,-1410,
470,32.46452569961548,0.06691479682922363,14.944377736842668,14.477340724111267,4463,2284,-1423,
471,32.52886748313904,0.06434178352355957,15.542000007411003,14.479446609819336,4481,2278,-1395,
472,32.597750663757324,0.06888318061828613,14.517331967312412,14.479526666383665,4464,2268,-1387,
473,32.66404151916504,0.06629085540771484,15.085036900634432,14.480755534261606,4472,2244,-1362,
474,32.731733083724976,0.06769156455993652,14.772889450864508,14.481359688090713,4464,2253,-1351,
475,32.797152519226074,0.06541943550109863,15.28597720754112,14.48296463302872,4463,2256,-1341,
476,32.866225481033325,0.06907296180725098,14.477444919627356,14.482953032580314,4467,2253,-1321,
477,32.9341344833374,0.06790900230407715,14.725588155783605,14.483453337488859,4462,2270,-1326,
478,33.00026297569275,0.06612849235534668,15.122074681915036,14.48473305658455,4464,2276,-1333,
479,33.06708121299744,0.0668182373046875,14.965973966659055,14.48570549407073,4478,2314,-1352,
480,33.13299107551575,0.06590986251831055,15.17223616908908,14.487071176459681,4494,2325,-1361,
481,33.203044176101685,0.0700531005859375,14.274885645828796,14.486623499004525,4498,2328,-1378,
482,33.27487874031067,0.07183456420898438,13.920875152673782,14.485402148621018,4500,2336,-1383,
483,33.34397792816162,0.06909918785095215,14.47195012128092,14.485374271798218,4497,2335,-1396,
484,33.41162729263306,0.06764936447143555,14.782104869917037,14.485975069724226,4487,2325,-1391,
485,33.480971813201904,0.06934452056884766,14.42075007220167,14.485839978180064,4477,2302,-1363,
486,33.547499656677246,0.0665278434753418,15.031300396361786,14.486921677433187,4472,2287,-1348,
487,33.61405563354492,0.06655597686767578,15.024946624826262,14.48798696917731,4472,2290,-1349,
488,33.680747270584106,0.06669163703918457,14.994383769773885,14.488989691336409,4482,2294,-1342,
489,33.74847602844238,0.06772875785827637,14.764776907506821,14.489543160049148,4487,2313,-1358,
490,33.817179441452026,0.06870341300964355,14.555317650079989,14.48967678834189,4489,2330,-1380,
491,33.88326835632324,0.06608891487121582,15.131130567791137,14.490927936365098,4492,2342,-1392,
492,33.95093536376953,0.06766700744628906,14.778250697635087,14.491500594267393,4498,2348,-1397,
493,34.016812324523926,0.06587696075439453,15.179813830942281,14.492833581722142,4498,2357,-1399,
494,34.083202838897705,0.0663905143737793,15.062392714266219,14.493943023342245,4500,2361,-1396,
495,34.15631866455078,0.07311582565307617,13.67692959859132,14.492194105032079,4499,2372,-1409,
496,34.22563290596008,0.06931424140930176,14.427049617335971,14.492062173483609,4493,2363,-1400,
497,34.29376792907715,0.06813502311706543,14.67673971845377,14.492429091718483,4495,2357,-1408,
498,34.36432099342346,0.07055306434631348,14.173728799240338,14.491774771144343,4498,2349,-1409,
499,34.43277549743652,0.06845450401306152,14.608242575378153,14.492006316399035,4497,2346,-1405,
500,34.499091386795044,0.06631588935852051,15.079342366860928,14.49313532330829,4491,2343,-1397,
501,34.56813716888428,0.0690457820892334,14.483143933508059,14.493115366684085,4491,2349,-1398,
502,34.64205813407898,0.07392096519470215,13.527961889648989,14.491055873673961,4495,2350,-1400,
503,34.71261787414551,0.07055974006652832,14.172387810061869,14.490408122593431,4499,2344,-1403,
504,34.77976059913635,0.06714272499084473,14.893646335270953,14.49118657856763,4502,2336,-1392,
505,34.84747004508972,0.06770944595336914,14.7689880772129,14.491726353349959,4501,2339,-1399,
506,34.915427923202515,0.06795787811279297,14.714997403836708,14.492160918461646,4502,2338,-1389,
507,34.98176121711731,0.06633329391479492,15.075385842959939,14.493266844206639,4508,2340,-1382,
508,35.04954290390015,0.06778168678283691,14.753247484145101,14.493769616135912,4507,2342,-1376,
509,35.115211725234985,0.06566882133483887,15.22792673407519,14.495142560516452,0,0,0,
510,35.16869401931763,0.0534822940826416,18.697776846572545,14.501533657174326,4504,2354,-1363,
511,35.24188041687012,0.07318639755249023,13.663741261247173,14.499793823583454,4508,2346,-1365,
512,35.30904674530029,0.06716632843017578,14.888412443737664,14.500533069988593,4511,2344,-1374,
513,35.37700581550598,0.06795907020568848,14.714739283120673,14.500944559167543,4516,2303,-1388,
514,35.44120168685913,0.06419587135314941,15.577325751976735,14.502894245557725,4513,2317,-1386,
515,35.507874965667725,0.06667327880859375,14.998512415608193,14.503824869777459,4507,2328,-1391,
516,35.576220750808716,0.06834578514099121,14.631480170095198,14.504070109478121,4510,2335,-1383,
517,35.64422059059143,0.06799983978271484,14.705917002089674,14.504455180497512,4506,2339,-1377,
518,35.71274948120117,0.06852889060974121,14.592385650817066,14.504623909527602,4501,2349,-1380,
519,35.77872586250305,0.06597638130187988,15.156939199566356,14.50582678641232,4505,2342,-1380,
520,35.846213579177856,0.06748771667480469,14.817511234208519,14.506413595160149,4504,2366,-1393,
521,35.912651777267456,0.06643819808959961,15.051582203529724,14.507422153932687,4510,2385,-1417,
522,35.979530334472656,0.0668785572052002,14.952475678142234,14.508249417026494,4509,2382,-1417,
523,36.04884052276611,0.06931018829345703,14.42789328123065,14.508094918329123,4510,2412,-1459,
524,36.11689615249634,0.06805562973022461,14.693861535982288,14.508444961258999,4516,2436,-1505,
525,36.1868679523468,0.06997179985046387,14.291471737715643,14.508025416605655,4513,2429,-1502,
526,36.255730628967285,0.0688626766204834,14.521654531542667,14.508051303198428,4508,2427,-1478,
527,36.32691478729248,0.07118415832519531,14.048069451515232,14.507149948895464,4509,2407,-1461,
528,36.394834995269775,0.06792020797729492,14.723158685472377,14.507553065390294,4509,2452,-1509,
529,36.46261167526245,0.06777667999267578,14.754337334140061,14.508011787836159,4500,2486,-1542,
530,36.54136633872986,0.07875466346740723,12.697660760290747,14.504110084090037,4496,2469,-1514,
531,36.6097469329834,0.06838059425354004,14.624032021310349,14.50433407726175,0,0,0,
532,36.660154819488525,0.05040788650512695,19.838165599311342,14.511668120866446,4496,2477,-1530,
533,36.74113416671753,0.0809793472290039,12.34882762356765,14.506901109297424,4495,2426,-1481,
534,36.8096067905426,0.06847262382507324,14.604376817145145,14.507082432002486,4507,2398,-1441,
535,36.87843656539917,0.06882977485656738,14.528596121139065,14.507122585070716,4509,2357,-1426,
536,36.948272943496704,0.06983637809753418,14.319184746428144,14.506767361486157,4504,2355,-1430,
537,37.01501250267029,0.06673955917358398,14.983617098804684,14.507627140778636,4501,2338,-1403,
538,37.08520269393921,0.0701901912689209,14.247004915098216,14.507133867922063,4498,2325,-1386,
539,37.156787157058716,0.07158446311950684,13.969511768643816,14.506098111273475,4486,2298,-1375,
540,37.22475028038025,0.0679631233215332,14.71386174041774,14.506477435917507,4494,2281,-1353,
541,37.29439067840576,0.0696403980255127,14.359481398047881,14.506202947920809,4470,2270,-1360,
542,37.362794399261475,0.06840372085571289,14.619087784849393,14.506409617229094,4482,2278,-1358,
543,37.42845106124878,0.06565666198730469,15.23074688435058,14.50768024333741,4486,2271,-1345,
544,37.495524168014526,0.06707310676574707,14.90910512752155,14.508398324087386,4495,2276,-1356,
545,37.564932107925415,0.06940793991088867,14.407573561236337,14.508212032280404,4498,2286,-1373,
546,37.630990505218506,0.06605839729309082,15.138120829107551,14.50931779019431,4516,2261,-1401,
547,37.700650215148926,0.06965970993041992,14.355500489434379,14.509033581076109,4521,2287,-1383,
548,37.77122354507446,0.07057332992553711,14.16965872313399,14.508399478932466,4516,2306,-1393,
549,37.84049344062805,0.06926989555358887,14.436285662165837,14.50826746911702,4501,2317,-1404,
550,37.90958213806152,0.06908869743347168,14.474147540021878,14.50820528691071,4518,2318,-1397,
551,37.979732513427734,0.07015037536621094,14.255091220533457,14.50773777317136,4517,2325,-1383,
552,38.04968214035034,0.06994962692260742,14.296001908722179,14.507348523014954,4520,2344,-1381,
553,38.12046718597412,0.0707850456237793,14.127277748960909,14.50664277806827,4479,2263,-1293,
554,38.1891348361969,0.06866765022277832,14.562898202511692,14.506743930603552,4481,2249,-1256,
555,38.26415395736694,0.07501912117004395,13.329934880646299,14.504436727344565,4490,2253,-1265,
556,38.33339285850525,0.06923890113830566,14.442747986460475,14.504325303327203,4481,2280,-1231,
557,38.408161878585815,0.0747690200805664,13.374523284141784,14.50212592210905,4480,2276,-1259,
558,38.47803807258606,0.06987619400024414,14.31102558328386,14.501778883512019,4472,2279,-1256,
559,38.55023002624512,0.07219195365905762,13.851959246354795,14.500561984180926,4470,2299,-1247,
560,38.619842767715454,0.06961274147033691,14.365186298920806,14.500317967843623,4476,2284,-1237,
561,38.69216513633728,0.07232236862182617,13.826980767582464,14.499059383811623,4494,2273,-1227,
562,38.76463723182678,0.07247209548950195,13.798414317202356,14.497749498828878,4499,2249,-1195,
563,38.840519189834595,0.0758819580078125,13.178363161069777,14.495171839704689,4494,2255,-1177,
564,38.91127157211304,0.07075238227844238,14.133799708178746,14.494514756598393,4491,2246,-1147,
565,38.98020529747009,0.06893372535705566,14.506687326418312,14.494536282923832,4504,2246,-1043,
566,39.051764726638794,0.07155942916870117,13.974398784575301,14.493583169979216,4497,2215,-954,
567,39.121500968933105,0.06973624229431152,14.339745978563736,14.493308946664959,4489,2183,-867,
568,39.194047927856445,0.07254695892333984,13.78417530990785,14.49199636244524,4492,2143,-812,
569,39.26481556892395,0.07076764106750488,14.130752204190404,14.491345285990182,4492,2134,-838,
570,39.339675188064575,0.074859619140625,13.35833673053404,14.489189279654617,4494,2144,-872,
571,39.412757396698,0.07308220863342285,13.68322083718017,14.487694790109723,4505,2161,-978,
572,39.48575472831726,0.0729973316192627,13.699130883520102,14.486236971679041,4510,2181,-1142,
573,39.558860063552856,0.0731053352355957,13.678892200922297,14.484744987076297,4514,2214,-1244,
574,39.63182759284973,0.072967529296875,13.704726056043496,14.483308867228711,4512,2264,-1315,
575,39.707828998565674,0.07600140571594238,13.15765136946981,14.48077153804531,4522,2324,-1384,
576,39.778069496154785,0.07024049758911133,14.236801194799906,14.480340732867392,4535,2367,-1418,
577,39.84944462776184,0.07137513160705566,14.01048204723936,14.479499159645062,4532,2379,-1438,
578,39.92327165603638,0.07382702827453613,13.545174760134731,14.477771385567463,4546,2326,-1459,
579,39.9931800365448,0.06990838050842285,14.304436645897066,14.477468395134466,4543,2333,-1361,
580,40.06509780883789,0.07191777229309082,13.904768850801439,14.476440386277025,4540,2326,-1355,
581,40.13614082336426,0.07104301452636719,14.075979273498536,14.475731549700594,4524,2316,-1328,
582,40.20781469345093,0.07167387008666992,13.952086008342702,14.474798106717213,4514,2320,-1342,
583,40.27659034729004,0.06877565383911133,14.540028980885095,14.474909493902242,4510,2294,-1295,
584,40.346344232559204,0.06975388526916504,14.336119000987802,14.474669542146925,4516,2331,-1175,
585,40.415860176086426,0.06951594352722168,14.385189199200195,14.474515634486913,4513,2333,-1223,
586,40.49151659011841,0.07565641403198242,13.2176499877098,14.472167242631956,4407,2263,-1273,
587,40.56293606758118,0.07141947746276855,14.001782644255647,14.471339032805956,4430,2248,-1216,
588,40.633211851119995,0.07027578353881836,14.229652799924006,14.470921032637804,4396,2225,-1198,
589,40.709731578826904,0.07651972770690918,13.068525332843118,14.468285030558599,4419,2185,-1137,
590,40.776137351989746,0.0664057731628418,15.058931661676109,14.469246925155598,4438,2161,-1039,
591,40.842631101608276,0.06649374961853027,15.03900751178759,14.470174522540198,4459,2163,-982,
592,40.91375231742859,0.0711212158203125,14.06050203818923,14.469462380447997,4475,2155,-924,
593,40.981395959854126,0.06764364242553711,14.783355303505594,14.469980490193892,4477,2172,-850,
594,41.051796674728394,0.07040071487426758,14.20440121646426,14.46952504190074,4512,2176,-796,
595,41.12221693992615,0.0704202651977539,14.20045774027979,14.46906427416626,4518,2185,-738,
596,41.195647954940796,0.07343101501464844,13.618223849970128,14.467547655808113,4561,2211,-667,
597,41.26452898979187,0.06888103485107422,14.517784208121617,14.467631513440695,4495,2204,-664,
598,41.331440448760986,0.06691145896911621,14.945123233100656,14.468404524670433,4504,2208,-593,
599,41.40257215499878,0.07113170623779297,14.058428412457936,14.467700165041053,4495,2204,-535,
600,41.47424364089966,0.0716714859008789,13.952550131065959,14.466809936186815,4497,2215,-461,
601,41.54366493225098,0.06942129135131836,14.404802626608145,14.46670631924519,4508,2221,-397,
602,41.6163969039917,0.07273197174072266,13.74911165016718,14.465452196373548,4532,2221,-304,
603,41.68921136856079,0.0728144645690918,13.73353503205569,14.464173828309503,4580,2222,-201,
604,41.75885057449341,0.06963920593261719,14.359727205499713,14.463999647751974,4627,2226,-110,
605,41.828118562698364,0.06926798820495605,14.436683176666174,14.463954411268432,4667,2241,0,
606,41.89697813987732,0.06885957717895508,14.522308166388521,14.46405031830237,4686,2259,107,
607,41.970707654953,0.0737295150756836,13.56308934045608,14.462467609320077,4691,2276,183,
608,42.04439330101013,0.0736856460571289,13.571164175241053,14.460905539702308,4675,2305,185,
609,42.11128568649292,0.06689238548278809,14.949384638963242,14.461681472606644,4609,2295,26,
610,42.18228340148926,0.07099771499633789,14.08496034064731,14.461047406894615,4522,2286,-127,
611,42.25172424316406,0.06944084167480469,14.400747109072432,14.4609483031655,4470,2255,-267,
612,42.32368588447571,0.07196164131164551,13.896292271451715,14.459988236149373,4410,2274,-285,
613,42.39341592788696,0.06973004341125488,14.341020757755523,14.459792554644324,4390,2279,-281,
614,42.46294069290161,0.06952476501464844,14.38336396806672,14.459667417773549,4367,2262,-268,
615,42.53280758857727,0.06986689567565918,14.312930184307422,14.459426378548454,4363,2260,-237,
616,42.59989547729492,0.06708788871765137,14.905820098298785,14.460129375864746,4367,2260,-187,
617,42.67275261878967,0.07285714149475098,13.72549045273819,14.458875093244453,4370,2242,-125,
618,42.744335412979126,0.07158279418945312,13.969837463362643,14.458056115017923,4394,2226,-75,
619,42.813072681427,0.06873726844787598,14.548148662007248,14.458200760454462,4373,2204,-11,
620,42.884687423706055,0.07161474227905273,13.963605371969612,14.457374817130477,4459,2246,83,
621,42.954204082489014,0.06951665878295898,14.38504119022958,14.457257753104564,4477,2268,246,
622,43.02540850639343,0.07120442390441895,14.044071213080063,14.456573954610398,4489,2312,412,
623,43.0915412902832,0.06613278388977051,15.121093369769378,14.457593795571231,4553,2359,532,
624,43.158632040023804,0.06709074974060059,14.905184453391803,14.458289582054507,4512,2395,706,
625,43.22669076919556,0.06805872917175293,14.693192367380254,14.458659427276606,4514,2421,798,
626,43.29620003700256,0.06950926780700684,14.38657076314643,14.45854369355733,4528,2440,836,
627,43.36700987815857,0.07080984115600586,14.12233079010633,14.457994723675503,4547,2452,847,
628,43.439956188201904,0.07294631004333496,13.708712605283715,14.456736495755536,4553,2469,872,
629,43.51088809967041,0.07093191146850586,14.098026957077073,14.456151723659362,4591,2496,881,
630,43.57909893989563,0.06821084022521973,14.660426358892265,14.456471458230403,4619,2523,886,
631,43.65264558792114,0.0735466480255127,13.596812728339552,14.45502309199331,4632,2532,886,
632,43.72497344017029,0.07232785224914551,13.82593245760058,14.453982479023747,4641,2550,865,
633,43.7933554649353,0.06838202476501465,14.623726095218172,14.454247528642417,4647,2542,870,
634,43.86134696006775,0.06799149513244629,14.707721870978375,14.454640450901024,4650,2545,868,
635,43.93453526496887,0.07318830490112305,13.663385172685635,14.453322339028272,4635,2540,860,
636,44.00627899169922,0.07174372673034668,13.93850090557134,14.452483022251595,4637,2533,855,
637,44.076009035110474,0.06973004341125488,14.341020757755523,14.452306684404494,4635,2529,862,
638,44.142616271972656,0.06660723686218262,15.013383636812698,14.45315329905091,4626,2519,863,
639,44.21323037147522,0.07061409950256348,14.161477764985127,14.452687456473656,4628,2510,862,
640,44.28048086166382,0.06725049018859863,14.869780089268938,14.45332091129311,4637,2496,855,
641,44.34665250778198,0.06617164611816406,15.112212838324734,14.454304073740783,4639,2493,842,
642,44.418214559555054,0.07156205177307129,13.973886651141251,14.453530074677342,4627,2498,847,
643,44.48984622955322,0.07163166999816895,13.960305546772288,14.452735949733967,4600,2510,827,
644,44.55993890762329,0.07009267807006836,14.266825402224566,14.452443512884278,4608,2516,832,
645,44.62667179107666,0.06673288345336914,14.985116006545242,14.45324004935029,4614,2526,841,
646,44.69828391075134,0.07161211967468262,13.964116752063337,14.45245641398364,4611,2528,841,
647,44.77222228050232,0.07393836975097656,13.52477750548175,14.450924413500902,4598,2530,838,
648,44.840874671936035,0.06865239143371582,14.566134975290764,14.451100803471954,4605,2531,845,
649,44.91166853904724,0.07079386711120605,14.125517376090741,14.450587589186192,4588,2536,840,
650,44.983874797821045,0.07220625877380371,13.849214970860643,14.449622290685486,4578,2544,833,
651,45.05567955970764,0.07180476188659668,13.926652964594865,14.448788839979583,4558,2544,834,
652,45.12274384498596,0.06706428527832031,14.911066238161599,14.449475905983723,4554,2548,835,
653,45.19285321235657,0.07010936737060547,14.263429232129498,14.449187284804086,4563,2550,854,
654,45.26380681991577,0.0709536075592041,14.093716082943269,14.44863006335217,4551,2544,850,
655,45.33284544944763,0.06903862953186035,14.484644419810131,14.448684910600091,4532,2535,848,
656,45.407201528549194,0.0743560791015625,13.448799507490252,14.447047558910858,4537,2528,838,
657,45.47508144378662,0.06787991523742676,14.731898183759558,14.4474727508106,4534,2531,845,
658,45.54473519325256,0.06965374946594238,14.356728929416153,14.447333971929263,4536,2535,855,
659,45.6181161403656,0.07338094711303711,13.62751557920866,14.446015218433756,4552,2521,885,
660,45.6902289390564,0.0721127986907959,13.867163917570084,14.445101618561303,4509,2527,887,
661,45.75949430465698,0.06926536560058594,14.437229794850612,14.445089703116091,4477,2533,892,
662,45.82875895500183,0.06926465034484863,14.437378879721324,14.445078049135088,4484,2508,921,
663,45.895971059799194,0.06721210479736328,14.87827234416902,14.445712438160596,4463,2511,921,
664,45.96618628501892,0.07021522521972656,14.241925406785647,14.445401145154557,4460,2495,914,
665,46.0352680683136,0.06908178329467773,14.475596203623814,14.445446456685765,4454,2495,903,
666,46.10654282569885,0.0712747573852539,14.030212612226876,14.44480455881817,4438,2492,880,
667,46.176905155181885,0.07036232948303223,14.212150270566989,14.444450050484827,4442,2492,857,
668,46.25409173965454,0.07718658447265625,12.955619254719778,14.44196556187721,4440,2487,844,
669,46.32356309890747,0.06947135925292969,14.394421107541937,14.441894259549697,4451,2476,836,
670,46.391606092453,0.06804299354553223,14.696590315810129,14.442267824588116,4447,2471,818,
671,46.46181035041809,0.07020425796508789,14.244150269308356,14.441968466989834,4456,2464,815,
672,46.53454375267029,0.07273340225219727,13.748841234355844,14.440885110460306,4453,2467,806,
673,46.60476732254028,0.07022356986999512,14.240233042143824,14.440582770048616,4440,2465,799,
674,46.67070126533508,0.0659339427947998,15.166694992171312,14.441608583683681,4443,2480,806,
675,46.73735976219177,0.06665849685668945,15.001838432539541,14.44240760356433,4447,2480,800,
676,46.80397868156433,0.0666189193725586,15.010750841027843,14.443216560695307,4442,2473,782,
677,46.87077975273132,0.06680107116699219,14.969819832681381,14.443967085069644,4458,2477,794,
678,46.940701484680176,0.06992173194885254,14.301705237099904,14.44375517526673,4485,2475,798,
679,47.010223388671875,0.06952190399169922,14.383955884168508,14.44366674002276,4481,2479,801,
680,47.07686901092529,0.06664562225341797,15.00473648813016,14.444461033340811,4492,2475,817,
681,47.14422273635864,0.06735372543334961,14.846988693885352,14.445036114145076,4493,2483,825,
682,47.21007466316223,0.06585192680358887,15.185584515736615,14.44606908305021,4491,2495,832,
683,47.280205488204956,0.07013082504272461,14.259065102838688,14.445791699665703,4500,2490,845,
684,47.349289894104004,0.06908440589904785,14.475046676398826,14.445834383783918,4492,2505,845,
685,47.42209815979004,0.07280826568603516,13.73470430283581,14.444742568999668,4486,2485,837,
686,47.490917682647705,0.06881952285766602,14.53076043651481,14.444867218277645,4496,2479,847,
687,47.55738663673401,0.06646895408630371,15.044617652650194,14.445705464171812,4493,2476,862,
688,47.62375783920288,0.06637120246887207,15.066775390561856,14.446571022869866,4468,2474,852,
689,47.69333243370056,0.06957459449768066,14.37306257003533,14.44646378941527,4470,2468,857,
690,47.7580292224884,0.0646967887878418,15.456717693968853,14.44783235894272,4481,2482,850,
691,47.82563257217407,0.06760334968566895,14.792166433314877,14.44831908824637,4490,2489,840,
692,47.893006563186646,0.06737399101257324,14.842522833676,14.448873638513884,4505,2481,833,
693,47.961236000061035,0.06822943687438965,14.656430505809382,14.449168907972224,4526,2479,829,
694,48.029155254364014,0.06791925430297852,14.723365417693437,14.449556656254993,4538,2459,823,
695,48.098777055740356,0.06962180137634277,14.363316952896255,14.44943182639724,4535,2455,833,
696,48.164740562438965,0.0659635066986084,15.159897495581394,14.450404837076443,4543,2463,846,
697,48.23162245750427,0.06688189506530762,14.951729448209237,14.451100014603696,4537,2453,854,
698,48.29884362220764,0.06722116470336914,14.876267086605237,14.451691751871715,4543,2449,844,
699,48.36960458755493,0.07076096534729004,14.132085325462528,14.451224192555141,4517,2437,843,
700,48.43982172012329,0.07021713256835938,14.241538545118704,14.450920237578,4510,2447,860,
701,48.50630521774292,0.0664834976196289,15.041326581842698,14.451729457711492,4516,2448,874,
702,48.57347822189331,0.06717300415039062,14.886932818445114,14.452331307079232,4526,2459,878,
703,48.64094853401184,0.06747031211853027,14.821333540642636,14.45284315350948,4528,2467,884,
704,48.70969557762146,0.06874704360961914,14.54608005659867,14.45297474458938,4518,2466,874,
705,48.777063608169556,0.0673680305480957,14.843836043063115,14.453514579379501,4517,2460,875,
706,48.84562945365906,0.06856584548950195,14.58452080421161,14.453698476130766,4513,2467,874,
707,48.912099838256836,0.06647038459777832,15.044293876906853,14.454501081284933,4499,2484,846,
708,48.983293533325195,0.07119369506835938,14.0461876440015,14.453907627063106,4489,2508,827,
709,49.05150842666626,0.06821489334106445,14.659555282160257,14.454193616899266,4511,2507,832,
710,49.11874508857727,0.06723666191101074,14.872838293541742,14.454766682651119,4510,2497,818,
711,49.18681597709656,0.06807088851928711,14.690567755945501,14.455093013767579,4511,2492,814,
712,49.25666642189026,0.06985044479370117,14.316301105217528,14.454896194184562,4501,2488,830,
713,49.32806873321533,0.07140231132507324,14.005148873224858,14.454245185558976,4497,2487,822,
714,49.39538526535034,0.06731653213500977,14.855191856799813,14.45479159974998,4493,2481,824,
715,49.468172550201416,0.07278728485107422,13.738663312500819,14.453737891255269,4502,2471,836,
716,49.53551912307739,0.06734657287597656,14.848565521538418,14.454274683606435,4498,2476,864,
717,49.60214281082153,0.06662368774414062,15.00967649584884,14.455020677928747,4491,2472,882,
718,49.66926336288452,0.06712055206298828,14.898566374447649,14.455620063343385,4496,2471,902,
719,49.73867392539978,0.06941056251525879,14.407029186374425,14.455552254537132,4494,2457,880,
720,49.806442737579346,0.06776881217956543,14.756050280921606,14.455961125221144,4507,2460,891,
721,49.871622800827026,0.06518006324768066,15.34211460028897,14.457119289650297,4504,2457,899,
722,49.93380618095398,0.062183380126953125,16.081467394638366,14.45914211673672,4515,2462,891,
723,49.99703311920166,0.06322693824768066,15.816043409893926,14.460858072842877,4495,2465,882,
724,50.0612006187439,0.06416749954223633,15.58421330321248,14.462297968317607,4483,2472,877,
725,50.12444281578064,0.06324219703674316,15.81222738702466,14.46400117931583,4473,2485,868,
726,50.18682336807251,0.06238055229187012,16.030637165909273,14.465948455742696,4480,2480,860,
727,50.25514602661133,0.06832265853881836,14.636432793841559,14.46618023187189,4485,2481,856,
728,50.327327489852905,0.07218146324157715,13.853972406366948,14.465302178955971,4492,2485,865,
729,50.398839712142944,0.07151222229003906,13.983623609740485,14.46461871272717,4496,2482,869,
730,50.46793007850647,0.06909036636352539,14.473797906041009,14.464631279000999,4487,2479,861,
731,50.53624248504639,0.06831240653991699,14.638629359597658,14.464866481046785,4490,2476,858,
732,50.60648727416992,0.07024478912353516,14.23593141181422,14.464548705668026,4503,2469,866,
733,50.67434620857239,0.06785893440246582,14.736453037548179,14.464912817681329,4507,2466,866,
734,50.741854667663574,0.06750845909118652,14.812958456795137,14.465375867858423,4504,2480,865,
735,50.80863046646118,0.06677579879760742,14.975485400495577,14.466046284895912,4510,2484,859,
736,50.87558341026306,0.06695294380187988,14.935863058674387,14.466664570013123,4515,2508,872,
737,50.94233536720276,0.06675195693969727,14.980834208402088,14.467338308845745,4521,2504,863,
738,51.008488178253174,0.06615281105041504,15.116515596561728,14.46818022563227,4516,2511,858,
739,51.07699775695801,0.06850957870483398,14.596499042978946,14.468352339666032,4523,2504,873,
740,51.14466333389282,0.06766557693481445,14.778563123216236,14.468762755734337,4506,2502,875,
741,51.220502853393555,0.07583951950073242,13.185737549277887,14.466863047419416,4502,2488,874,
742,51.296403884887695,0.07590103149414062,13.175051515303815,14.46495161074242,4522,2489,887,
743,51.365487813949585,0.06908392906188965,14.475146587336372,14.464965322459562,4539,2502,913,
744,51.43955183029175,0.07406401634216309,13.50183327056112,14.463578579661593,4541,2500,902,
745,51.509459018707275,0.06990718841552734,14.304680572418592,14.463362927757208,4522,2516,893,
746,51.576640605926514,0.06718158721923828,14.885030875150827,14.463912174890263,4522,2503,896,
747,51.644909381866455,0.0682687759399414,14.64798491304044,14.46415549839819,4517,2503,879,
748,51.71364712715149,0.06873774528503418,14.548047740776326,14.46426700791083,4533,2501,870,
749,51.78695726394653,0.07331013679504395,13.640678407076768,14.463101127616257,4526,2500,878,
750,51.85541319847107,0.06845593452453613,14.607937309534176,14.463292330338877,4502,2488,865,
751,51.92330884933472,0.06789565086364746,14.728483890790976,14.463639098563004,4516,2477,863,
752,51.98933291435242,0.0660240650177002,15.14599259727363,14.464505656167006,4515,2484,855,
753,52.0578670501709,0.06853413581848145,14.591268833513652,14.464672539777597,4523,2484,872,
754,52.12462663650513,0.06675958633422852,14.979122174208063,14.465331430728009,4529,2482,877,
755,52.19166588783264,0.06703925132751465,14.916634362674841,14.465911121185576,4510,2485,872,
756,52.25847387313843,0.06680798530578613,14.96827056560545,14.466553344731224,4505,2467,853,
757,52.32548642158508,0.06701254844665527,14.922578280932576,14.467137369748858,4503,2471,844,
758,52.3920259475708,0.06653952598571777,15.028661313497224,14.467850522874183,4503,2476,846,
759,52.462233781814575,0.07020783424377441,14.243424694284366,14.4675501839401,4505,2470,840,
760,52.531513690948486,0.06927990913391113,14.43419907013879,14.467506199634846,4490,2478,841,
761,52.600728273391724,0.0692145824432373,14.447822477584074,14.467480298841313,4498,2468,855,
762,52.66766571998596,0.06693744659423828,14.939320976221346,14.468079980063393,4498,2481,857,
763,52.73627686500549,0.06861114501953125,14.574891582341822,14.468218944487305,4501,2476,862,
764,52.80557060241699,0.06929373741149902,14.431318577341651,14.468170522240897,4493,2484,878,
765,52.87213182449341,0.06656122207641602,15.02376261739822,14.46886996233445,4508,2488,894,
766,52.9387571811676,0.06662535667419434,15.009300511367092,14.46955011389078,4497,2498,885,
767,53.00495409965515,0.06619691848754883,15.106443363947415,14.470345518231287,4487,2503,879,
768,53.07494807243347,0.06999397277832031,14.286944436874949,14.470103653269339,4494,2495,880,
769,53.1436448097229,0.06869673728942871,14.556732087389591,14.470215634500619,4492,2495,871,
770,53.21379017829895,0.0701453685760498,14.256108711095099,14.469933402977425,4481,2496,883,
771,53.28089499473572,0.06710481643676758,14.90205998763581,14.47047764637168,4491,2491,891,
772,53.3478901386261,0.06699514389038086,14.926454992562224,14.47105027010318,4483,2486,885,
773,53.419548749923706,0.07165861129760742,13.955056927448279,14.470358100902228,4476,2493,865,
774,53.48902177810669,0.0694730281829834,14.394075314611639,14.470259022699157,4464,2516,866,
775,53.55769729614258,0.06867551803588867,14.56122980357304,14.47037567195441,4475,2501,841,
776,53.623859167099,0.0661618709564209,15.114445609597013,14.471170334493866,4496,2523,830,
777,53.689271450042725,0.06541228294372559,15.287648664705733,14.472165090245078,4495,2507,816,
778,53.753411054611206,0.06413960456848145,15.590991037874367,14.47350009489788,4485,2488,799,
779,53.817875146865845,0.06446409225463867,15.512511927569143,14.47474464337647,4479,2496,788,
780,53.884520530700684,0.06664538383483887,15.004790166385838,14.475400213603002,4492,2501,806,
781,53.951457262039185,0.06693673133850098,14.939480611070941,14.47597599091211,4483,2495,793,
782,54.02110409736633,0.06964683532714844,14.35815418321238,14.475824088869826,4487,2476,784,
783,54.089547872543335,0.06844377517700195,14.610532475946968,14.475994546026932,4493,2470,788,
784,54.15512990951538,0.0655820369720459,15.248077769012363,14.476929541299956,4482,2497,794,
785,54.22131013870239,0.06618022918701172,15.110252900064847,14.47770254890389,4497,2494,807,
786,54.28827500343323,0.06696486473083496,14.933204211185918,14.478264412532777,4490,2489,799,
787,54.35538840293884,0.06711339950561523,14.900154177353691,14.478785326045966,4473,2512,800,
788,54.4233763217926,0.06798791885375977,14.708495521843725,14.479072289465131,4477,2491,790,
789,54.49500012397766,0.0716238021850586,13.96183907433791,14.478392480135843,4484,2469,798,
790,54.564488649368286,0.069488525390625,14.39086517347387,14.478281013069589,4500,2461,815,
791,54.63741493225098,0.07292628288269043,13.712477319166327,14.477258870699139,4496,2463,833,
792,54.70750164985657,0.07008671760559082,14.268038712091576,14.476990835169612,4495,2459,840,
793,54.77677035331726,0.06926870346069336,14.436534106163133,14.476939675067502,4497,2449,844,
794,54.8430335521698,0.06626319885253906,15.091333007109755,14.477682005768376,4479,2448,816,
795,54.91269373893738,0.06966018676757812,14.355402223317453,14.477526886215802,4472,2447,821,
796,54.98349571228027,0.07080197334289551,14.123900122910108,14.477071522795478,4472,2448,813,
797,55.05222678184509,0.06873106956481934,14.549460765439036,14.477161898614272,4480,2443,821,
798,55.11829900741577,0.06607222557067871,15.134952566873672,14.477950415208474,4483,2454,819,
799,55.18656086921692,0.06826186180114746,14.649468584860518,14.478162571019759,4478,2464,825,
800,55.25467085838318,0.06810998916625977,14.68213418091951,14.478413997802773,0,0,0,
801,55.30550980567932,0.05083894729614258,19.669958824577694,14.483186265064413,4503,2473,818,
802,55.38233017921448,0.07682037353515625,13.017380077465488,14.481153057387939,4506,2470,809,
803,55.45116305351257,0.0688328742980957,14.527941920154067,14.481211137538686,4506,2455,825,
804,55.516969442367554,0.06580638885498047,15.19609292349608,14.482058514282492,4501,2465,818,
805,55.586414098739624,0.06944465637207031,14.39995605482161,14.48195594286865,4496,2475,823,
806,55.653359174728394,0.06694507598876953,14.937618416741456,14.482504056394786,4489,2468,838,
807,55.72010040283203,0.0667412281036377,14.983242418721623,14.48310383803586,4466,2468,841,
808,55.78869557380676,0.06859517097473145,14.578285698396645,14.483220869199933,4481,2471,864,
809,55.856223583221436,0.06752800941467285,14.808669893691766,14.483614324456662,4493,2476,880,
810,55.92170739173889,0.06548380851745605,15.270950524104435,14.484536287954224,4498,2480,877,
811,55.99112391471863,0.06941652297973633,14.405792123755813,14.484438662728985,4498,2470,856,
812,56.05849075317383,0.0673668384552002,14.844098712826085,14.484870874873268,4502,2455,824,
813,56.12840676307678,0.0699160099029541,14.302875713131161,14.484644173702426,4511,2439,784,
814,56.19660687446594,0.06820011138916016,14.66273265000769,14.484860301589796,4559,2462,755,
815,56.265485763549805,0.0688788890838623,14.518236477107916,14.484901159921693,4591,2497,718,
816,56.33265948295593,0.06717371940612793,14.886774304606615,14.48538037240883,4649,2477,582,
817,56.39984107017517,0.06718158721923828,14.885030875150827,14.485856422599712,4593,2467,553,
818,56.46594023704529,0.06609916687011719,15.128783725292166,14.486609034862743,4560,2435,482,
819,56.53588080406189,0.06994056701660156,14.297853772941721,14.48637552563182,4593,2392,355,
820,56.60603165626526,0.07015085220336914,14.25499432424533,14.486088779008075,4543,2345,270,
821,56.673598766326904,0.06756711006164551,14.800100212775718,14.486463148124697,4518,2322,190,
822,56.74006128311157,0.06646251678466797,15.046074815973368,14.487118649705524,4484,2306,104,
823,56.8054301738739,0.0653688907623291,15.29779667878779,14.488051538046731,4457,2302,49,
824,56.86948561668396,0.0640554428100586,15.611475873568866,14.489316916878545,4430,2306,-7,
825,56.935194969177246,0.06570935249328613,15.218533771157999,14.490158511736485,4408,2302,-61,
826,57.00469446182251,0.06949949264526367,14.388594246351655,14.490034685708089,4384,2308,-89,
827,57.07177996635437,0.06708550453186035,14.906349843803865,14.490524046867696,4381,2324,-95,
828,57.14051079750061,0.06873083114624023,14.549511235682223,14.49059499895506,4352,2317,-93,
829,57.20530962944031,0.06479883193969727,15.432376943624764,14.491661794508687,4327,2313,-81,
830,57.27091431617737,0.06560468673706055,15.242813428984686,14.492522249911927,4317,2319,-77,
831,57.3413622379303,0.07044792175292969,14.1948829023961,14.492156578908553,4317,2323,-42,
832,57.408626317977905,0.06726408004760742,14.866775837746255,14.492595509805005,4345,2315,-37,
833,57.47796654701233,0.06934022903442383,14.421642586492638,14.492509913667064,4368,2315,-27,
834,57.54775953292847,0.0697929859161377,14.328087369719164,14.49231050468247,4372,2305,-21,
835,57.61450004577637,0.06674051284790039,14.983402993605544,14.492879385164649,4384,2298,-12,
836,57.67865777015686,0.06415772438049316,15.58658773602084,14.494095950210362,4379,2295,-43,
837,57.74723505973816,0.06857728958129883,14.582086957731006,14.494200443261796,4386,2328,-49,
838,57.81692457199097,0.06968951225280762,14.349361441537603,14.494025861866122,4339,2326,-62,
839,57.88606548309326,0.06914091110229492,14.463216987703364,14.493989062791737,4320,2339,-59,
840,57.95534157752991,0.06927609443664551,14.434993891211949,14.493918543751276,4300,2352,-69,
841,58.02138924598694,0.06604766845703125,15.140579877555735,14.49465465975839,4281,2366,-76,
842,58.08684992790222,0.0654606819152832,15.276345597715634,14.495535582409717,4282,2374,-76,
843,58.15471863746643,0.06786870956420898,14.734330539376524,14.495814264964796,4310,2397,-77,
844,58.222482204437256,0.0677635669708252,14.757192466425774,14.496118475960083,4349,2417,-72,
845,58.289053201675415,0.06657099723815918,15.02155655596503,14.49671857040409,4371,2428,-49,
846,58.35827660560608,0.06922340393066406,14.445981318711597,14.496658386905322,4361,2410,-23,
847,58.42966938018799,0.07139277458190918,14.007019699909499,14.496060117827675,4360,2394,-4,
848,58.50017809867859,0.07050871849060059,14.182643244796862,14.495682364754284,4375,2372,0,
849,58.569167137145996,0.06898903846740723,14.495056348298492,14.495681627365048,4395,2339,-7,
850,58.638654470443726,0.06948733329772949,14.391112056572117,14.495557711482528,4392,2309,25,
851,58.70627450942993,0.06762003898620605,14.788515578998586,14.495895151093341,4388,2269,59,
852,58.77373242378235,0.06745791435241699,14.824057482354855,14.496271801435647,4348,2214,92,
853,58.84512209892273,0.07138967514038086,14.00762782620312,14.495678988753696,4319,2159,103,
854,58.91725945472717,0.07213735580444336,13.862443235525472,14.494903664964683,4181,2065,108,
855,58.98550224304199,0.06824278831481934,14.65356303125797,14.495087224604532,4257,2044,73,
856,59.05307149887085,0.06756925582885742,14.79963021248668,14.495435686463278,4255,2023,35,
857,59.121931076049805,0.06885957717895508,14.522308166388521,14.495466984960666,4365,1992,156,
858,59.188926219940186,0.06699514389038086,14.926454992562224,14.495954814448854,4448,1992,281,
859,59.25569820404053,0.0667719841003418,14.976340953074676,14.49649613514176,4485,1969,393,
860,59.32294678688049,0.06724858283996582,14.870201835773113,14.496919768493234,4522,1954,550,
861,59.39190340042114,0.06895661354064941,14.501872244792116,14.496925518536164,4550,1925,616,
862,59.46063709259033,0.06873369216918945,14.548905615872906,14.496985605077176,4552,1884,653,
863,59.532026529312134,0.07138943672180176,14.007674607335963,14.496398834584937,4530,1871,671,
864,59.602731227874756,0.07070469856262207,14.143331636076708,14.495980002942014,4516,1867,662,
865,59.66787123680115,0.0651400089263916,15.351548402917826,14.496914035480067,4521,1894,666,
866,59.73579144477844,0.06792020797729492,14.723158685472377,14.497171277969196,4528,1924,681,
867,59.805747270584106,0.06995582580566406,14.294735120102516,14.496934484864138,4529,1965,708,
868,59.87315583229065,0.06740856170654297,14.834910798919118,14.497314997581475,4532,1985,716,
869,59.94050741195679,0.0673515796661377,14.847461707015748,14.497708436593147,4559,2014,727,
870,60.012179136276245,0.07167172431945801,13.952503717404104,14.49705730605775,4573,2013,719,
871,60.08525514602661,0.07307600975036621,13.684381555808589,14.49606892544915,4591,2019,719,
872,60.154115200042725,0.06886005401611328,14.522207603351568,14.496098847105653,4600,2016,697,
873,60.22198271751404,0.06786751747131348,14.734589347881837,14.496367615377599,4585,2015,685,
874,60.288859844207764,0.06687712669372559,14.952795513773472,14.496873920961525,4570,2007,679,
875,60.35447955131531,0.06561970710754395,15.239324344454982,14.497681141563769,4570,1968,644,
876,60.421154260635376,0.06667470932006836,14.998190621267709,14.49823345348961,4556,1947,607,
877,60.488009452819824,0.06685519218444824,14.957701374054514,14.498741286635546,4559,1936,605,
878,60.555540323257446,0.06753087043762207,14.808042507369946,14.49908621594428,4542,1940,595,
879,60.625975131988525,0.0704348087310791,14.197525598713717,14.49873586505344,4546,1941,595,
880,60.693482637405396,0.06750750541687012,14.813167718534896,14.499085597992295,4544,1953,590,
881,60.765005350112915,0.07152271270751953,13.981572596237182,14.49847646558897,4544,1956,578,
882,60.83412218093872,0.06911683082580566,14.468255966774406,14.49844213049825,4534,1953,574,
883,60.90313935279846,0.06901717185974121,14.489147744741414,14.498431597835632,4527,1954,574,
884,60.96869492530823,0.06555557250976562,15.254233343031714,14.49924426105847,4512,1934,574,
885,61.03638815879822,0.06769323348999023,14.772525235448674,14.49954734702679,4509,1931,569,
886,61.1052463054657,0.06885814666748047,14.522609863856072,14.499573335665447,4513,1925,578,
887,61.170281648635864,0.06503534317016602,15.376254683295574,14.500505410371618,4523,1925,595,
888,61.237762689590454,0.06748104095458984,14.818977091253409,14.500856350699882,4506,1925,599,
889,61.305713415145874,0.06795072555541992,14.716546318323124,14.501095419605186,4504,1935,601,
890,61.37122321128845,0.06550979614257812,15.264892563908461,14.501910723465846,4507,1943,583,
891,61.44051694869995,0.06929373741149902,14.431318577341651,14.501831108353867,4510,1953,596,
892,61.5108003616333,0.07028341293334961,14.22810814478103,14.501518347278333,4533,1946,600,
893,61.580984354019165,0.07018399238586426,14.248263257839543,14.501229711858564,4537,1946,604,
894,61.651400089263916,0.07041573524475098,14.201371277658332,14.500887225684965,4532,1946,600,
895,61.717997312545776,0.06659722328186035,15.015641054097498,14.501442674292157,4536,1953,614,
896,61.78786778450012,0.0698704719543457,14.312197585460899,14.501228673645334,4538,1946,619,
897,61.85424852371216,0.06638073921203613,15.064610787261019,14.501833284032708,4536,1936,611,
898,61.924453258514404,0.0702047348022461,14.24405352170074,14.501541035027678,4526,1942,603,
899,61.992735385894775,0.0682821273803711,14.645120741909803,14.50169918142618,4515,1942,594,
900,62.06302857398987,0.07029318809509277,14.226129545400585,14.501387068583742,4525,1946,586,
901,62.134243965148926,0.07121539115905762,14.041908409469064,14.500860435436707,4530,1968,603,
902,62.2039098739624,0.06966590881347656,14.35422313483915,14.500696207483307,4540,1968,611,
903,62.27645969390869,0.07254981994628906,13.783631727002655,14.499860853334974,4549,1966,616,
904,62.34792900085449,0.07146930694580078,13.992020389372973,14.499278716821701,4558,1980,631,
905,62.417999505996704,0.07007050514221191,14.27133995923742,14.499022832557356,4544,1972,622,
906,62.486350536346436,0.06835103034973145,14.630357360866457,14.499166493536968,4537,1984,630,
907,62.553093671798706,0.06674313545227051,14.982814235856841,14.49968253782642,4523,1986,616,
908,62.62086749076843,0.06777381896972656,14.754960177862833,14.499958821775463,4535,1979,629,
909,62.689876556396484,0.06900906562805176,14.490849729655029,14.499948794479662,4549,1978,628,
910,62.76003432273865,0.07015776634216309,14.25358947608092,14.49967339597673,4551,1981,619,
911,62.83084487915039,0.07081055641174316,14.12218814078067,14.49924796892718,4561,1982,613,
912,62.89835047721863,0.0675055980682373,14.813586259752277,14.49958533221504,4573,1985,621,
913,62.966880559921265,0.06853008270263672,14.592131813690699,14.499686055293155,4563,1997,624,
914,63.03372406959534,0.06684350967407227,14.960315591984648,14.500174525478702,4549,1989,611,
915,63.10248041152954,0.0687563419342041,14.544112904624027,14.500222400652559,4550,1987,627,
916,63.17024350166321,0.06776309013366699,14.757296310239639,14.500498165340817,4526,1986,619,
917,63.23926544189453,0.06902194023132324,14.488146763892104,14.500484684512307,4513,1979,610,
918,63.30956315994263,0.0702977180480957,14.225212820078006,14.500179027942481,4505,1991,621,
919,63.37921094894409,0.06964778900146484,14.357957579657953,14.500022739953513,4508,1995,622,
920,63.45038175582886,0.07117080688476562,14.050704829286595,14.49951875057843,4518,1993,613,
921,63.51753902435303,0.06715726852416992,14.890420977144116,14.499932052576577,4529,2008,625,
922,63.583773136138916,0.06623411178588867,15.097960447218563,14.500555008365266,4529,2000,626,
923,63.65185594558716,0.06808280944824219,14.687995517579493,14.500755497043595,4517,1989,616,
924,63.71786665916443,0.06601071357727051,15.149056051779,14.501427126281584,4505,1961,612,
925,63.783398389816284,0.06553173065185547,15.25978316233719,14.502206269205097,4495,1966,625,
926,63.85251975059509,0.0691213607788086,14.467307771906345,14.502168491030769,4492,1961,626,
927,63.91994547843933,0.06742572784423828,14.83113393021315,14.502515499057864,4477,1965,636,
928,63.98580598831177,0.06586050987243652,15.183605501033526,14.503216544142884,4459,1967,643,
929,64.05251026153564,0.06670427322387695,14.991543295041069,14.503725087537692,4460,1959,647,
930,64.12475800514221,0.07224774360656738,13.841262717429686,14.502978707934034,4456,1939,627,
931,64.194828748703,0.07007074356079102,14.271291400417832,14.502725813702089,4461,1938,633,
932,64.2640585899353,0.0692298412322998,14.44463806647358,14.502663237425296,4475,1938,640,
933,64.33357667922974,0.0695180892944336,14.384745181425338,14.502535816592045,4494,1954,642,
934,64.40347456932068,0.06989789009094238,14.306583484836597,14.502323147094947,4508,1978,662,
935,64.46864151954651,0.06516695022583008,15.345201770753302,14.503175155575654,4505,1973,660,
936,64.53751587867737,0.06887435913085938,14.519191359734146,14.503192248049421,4515,1984,667,
937,64.60724353790283,0.06972765922546387,14.341511117797708,14.503017752959767,4498,1986,672,
938,64.67438268661499,0.0671391487121582,14.894439670172797,14.503424092119374,4484,1972,654,
939,64.74171781539917,0.06733512878417969,14.851089142565788,14.503785683867871,4492,1964,644,
940,64.81085443496704,0.0691366195678711,14.464114766535623,14.503743365136797,4492,1970,652,
941,64.87759685516357,0.0667424201965332,14.982974801563204,14.504236371466437,4493,1959,632,
942,64.94608855247498,0.06849169731140137,14.600309807675572,14.504337689850024,4494,1965,633,
943,65.01600646972656,0.06991791725158691,14.302485533167154,14.504120618960034,4507,1987,632,
944,65.08169627189636,0.0656898021697998,15.223063047368097,14.504846278993483,4503,1975,621,
945,65.15197730064392,0.0702810287475586,14.228590813488024,14.504548275477438,4489,1970,626,
946,65.22180485725403,0.06982755661010742,14.320993724349387,14.504351758900842,4473,1962,626,
947,65.29197406768799,0.07016921043395996,14.251264818508313,14.504079766653218,4489,2001,642,
948,65.36224865913391,0.07027459144592285,14.229894182586776,14.50378497447125,4497,1992,662,
949,65.43133020401001,0.06908154487609863,14.475646162713245,14.503755265880867,4498,1981,658,
950,65.50062775611877,0.06929755210876465,14.430524160946828,14.503677789733173,4487,1967,643,
951,65.56970429420471,0.0690765380859375,14.47669538325602,14.503649364239283,4475,1953,658,
952,65.63686633110046,0.06716203689575195,14.88936378675035,14.504044041312154,4471,1942,668,
953,65.70523381233215,0.06836748123168945,14.626836940373979,14.50417180953905,4477,1947,673,
954,65.77237486839294,0.06714105606079102,14.894016547707823,14.504569766697701,4467,1950,673,
955,65.84071636199951,0.06834149360656738,14.63239896038654,14.50470245112925,4475,1924,670,
956,65.9109046459198,0.07018828392028809,14.247392073806605,14.504428442239277,4474,1937,659,
957,65.9768123626709,0.06590771675109863,15.172730133809873,14.505096044037773,4494,1941,640,
958,66.04564476013184,0.0688323974609375,14.528042562624695,14.505119958769674,4504,1972,662,
959,66.11591696739197,0.07027220726013184,14.23037697248111,14.504827944426362,4521,1984,675,
960,66.18064880371094,0.06473183631896973,15.44834901751349,14.505750810139686,4522,1982,677,
961,66.24879884719849,0.06815004348754883,14.673504943290348,14.505923378573655,4533,1976,686,
962,66.31500697135925,0.0662081241607666,15.103886610226255,14.506520378041694,4517,1972,686,
963,66.3813681602478,0.0663611888885498,15.06904889361534,14.507082735554228,4490,1977,705,
964,66.44889068603516,0.06752252578735352,14.80987253274955,14.507390417619018,4495,1979,723,
965,66.51507115364075,0.06618046760559082,15.110198464592317,14.5079901932448,4499,1965,720,
966,66.5819456577301,0.06687450408935547,14.953381914635711,14.50843754199977,4498,1977,726,
967,66.65138530731201,0.06943964958190918,14.400994331349935,14.50832560405785,4505,1959,713,
968,66.72060537338257,0.06922006607055664,14.446677918230979,14.508261646951013,4512,1966,705,
969,66.78686809539795,0.06626272201538086,15.091441606758634,14.508840250090577,4498,1985,711,
970,66.85294246673584,0.06607437133789062,15.134461058830322,14.5094585849029,4491,1993,709,
971,66.91800999641418,0.06506752967834473,15.368648616958518,14.510294015796813,4502,1984,723,
972,66.9837293624878,0.0657193660736084,15.216214941573824,14.510986611986688,4501,1974,738,
973,67.05121684074402,0.06748747825622559,14.81756358125223,14.511295183665505,4485,1971,749,
974,67.1181652545929,0.06694841384887695,14.936873668990962,14.511719685802186,4491,1969,749,
975,67.18908667564392,0.07092142105102539,14.100112281739761,14.511285213725609,4469,1963,761,
976,67.25886797904968,0.06978130340576172,14.330486121550887,14.511097634054918,4428,1962,791,
977,67.32678580284119,0.0679178237915039,14.723675526910709,14.511312078093749,4405,1955,815,
978,67.39282512664795,0.0660393238067627,15.142493023188646,14.511930582552278,4400,1955,809,
979,67.4597647190094,0.0669395923614502,14.938842092141114,14.512354202209792,4395,1944,807,
980,67.52821803092957,0.06845331192016602,14.608496973327668,14.512451662076085,4375,1945,820,
981,67.59402227401733,0.06580424308776855,15.196588442879245,14.51311768403357,4370,1937,806,
982,67.66080808639526,0.06678581237792969,14.973240039982864,14.51357185604547,4384,1950,797,
983,67.72963070869446,0.06882262229919434,14.530106040607906,14.513588657051576,4393,1954,809,
984,67.79719090461731,0.06756019592285156,14.801614861240507,14.513875676418106,4408,1961,825,
985,67.86398768424988,0.06679677963256836,14.970781608046659,14.514325397188566,4428,1954,817,
986,67.93159246444702,0.06760478019714355,14.791853432314719,14.514601590063377,4449,1951,813,
987,67.99950289726257,0.06791043281555176,14.725277965994586,14.514811990481967,4480,1941,784,
988,68.06777596473694,0.06827306747436523,14.647064164437522,14.514944641526725,4507,1941,777,
989,68.13694429397583,0.0691683292388916,14.457483808033421,14.514886310911951,4544,1932,751,
990,68.20662307739258,0.06967878341674805,14.351570893811548,14.514719470522216,4548,1927,726,
991,68.27867460250854,0.0720515251159668,13.878956738119031,14.514048577673927,4566,1909,708,
992,68.34837865829468,0.06970405578613281,14.346367492132988,14.513877570665857,4597,1904,700,
993,68.41684937477112,0.06847071647644043,14.604783642713633,14.513968548311597,4589,1885,675,
994,68.48162031173706,0.06477093696594238,15.439023223113422,14.514843478807677,4592,1847,663,
995,68.54625844955444,0.06463813781738281,15.470742718876332,14.515744878070258,4602,1819,659,
996,68.61203598976135,0.06577754020690918,15.202757610795567,14.516403508979508,4646,1779,644,
997,68.68209338188171,0.07005739212036133,14.274011203299732,14.5161562629803,4707,1738,640,
998,68.75267720222473,0.07058382034301758,14.167552778246918,14.515798374869775,4751,1689,626,
999,68.8232901096344,0.07061290740966797,14.16171684021447,14.515435086125771,4758,1608,587,
1000,68.89230275154114,0.06901264190673828,14.490098804670767,14.515409705587606,4784,1527,537,
1001,68.95999026298523,0.0676875114440918,14.773774048791484,14.515663302483004,4802,1423,436,
1002,69.02269721031189,0.06270694732666016,15.947196325642937,14.516963846644675,4812,1324,347,
1003,69.09038972854614,0.06769251823425293,14.772681325570666,14.517214390319028,4811,1243,304,
1004,69.16159248352051,0.07120275497436523,14.044400393777249,14.516727622187537,4806,1174,290,
1005,69.22995281219482,0.0683603286743164,14.628367349785856,14.516837859565458,4806,1093,258,
1006,69.29645848274231,0.06650567054748535,15.036311817741849,14.517336412661487,4818,1016,221,
1007,69.36476612091064,0.06830763816833496,14.639651242744405,14.517456863397838,4831,915,149,
1008,69.42977952957153,0.06501340866088867,15.381442391615264,14.518265891520981,4866,850,114,
1009,69.49804520606995,0.06826567649841309,14.648649970139036,14.518393963574017,4897,780,86,
1010,69.56730127334595,0.06925606727600098,14.43916813836361,14.518315092193635,4925,733,96,
1011,69.63233518600464,0.0650339126586914,15.376592905430176,14.519116690534318,4952,681,112,
1012,69.69798064231873,0.06564545631408691,15.233346771411034,14.51978939237073,4973,622,151,
1013,69.76353073120117,0.06555008888244629,15.255509443981712,14.520480677835648,4977,545,155,
1014,69.83139538764954,0.06786465644836426,14.735210525391278,14.520689360008653,4969,494,178,
1015,69.89720106124878,0.06580567359924316,15.196258093033197,14.521325383409652,4951,460,239,
1016,69.96740174293518,0.07020068168640137,14.244875918259222,14.521048012227903,4970,366,326,
1017,70.03661561012268,0.0692138671875,14.447971781305114,14.520975794452992,5006,309,384,
1018,70.10866260528564,0.07204699516296387,13.879829377173737,14.520316921909886,5028,253,493,
1019,70.17785668373108,0.06919407844543457,14.452103741631378,14.520249664966311,5082,187,574,
1020,70.24757075309753,0.06971406936645508,14.344306810486932,14.520075058325395,5087,-17,408,
1021,70.31323790550232,0.06566715240478516,15.228313751688281,14.520736498753989,5047,-182,293,
1022,70.38035249710083,0.06711459159851074,14.899889520033819,14.521098058468791,5055,-235,318,
1023,70.4502317905426,0.06987929344177246,14.310390828912128,14.520889058839545,5071,-267,325,
1024,70.51702189445496,0.06679010391235352,14.97227794872527,14.521316591228896,5067,-298,327,
1025,70.58157801628113,0.06455612182617188,15.490397683625835,14.522202943147038,5056,-343,330,
1026,70.6456458568573,0.06406784057617188,15.60845489729086,14.52318805434787,5077,-427,283,
1027,70.71137523651123,0.06572937965393066,15.213896818516517,14.523830098975605,5004,-558,201,
1028,70.78020429611206,0.06882905960083008,14.528747098964287,14.52383488043235,4978,-606,159,
1029,70.8439347743988,0.06373047828674316,15.691079478498345,14.524884921720277,4957,-717,62,
1030,70.91415739059448,0.07022261619567871,14.240426434888892,14.524603237217784,4908,-768,4,
1031,70.97767949104309,0.0635221004486084,15.742552480754867,14.52569325163843,4887,-837,9,
1032,71.0428078174591,0.06512832641601562,15.354302114449716,14.526452876858016,4825,-983,-183,
1033,71.10709619522095,0.06428837776184082,15.55491108679931,14.527382712464458,4802,-1063,-167,
1034,71.17483925819397,0.06774306297302246,14.761659070512257,14.527605692919934,4774,-1130,-138,
1035,71.24222302436829,0.0673837661743164,14.840369673210015,14.527901517699412,4738,-1126,-124,
1036,71.30450868606567,0.062285661697387695,16.05505942697468,14.529235515263498,4708,-1226,-48,
1037,71.37051033973694,0.06600165367126465,15.151135530341616,14.52981063276256,4701,-1311,46,
1038,71.43060374259949,0.06009340286254883,16.640761753620314,14.531586541539504,4594,-1345,-27,
1039,71.49481701850891,0.06421327590942383,15.573103627520142,14.532521983111291,4322,-1433,-184,
1040,71.55918312072754,0.06436610221862793,15.536127954484,14.53342470728621,4376,-1419,-147,
1041,71.62198114395142,0.06279802322387695,15.924068126077284,14.534644020914715,4395,-1475,-428,
1042,71.6920645236969,0.0700833797454834,14.268718255763716,14.534384062207891,4462,-1581,-437,
1043,71.75926756858826,0.06720304489135742,14.880278142406073,14.534707994379817,4438,-1546,-318,
1044,71.82606959342957,0.0668020248413086,14.969606121604066,14.535112472526299,4469,-1469,-248,
1045,71.88954615592957,0.0634765625,15.753846153846155,14.536188582041934,4457,-1412,-182,
1046,71.95573496818542,0.06618881225585938,15.108293470116996,14.53671483534258,4502,-1393,-140,
1047,72.02516722679138,0.06943225860595703,14.402527298949249,14.536585478562344,4543,-1360,-37,
1048,72.09057188034058,0.06540465354919434,15.28943195529423,14.537268503564116,4652,-1359,87,
1049,72.15875482559204,0.06818294525146484,14.666424225470312,14.537390543052421,4689,-1347,138,
1050,72.2259042263031,0.06714940071105957,14.892165669548545,14.53772038228928,4734,-1341,205,
1051,72.29218792915344,0.0662837028503418,15.086664700338831,14.538223701708725,4767,-1336,251,
1052,72.35841107368469,0.06622314453125,15.100460829493088,14.538738266774786,4803,-1342,280,
