Index,Time,Difference,Hz,AveHz,0x6103 Range,0x6103 Smoothed Range,0x6103 Velocity,
0,0.0,0.0,0,0,,0,,
1,0.008296012878417969,0.008296012878417969,120.53983216461663,120.53983216461663,,0,0,
2,0.017174959182739258,0.008878946304321289,112.62597674605945,116.4486028013382,,0,0,
3,0.027274131774902344,0.010099172592163086,99.01801270096084,109.99433546627505,,0,0,
4,0.03430509567260742,0.007030963897705078,142.228009494744,116.60075337419902,,0,0,
5,0.041604042053222656,0.007298946380615234,137.00607565166263,120.18063037249284,,0,0,
6,0.04964804649353027,0.008044004440307617,124.31619194404102,120.85067638626771,,0,0,
7,0.057121992111206055,0.007473945617675781,133.79813704223554,122.54474574997809,,0,0,
8,0.06445598602294922,0.007333993911743164,136.35135398719157,124.1157027238966,,0,0,
9,0.0724630355834961,0.008007049560546875,124.88994759409242,124.20125554400326,,0,0,
10,0.08048510551452637,0.008022069931030273,124.65610604214343,124.2465911682895,,0,0,
11,0.08847498893737793,0.007989883422851562,125.15827166388159,124.32892201643263,,0,0,
12,0.09764790534973145,0.009172916412353516,109.01658262722877,122.89050089729346,,0,0,
13,0.1055910587310791,0.007943153381347656,125.89458518429583,123.11648501516208,,0,0,
14,0.113555908203125,0.007964849472045898,125.55165085161792,123.2872883633432,,0,0,
15,0.12156200408935547,0.008006095886230469,124.90482430017867,123.39381957683165,,0,0,
16,0.12956905364990234,0.008007049560546875,124.88994759409242,123.48627661688613,,0,0,
17,0.13863801956176758,0.009068965911865234,110.26615489773384,122.62148618204957,,0,0,
18,0.14764404296875,0.009006023406982422,111.0367977974268,121.91484084332369,,0,0,
19,0.15665006637573242,0.009006023406982422,111.0367977974268,121.2894474900995,,0,0,
20,0.16367697715759277,0.0070269107818603516,142.31004648322192,122.19189495871152,,0,0,
21,0.17070603370666504,0.007029056549072266,142.26660335119735,123.01849878420599,,0,0,
22,0.1787109375,0.008004903793334961,124.92342516753537,123.10382513661202,,0,0,
23,0.18707013130187988,0.008359193801879883,119.62876130173127,122.9485425596046,,0,0,
24,0.19585108757019043,0.008780956268310547,113.88281292424654,122.5420818324469,,0,0,
25,0.20387911796569824,0.008028030395507812,124.56355428842956,122.62168018701229,,0,0,
26,0.21188712120056152,0.008008003234863281,124.87507443134453,122.70684434562556,,0,0,
27,0.21989011764526367,0.008002996444702148,124.95319808144905,122.78860136660428,,0,0,
28,0.22800111770629883,0.008111000061035156,123.28935920047032,122.80641551971858,,0,0,
29,0.23562002182006836,0.007618904113769531,131.25247214920515,123.07952344621164,,0,0,
30,0.24401497840881348,0.008394956588745117,119.11913890545569,122.94327256312575,,0,0,
31,0.25103092193603516,0.00701594352722168,142.53250416284365,123.49076265552284,,0,0,
32,0.2590351104736328,0.008004188537597656,124.93458834743238,123.5353768896023,,0,0,
33,0.26604199409484863,0.00700688362121582,142.71679880227296,124.04056777681092,,0,0,
34,0.2732059955596924,0.00716400146484375,139.58679446219384,124.44822058296077,,0,0,
35,0.2806251049041748,0.007419109344482422,134.78706857767207,124.7215569396454,,0,0,
36,0.2890970706939697,0.008471965789794922,118.03635954297293,124.52564778184355,,0,0,
37,0.2971029281616211,0.008005857467651367,124.90854403049525,124.53596546134463,,0,0,
38,0.30526208877563477,0.008159160614013672,122.5616270235521,124.48319459652816,,0,0,
39,0.3123900890350342,0.007128000259399414,140.29180185302874,124.84390948659768,,0,0,
40,0.31970810890197754,0.007318019866943359,136.64898677265916,125.1141240595308,,0,0,
41,0.3277139663696289,0.008005857467651367,124.90854403049525,125.10910186157906,,0,0,
42,0.3366880416870117,0.008974075317382812,111.43209351753454,124.74455519582601,,0,0,
43,0.34372997283935547,0.00704193115234375,142.0065005417118,125.09819741584288,,0,0,
44,0.3517630100250244,0.008033037185668945,124.48591695604428,125.08421507102138,,0,0,
45,0.360882043838501,0.009119033813476562,109.66074043087221,124.69448333134035,,0,0,
46,0.3681471347808838,0.0072650909423828125,137.64452612234183,124.95004212752757,,0,0,
47,0.3761270046234131,0.007979869842529297,125.31532715864954,124.95779197523312,,0,0,
48,0.3851759433746338,0.009048938751220703,110.51019655372293,124.61837460423573,,0,0,
49,0.39319491386413574,0.008018970489501953,124.70428732829875,124.62012674185155,,0,0,
50,0.4012179374694824,0.00802302360534668,124.64128852040058,124.6205499070019,,0,0,
51,0.41023898124694824,0.00902104377746582,110.85191743531463,124.31778141848481,,0,0,
52,0.41724109649658203,0.007002115249633789,142.81398753788008,124.62818364879351,,0,0,
53,0.42424511909484863,0.0070040225982666016,142.77509616366547,124.9277778683195,,0,0,
54,0.43123507499694824,0.006989955902099609,143.0624189917457,125.2217250658058,,0,0,
55,0.4382460117340088,0.007010936737060547,142.63429232129496,125.50028643131606,,0,0,
56,0.445310115814209,0.007064104080200195,141.56076816632353,125.75505925260445,,0,0,
57,0.4533119201660156,0.00800180435180664,124.97181336034801,125.74123349574613,,0,0,
58,0.46128201484680176,0.007970094680786133,125.46902390140298,125.736530220591,,0,0,
59,0.46931004524230957,0.008028030395507812,124.56355428842956,125.71646526239961,,0,0,
60,0.47729992866516113,0.007989883422851562,125.15827166388159,125.70712123883771,,0,0,
61,0.4842979907989502,0.0069980621337890625,142.8967020986645,125.95550912645295,,0,0,
62,0.49228692054748535,0.007988929748535156,125.17321236719589,125.94281385954385,,0,0,
63,0.4993429183959961,0.007055997848510742,141.7233992228417,126.16580245569605,,0,0,
64,0.5073339939117432,0.00799107551574707,125.13960079959423,126.14963863654201,,0,0,
65,0.5153720378875732,0.008038043975830078,124.40837634217239,126.12248089055143,,0,0,
66,0.52236008644104,0.006988048553466797,143.10146707608325,126.3496230151757,,0,0,
67,0.530364990234375,0.008004903793334961,124.92342516753537,126.32809712871857,,0,0,
68,0.5383670330047607,0.008002042770385742,124.96808986085868,126.30788259911651,,0,0,
69,0.5453729629516602,0.007005929946899414,142.73622596562873,126.51892317242707,,0,0,
70,0.5523800849914551,0.007007122039794922,142.7119428376999,126.72433692297732,,0,0,
71,0.5595381259918213,0.007158041000366211,139.7030276787796,126.89037029272568,,0,0,
72,0.567655086517334,0.008116960525512695,123.19882508444705,126.8375844947201,,0,0,
73,0.5756089687347412,0.007953882217407227,125.72476844219298,126.82220737536963,,0,0,
74,0.5826699733734131,0.007061004638671875,141.62290653700703,127.00156757962188,,0,0,
75,0.5906469821929932,0.007977008819580078,125.36027258054875,126.97940099775849,,0,0,
76,0.5997860431671143,0.009139060974121094,109.4204320150266,126.7118514440401,,0,0,
77,0.607248067855835,0.007462024688720703,134.011885743498,126.80155619413243,,0,0,
78,0.6153080463409424,0.008059978485107422,124.06981009288292,126.76577279273897,,0,0,
79,0.6243150234222412,0.009006977081298828,111.02504102917041,126.53868165298043,,0,0,
80,0.6332850456237793,0.008970022201538086,111.48244424952821,126.32542099774489,,0,0,
81,0.6404259204864502,0.0071408748626708984,140.03886347701246,126.47832857619909,,0,0,
82,0.6484670639038086,0.008041143417358398,124.36042339965013,126.45206605614685,,0,0,
83,0.6564021110534668,0.007935047149658203,126.02319572141097,126.4468815720175,,0,0,
84,0.6634089946746826,0.00700688362121582,142.71679880227296,126.61872340333774,,0,0,
85,0.6714119911193848,0.008002996444702148,124.95319808144905,126.59887092318257,,0,0,
86,0.6806111335754395,0.009199142456054688,108.70578478125648,126.35702790845941,,0,0,
87,0.6894221305847168,0.008810997009277344,113.49453404048057,126.19264183790132,,0,0,
88,0.6965229511260986,0.007100820541381836,140.82879495013935,126.3418525659874,,0,0,
89,0.7045290470123291,0.008006095886230469,124.90482430017867,126.32552252801938,,0,0,
90,0.712623119354248,0.008094072341918945,123.5472031576777,126.29396599082355,,0,0,
91,0.7205729484558105,0.0079498291015625,125.78886756238003,126.28839341667378,,0,0,
92,0.7286150455474854,0.008042097091674805,124.34567608431414,126.26695065138367,,0,0,
93,0.735584020614624,0.006968975067138672,143.49312350325008,126.43015263204465,,0,0,
94,0.7425880432128906,0.0070040225982666016,142.77509616366547,126.58431664654663,,0,0,
95,0.7495930194854736,0.007004976272583008,142.75565841870596,126.73543847194405,,0,0,
96,0.758430004119873,0.008836984634399414,113.16077161742884,126.5772707811106,,0,0,
97,0.7656199932098389,0.00718998908996582,139.08226945651091,126.69470606864694,,0,0,
98,0.7735891342163086,0.007969141006469727,125.48403889304413,126.68223436111182,,0,0,
99,0.7806270122528076,0.0070378780364990234,142.08828212337815,126.82113025309795,,0,0,
100,0.7886381149291992,0.008011102676391602,124.82676110830035,126.8008711561926,,0,0,
101,0.7956430912017822,0.007004976272583008,142.75565841870596,126.9413398002918,,0,0,
102,0.803645133972168,0.008002042770385742,124.96808986085868,126.9216917868285,,0,0,
103,0.8117549419403076,0.008109807968139648,123.30748199323828,126.8855841564733,,0,0,
104,0.8193600177764893,0.007605075836181641,131.49112797040567,126.92833155592155,,0,0,
105,0.8273749351501465,0.008014917373657227,124.76734985275307,126.90739776996665,,0,0,
106,0.8354010581970215,0.008026123046875,124.59315589353612,126.88516367069396,,0,0,
107,0.8433201313018799,0.007919073104858398,126.27740478699383,126.879456600684,,0,0,
108,0.8524949550628662,0.009174823760986328,108.993919234967,126.68696671880676,,0,0,
109,0.8605599403381348,0.008064985275268555,123.99278682709078,126.66171743617448,,0,0,
110,0.8685870170593262,0.008027076721191406,124.57835333254128,126.64246395532618,,0,0,
111,0.8765931129455566,0.008006095886230469,124.90482430017867,126.62659375341678,,0,0,
112,0.8855991363525391,0.009006023406982422,111.0367977974268,126.46805467910379,,0,0,
113,0.8948400020599365,0.009240865707397461,108.2149694264558,126.27955806610358,,0,0,
114,0.902864933013916,0.008024930953979492,124.61166404230666,126.26473332998846,,0,0,
115,0.9098529815673828,0.006988048553466797,143.10146707608325,126.39404643362508,,0,0,
116,0.9178569316864014,0.008003950119018555,124.93830985076406,126.38135203366642,,0,0,
117,0.9258649349212646,0.008008003234863281,124.87507443134453,126.36832391751574,,0,0,
118,0.934873104095459,0.009008169174194336,111.01034856946245,126.22033887066574,,0,0,
119,0.9428761005401611,0.008002996444702148,124.95319808144905,126.2095835622798,,0,0,
120,0.9498789310455322,0.007002830505371094,142.7994007898679,126.33188933658728,,0,0,
121,0.957888126373291,0.008009195327758789,124.85648795880094,126.31955305482724,,0,0,
122,0.9669101238250732,0.009021997451782227,110.84019978330383,126.17511906625916,,0,0,
123,0.9739139080047607,0.0070037841796875,142.77995642701526,126.29453074757686,,0,0,
124,0.9819540977478027,0.008040189743041992,124.37517421344484,126.27881515480694,,0,0,
125,0.9906880855560303,0.008733987808227539,114.49523653536428,126.17493015457325,,0,0,
126,0.9996249675750732,0.008936882019042969,111.89584889552876,126.0472718140038,,0,0,
127,1.0088379383087158,0.009212970733642578,108.54262201749391,125.8874147942051,,0,0,
128,1.0168941020965576,0.008056163787841797,124.12855874519089,125.87348056803457,,0,0,
129,1.0258510112762451,0.0089569091796875,111.64565587734242,125.74925460132181,,0,0,
130,1.0339100360870361,0.008059024810791016,124.08449204189101,125.73627826653227,,0,0,
131,1.0411860942840576,0.007276058197021484,137.43705354217184,125.81804609105778,,0,0,
132,1.049232006072998,0.00804591178894043,124.28672178267698,125.80630331135399,,0,0,
133,1.0573649406433105,0.0081329345703125,122.95684803001876,125.78438615439772,,0,0,
134,1.0654230117797852,0.00805807113647461,124.09917746612226,125.77164048311056,,0,0,
135,1.073375940322876,0.00795292854309082,125.73984471025572,125.77140489975156,,0,0,
136,1.0804381370544434,0.007062196731567383,141.59900070895648,125.87486070305842,,0,0,
137,1.088076114654541,0.007637977600097656,130.92470970158573,125.91030917308285,,0,0,
138,1.0950801372528076,0.0070040225982666016,142.77509616366547,126.01817465724122,,0,0,
139,1.1030471324920654,0.007966995239257812,125.5178357672971,126.01456085195876,,0,0,
140,1.1111979484558105,0.008150815963745117,122.68710328487437,125.99015341465727,,0,0,
141,1.118222951889038,0.007025003433227539,142.34868488036653,126.09292249081962,,0,0,
142,1.1272289752960205,0.009006023406982422,111.0367977974268,125.97263121515265,,0,0,
143,1.1342389583587646,0.007009983062744141,142.6536970274131,126.07572588312425,,0,0,
144,1.1432650089263916,0.009026050567626953,110.79042738654974,125.955048808173,,0,0,
145,1.1518709659576416,0.00860595703125,116.19858156028369,125.8821554543221,,0,0,
146,1.158107042312622,0.006236076354980469,160.35724116837437,126.06779396527357,,0,0,
147,1.1651690006256104,0.007061958312988281,141.60378122889938,126.16195583736932,,0,0,
148,1.1731760501861572,0.008007049560546875,124.88994759409242,126.1532742477275,,0,0,
149,1.1801819801330566,0.007005929946899414,142.73622596562873,126.25171584402719,,0,0,
150,1.187230110168457,0.007048130035400391,141.88160476287126,126.34450450276769,,0,0,
151,1.1954379081726074,0.00820779800415039,121.83535699761808,126.31354499275034,,0,0,
152,1.2034680843353271,0.008030176162719727,124.53026929129183,126.30164603322179,,0,0,
153,1.2117021083831787,0.008234024047851562,121.44730136668983,126.26865872516625,,0,0,
154,1.2197279930114746,0.008025884628295898,124.59685708344473,126.25765816834151,,0,0,
155,1.2277209758758545,0.007992982864379883,125.1097390007457,126.25018472900425,,0,0,
156,1.2357220649719238,0.008001089096069336,124.98298519026193,126.2419798286473,,0,0,
157,1.2437479496002197,0.008025884628295898,124.59685708344473,126.23136387920464,,0,0,
158,1.2517380714416504,0.007990121841430664,125.1545370453257,126.22449025460128,,0,0,
159,1.2607951164245605,0.009057044982910156,110.41128777508688,126.11089456858134,,0,0,
160,1.268800973892212,0.008005857467651367,124.90854403049525,126.1033079988733,,0,0,
161,1.276806116104126,0.008005142211914062,124.91970455086967,126.09588720584586,,0,0,
162,1.2837719917297363,0.0069658756256103516,143.55697025704214,126.19063279432002,,0,0,
163,1.2908151149749756,0.007043123245239258,141.98246504857656,126.27679836485336,,0,0,
164,1.3008201122283936,0.010004997253417969,99.95005242588886,126.0743114734418,,0,0,
165,1.3079729080200195,0.0071527957916259766,139.80547315089498,126.14940186320324,,0,0,
166,1.3170180320739746,0.009045124053955078,110.55680320522958,126.04231374007192,,0,0,
167,1.3255469799041748,0.008528947830200195,117.24775668800493,125.98572704837109,,0,0,
168,1.333569049835205,0.008022069931030273,124.65610604214343,125.97772872785289,,0,0,
169,1.3417539596557617,0.00818490982055664,122.17605592775998,125.95453792687772,,0,0,
170,1.3507471084594727,0.008993148803710938,111.19575821845174,125.85627534223266,,0,0,
171,1.3587939739227295,0.008046865463256836,124.27199194097953,125.84689311385205,,0,0,
172,1.3658170700073242,0.0070230960845947266,142.38734426452118,125.93194489733361,,0,0,
173,1.3728220462799072,0.007004976272583008,142.75565841870596,126.01778975563356,,0,0,
174,1.3798189163208008,0.006996870040893555,142.92104814802195,126.10350383074898,,0,0,
175,1.3888640403747559,0.009045124053955078,110.55680320522958,126.00225429753363,,0,0,
176,1.3958690166473389,0.007004976272583008,142.75565841870596,126.08632894705603,,0,0,
177,1.403623104095459,0.007754087448120117,128.96424069120314,126.10222750220733,,0,0,
178,1.4118449687957764,0.008221864700317383,121.6269102508337,126.0761655380788,,0,0,
179,1.4195289611816406,0.007683992385864258,130.14068075335877,126.09816699406913,,0,0,
180,1.4264800548553467,0.006951093673706055,143.86225347281768,126.18472959879767,,0,0,
181,1.435802936553955,0.009322881698608398,107.26297215047438,126.06186781760933,,0,0,
182,1.44256591796875,0.006762981414794922,147.86378058238736,126.1640786968479,,0,0,
183,1.4506199359893799,0.008054018020629883,124.16162931825582,126.15296085475813,,0,0,
184,1.4595811367034912,0.008961200714111328,111.59218858085457,126.06356397258575,,0,0,
185,1.4666340351104736,0.007052898406982422,141.78568048137382,126.13917008005679,,0,0,
186,1.474586009979248,0.007951974868774414,125.75492459448925,126.13709796596916,,0,0,
187,1.4838480949401855,0.0092620849609375,107.9670510708402,126.0236816946805,,0,0,
188,1.49070405960083,0.006855964660644531,145.85839476978717,126.11490442331073,,0,0,
189,1.498763084411621,0.008059024810791016,124.08449204189101,126.1039866579026,,0,0,
190,1.5077180862426758,0.008955001831054688,111.66943556975505,126.01825350088586,,0,0,
191,1.515761137008667,0.008043050765991211,124.33093226619238,126.00930010445826,,0,0,
192,1.5237281322479248,0.007966995239257812,125.5178357672971,126.0067304242433,,0,0,
193,1.5307891368865967,0.007061004638671875,141.62290653700703,126.07876248229331,,0,0,
194,1.5388031005859375,0.00801396369934082,124.78219736411508,126.07201007466756,,0,0,
195,1.545846939086914,0.0070438385009765625,141.96804765773084,126.14444229205559,,0,0,
196,1.5538101196289062,0.007963180541992188,125.57796407185629,126.1415391262932,,0,0,
197,1.561819076538086,0.008008956909179688,124.8602048106692,126.13496848602234,,0,0,
198,1.57082200050354,0.009002923965454102,111.0750244961733,126.04865474033943,,0,0,
199,1.577883005142212,0.007061004638671875,141.62290653700703,126.11834930186377,,0,0,
200,1.5848510265350342,0.006968021392822266,143.51276260863614,126.194826296867,,0,0,
201,1.5928409099578857,0.007989883422851562,125.15827166388159,126.18962681295923,,0,0,
202,1.5998599529266357,0.00701904296875,142.4695652173913,126.26105155671901,,0,0,
203,1.6088740825653076,0.009014129638671875,110.93694456199746,126.17519431745822,,0,0,
204,1.6159329414367676,0.007058858871459961,141.66595737494512,126.24286241644306,,0,0,
205,1.6229970455169678,0.007064104080200195,141.56076816632353,126.3095336903106,,0,0,
206,1.6300599575042725,0.0070629119873046875,141.58466108560626,126.37571952592428,,0,0,
207,1.6380839347839355,0.008023977279663086,124.62647452087357,126.36715103814473,,0,0,
208,1.6453349590301514,0.00725102424621582,137.91155098148818,126.41802744081141,,0,0,
209,1.6533961296081543,0.00806117057800293,124.05146254177635,126.40648919961596,,0,0,
210,1.6614329814910889,0.00803685188293457,124.42682963006912,126.39691298985227,,0,0,
211,1.6694400310516357,0.008007049560546875,124.88994759409242,126.38968520904827,,0,0,
212,1.677443027496338,0.008002996444702148,124.95319808144905,126.3828318011014,,0,0,
213,1.6856310367584229,0.008188009262084961,122.12980811227906,126.36217259597494,,0,0,
214,1.693692922592163,0.008061885833740234,124.040456615603,126.35112135467702,,0,0,
215,1.7016611099243164,0.00796818733215332,125.49905747883068,126.34713148587053,,0,0,
216,1.7096989154815674,0.008037805557250977,124.41206656186041,126.33803416735498,,0,0,
217,1.7179510593414307,0.008252143859863281,121.18063099503063,126.31326068344814,,0,0,
218,1.7260220050811768,0.008070945739746094,123.90121706250738,126.30198187406494,,0,0,
219,1.7340540885925293,0.008032083511352539,124.5006975570661,126.29363838226904,,0,0,
220,1.7412769794464111,0.007222890853881836,138.44872091104142,126.34405818076264,,0,0,
221,1.7503180503845215,0.009041070938110352,110.60636586587907,126.26276690196347,,0,0,
222,1.7582759857177734,0.007957935333251953,125.66073461561507,126.26004211129226,,0,0,
223,1.766530990600586,0.0082550048828125,121.13863216266174,126.23610974647231,,0,0,
224,1.7753491401672363,0.00881814956665039,113.4024766127724,126.17236516018444,,0,0,
225,1.7843530178070068,0.009003877639770508,111.06325963193433,126.09612434008599,,0,0,
226,1.7923610210418701,0.008008003234863281,124.87507443134453,126.09066887017543,,0,0,
227,1.8004209995269775,0.008059978485107422,124.06981009288292,126.08162205375267,,0,0,
228,1.8076450824737549,0.007224082946777344,138.42587458745874,126.13095469381796,,0,0,
229,1.8164749145507812,0.008829832077026367,113.25243688402863,126.06835259083788,,0,0,
230,1.8244450092315674,0.007970094680786133,125.46902390140298,126.06573442127095,,0,0,
231,1.8324849605560303,0.00803995132446289,124.37886246367357,126.05833334092289,,0,0,
232,1.8414380550384521,0.008953094482421875,111.69322539412015,125.98849000932343,,0,0,
233,1.8495750427246094,0.008136987686157227,122.89560198072022,125.97488321250684,,0,0,
234,1.8585269451141357,0.008951902389526367,111.70809918235811,125.90616488782175,,0,0,
235,1.8668251037597656,0.008298158645629883,120.50866254848441,125.88217263990748,,0,0,
236,1.8738501071929932,0.007025003433227539,142.34868488036653,125.9439050616089,,0,0,
237,1.8818509578704834,0.008000850677490234,124.986709577448,125.93983546294812,,0,0,
238,1.8898429870605469,0.007992029190063477,125.12466811849289,125.93638817063004,,0,0,
239,1.8978660106658936,0.00802302360534668,124.64128852040058,125.93091327671937,,0,0,
240,1.9068539142608643,0.008987903594970703,111.26065043238368,125.86176539539943,,0,0,
241,1.9158780574798584,0.00902414321899414,110.81384412153237,125.79088687774359,,0,0,
242,1.9238669872283936,0.007988929748535156,125.17321236719589,125.78832196119531,,0,0,
243,1.932873010635376,0.009006023406982422,111.0367977974268,125.71958874842005,,0,0,
244,1.9428839683532715,0.010010957717895508,99.89054276119936,125.58650129107137,,0,0,
245,1.9518871307373047,0.009003162384033203,111.07208304644881,125.51955291977045,,0,0,
246,1.959892988204956,0.008005857467651367,124.90854403049525,125.51705704366474,,0,0,
247,1.9678959846496582,0.008002996444702148,124.95319808144905,125.51476395434237,,0,0,
248,1.9749069213867188,0.007010936737060547,142.63429232129496,125.57553842885012,,0,0,
249,1.9829070568084717,0.00800013542175293,124.99788407092832,125.57320785411417,,0,0,
250,1.9899520874023438,0.00704503059387207,141.94402517851705,125.63116548516832,,0,0,
251,1.9969570636749268,0.007004976272583008,142.75565841870596,125.69123521268601,,0,0,
252,2.004940986633301,0.007983922958374023,125.25170961865798,125.68948496741477,,0,0,
253,2.0121660232543945,0.00722503662109375,138.40760295670538,125.73515161080407,,0,0,
254,2.020174026489258,0.008008003234863281,124.87507443134453,125.73174225064746,,0,0,
255,2.0291969776153564,0.009022951126098633,110.82848460827057,125.66547398452533,,0,0,
256,2.037184953689575,0.00798797607421875,125.18815663801337,125.66360238247131,,0,0,
257,2.046247959136963,0.009063005447387695,110.33867361165917,125.59572697552929,,0,0,
258,2.0542149543762207,0.007966995239257812,125.5178357672971,125.59542488499886,,0,0,
259,2.063307046890259,0.009092092514038086,109.98568244394913,125.52663957134027,,0,0,
260,2.07131290435791,0.008005857467651367,124.90854403049525,125.52425056251839,,0,0,
261,2.0802810192108154,0.008968114852905273,111.50615445965705,125.4638183926776,,0,0,
262,2.089319944381714,0.009038925170898438,110.63262291622705,125.39965489944761,,0,0,
263,2.098288059234619,0.008968114852905273,111.50615445965705,125.34027386875235,,0,0,
264,2.106300115585327,0.008012056350708008,124.8119029906264,125.3382640235179,,0,0,
265,2.114543914794922,0.008243799209594727,121.30329409723227,125.32253321667282,,0,0,
266,2.1215689182281494,0.007025003433227539,142.34868488036653,125.378910727139,,0,0,
267,2.1286070346832275,0.007038116455078125,142.08346883468835,125.4341433855752,,0,0,
268,2.137814998626709,0.009207963943481445,108.60164159395147,125.36164269226197,,0,0,
269,2.146409034729004,0.008594036102294922,116.35976252566165,125.32559994277267,,0,0,
270,2.1543869972229004,0.007977962493896484,125.34528719144103,125.32567284709845,,0,0,
271,2.162384033203125,0.00799703598022461,125.0463299743605,125.32463976741889,,0,0,
272,2.170427083969116,0.008043050765991211,124.33093226619238,125.3209573401501,,0,0,
273,2.17940092086792,0.008973836898803711,111.43505406626106,125.2637811547226,,0,0,
274,2.1874630451202393,0.008062124252319336,124.03678840751147,125.25925894439004,,0,0,
275,2.1954269409179688,0.007963895797729492,125.56668562703949,125.26037413252061,,0,0,
276,2.203463077545166,0.008036136627197266,124.43790423070077,125.25737454493046,,0,0,
277,2.2114880084991455,0.008024930953979492,124.61166404230666,125.25503142474174,,0,0,
278,2.219475030899048,0.007987022399902344,125.20310447761194,125.25484455997233,,0,0,
279,2.2284789085388184,0.009003877639770508,111.06325963193433,125.1975053167258,,0,0,
280,2.2367100715637207,0.008231163024902344,121.48951454060943,125.18385979468827,,0,0,
281,2.244718074798584,0.008008003234863281,124.87507443134453,125.18275820682462,,0,0,
282,2.2527759075164795,0.008057832717895508,124.10284936532828,125.17889553909707,,0,0,
283,2.261747121810913,0.008971214294433594,111.46763048793451,125.12450984060959,,0,0,
284,2.2687900066375732,0.007042884826660156,141.98727149627624,125.17685601978563,,0,0,
285,2.2769699096679688,0.008179903030395508,122.25083797254365,125.16634444306695,,0,0,
286,2.2850301265716553,0.008060216903686523,124.06614014848996,125.16246358165093,,0,0,
287,2.2929980754852295,0.007967948913574219,125.50281268701376,125.16364626222676,,0,0,
288,2.300002098083496,0.0070040225982666016,142.77509616366547,125.2172770798685,,0,0,
289,2.307361125946045,0.007359027862548828,135.8875137691959,125.25130841038445,,0,0,
290,2.3165290355682373,0.009167909622192383,109.07611889839545,125.1872933804449,,0,0,
291,2.324510097503662,0.007981061935424805,125.29660941000746,125.18766871028468,,0,0,
292,2.333574056625366,0.009063959121704102,110.32706420811742,125.12994784586685,,0,0,
293,2.341526985168457,0.00795292854309082,125.73984471025572,125.13201934289074,,0,0,
294,2.3495850563049316,0.00805807113647461,124.09917746612226,125.12847713730282,,0,0,
295,2.3575949668884277,0.008009910583496094,124.84533873080129,125.12751517676648,,0,0,
296,2.3655929565429688,0.007997989654541016,125.03141954331366,125.1271902806849,,0,0,
297,2.373600959777832,0.008008003234863281,124.87507443134453,125.126339697722,,0,0,
298,2.3826069831848145,0.009006023406982422,111.0367977974268,125.07308259529461,,0,0,
299,2.3905739784240723,0.007966995239257812,125.5178357672971,125.07456481104529,,0,0,
300,2.3985800743103027,0.008006095886230469,124.90482430017867,125.07399824300767,,0,0,
301,2.4065849781036377,0.008004903793334961,124.92342516753537,125.07349739928347,,0,0,
302,2.4136290550231934,0.007044076919555664,141.96324251142326,125.12278942428375,,0,0,
303,2.4216320514678955,0.008002996444702148,124.95319808144905,125.1222289597355,,0,0,
304,2.4306421279907227,0.009010076522827148,110.98684872059485,125.06983093035583,,0,0,
305,2.4406681060791016,0.010025978088378906,99.74089222866927,124.96578262334002,,0,0,
306,2.448637008666992,0.007968902587890625,125.48779320248923,124.96748146699892,,0,0,
307,2.455641984939575,0.007004976272583008,142.75565841870596,125.01822410710827,,0,0,
308,2.4627020359039307,0.007060050964355469,141.64203701202214,125.06588109712149,,0,0,
309,2.469689130783081,0.006987094879150391,143.12099911280967,125.11696154326245,,0,0,
310,2.4776790142059326,0.007989883422851562,125.15827166388159,125.1170947578742,,0,0,
311,2.485664129257202,0.007985115051269531,125.23301086826704,125.11746713460317,,0,0,
312,2.4929099082946777,0.007245779037475586,138.01138494949163,125.1549440121683,,0,0,
313,2.5018320083618164,0.008922100067138672,112.08123563679119,125.10832020450103,,0,0,
314,2.5098650455474854,0.008033037185668945,124.48591695604428,125.10632814980939,,0,0,
315,2.517843008041382,0.007977962493896484,125.34528719144103,125.10708530832389,,0,0,
316,2.5249180793762207,0.007075071334838867,141.34133108677338,125.15257527803341,,0,0,
317,2.5339419841766357,0.009023904800415039,110.81677190942958,125.1015224419213,,0,0,
318,2.5429279804229736,0.00898599624633789,111.28426638365615,125.05269612358664,,0,0,
319,2.550952911376953,0.008024930953979492,124.61166404230666,125.05130870009286,,0,0,
320,2.5600879192352295,0.009135007858276367,109.46898081691243,124.99570721602133,,0,0,
321,2.5701870918273926,0.010099172592163086,99.01801270096084,124.89363168179726,,0,0,
322,2.579512119293213,0.009325027465820312,107.23829003886276,124.82980699785512,,0,0,
323,2.587554931640625,0.00804281234741211,124.33461789292701,124.82826781775938,,0,0,
324,2.5955231189727783,0.00796818733215332,125.49905747883068,124.83032712427868,,0,0,
325,2.6046769618988037,0.00915384292602539,109.24373600041673,124.77554981062823,,0,0,
326,2.611680030822754,0.007003068923950195,142.7945392026691,124.82386668833267,,0,0,
327,2.6186840534210205,0.0070040225982666016,142.77509616366547,124.87187966521228,,0,0,
328,2.6266350746154785,0.007951021194458008,125.77000809619479,124.874598367273,,0,0,
329,2.633697032928467,0.007061958312988281,141.60378122889938,124.91945576373966,,0,0,
330,2.6416499614715576,0.00795292854309082,125.73984471025572,124.92192561961168,,0,0,
331,2.6506640911102295,0.009014129638671875,110.93694456199746,124.87436680871954,,0,0,
332,2.659666061401367,0.009001970291137695,111.0867918531663,124.82770104795432,,0,0,
333,2.6667089462280273,0.007042884826660156,141.98727149627624,124.87302015880572,,0,0,
334,2.6756811141967773,0.00897216796875,111.45578231292517,124.82802910550299,,0,0,
335,2.6829209327697754,0.007239818572998047,138.12500823289204,124.8639107877678,,0,0,
336,2.6916301250457764,0.008709192276000977,114.8212105450464,124.83141605285967,,0,0,
337,2.6987879276275635,0.007157802581787109,139.70768103390847,124.87087130860564,,0,0,
338,2.706743001937866,0.007955074310302734,125.70592819037343,124.87332552740035,,0,0,
339,2.715740919113159,0.008997917175292969,111.13683094859566,124.82781314452573,,0,0,
340,2.7236900329589844,0.007949113845825195,125.80018595722984,124.83065102332075,,0,0,
341,2.732698917388916,0.00900888442993164,111.00153496003811,124.78506059709801,,0,0,
342,2.7407209873199463,0.008022069931030273,124.65610604214343,124.78468314807544,,0,0,
343,2.747760057449341,0.007039070129394531,142.06421894052298,124.82894897249365,,0,0,
344,2.755713939666748,0.007953882217407227,125.72476844219298,124.8315345973829,,0,0,
345,2.763775110244751,0.00806117057800293,124.05146254177635,124.82925934210614,,0,0,
346,2.7718429565429688,0.008067846298217773,123.94881645438694,124.82669668686057,,0,0,
347,2.778904914855957,0.007061958312988281,141.60378122889938,124.86933185261093,,0,0,
348,2.786871910095215,0.007966995239257812,125.5178357672971,124.87118576903322,,0,0,
349,2.794919013977051,0.008047103881835938,124.26831002607253,124.86944997500585,,0,0,
350,2.8028829097747803,0.007963895797729492,125.56668562703949,124.87143104673021,,0,0,
351,2.8099279403686523,0.00704503059387207,141.94402517851705,124.9142353287359,,0,0,
352,2.8172309398651123,0.007302999496459961,136.93003819659822,124.94538343273115,,0,0,
353,2.8252010345458984,0.007970094680786133,125.46902390140298,124.94686066003744,,0,0,
354,2.835202932357788,0.010001897811889648,99.98102548211008,124.8587873410562,,0,0,
355,2.843212127685547,0.008009195327758789,124.85648795880094,124.85878086380414,,0,0,
356,2.8502681255340576,0.007055997848510742,141.7233992228417,124.90053016794549,,0,0,
357,2.858272075653076,0.008003950119018555,124.93830985076406,124.90063596147697,,0,0,
358,2.868291139602661,0.010019063949584961,99.80972324679342,124.81299232740825,,0,0,
359,2.8762810230255127,0.007989883422851562,125.15827166388159,124.8139514623553,,0,0,
360,2.8843021392822266,0.008021116256713867,124.67092708735844,124.81355371791523,,0,0,
361,2.891348123550415,0.0070459842681884766,141.92481304774472,124.85525248917865,,0,0,
362,2.89936900138855,0.008020877838134766,124.674632899352,124.85475281919375,,0,0,
363,2.9066619873046875,0.007292985916137695,137.11804897185263,124.88552215065279,,0,0,
364,2.9146111011505127,0.007949113845825195,125.80018595722984,124.88801674306214,,0,0,
365,2.9216721057891846,0.007061004638671875,141.62290653700703,124.92846109485252,,0,0,
366,2.9316399097442627,0.009967803955078125,100.32300038270188,124.84480061261257,,0,0,
367,2.9406840801239014,0.009044170379638672,110.56846101123003,124.80089326172603,,0,0,
368,2.949652910232544,0.008968830108642578,111.49726194906694,124.76044171956073,,0,0,
369,2.9596669673919678,0.010014057159423828,99.859625732108,124.67618960695417,,0,0,
370,2.967705011367798,0.008038043975830078,124.40837634217239,124.67546423337714,,0,0,
371,2.9756429195404053,0.007937908172607422,125.9777737730522,124.67893831068339,,0,0,
372,2.9848759174346924,0.00923299789428711,108.30718380416258,124.62829621397124,,0,0,
373,2.9936070442199707,0.00873112678527832,114.53275443051801,124.5988516496128,,0,0,
374,3.0016660690307617,0.008059024810791016,124.08449204189101,124.59747067093464,,0,0,
375,3.010637044906616,0.008970975875854492,111.470592925293,124.55835572555101,,0,0,
376,3.0186800956726074,0.008043050765991211,124.33093226619238,124.55774977249503,,0,0,
377,3.0266289710998535,0.007948875427246094,125.80395920815837,124.56102270870721,,0,0,
378,3.035691976547241,0.009063005447387695,110.33867361165917,124.51856213354445,,0,0,
379,3.0438199043273926,0.008127927780151367,123.03258924642867,124.51459413258205,,0,0,
380,3.05088210105896,0.007062196731567383,141.59900070895648,124.55414120004905,,0,0,
381,3.058850049972534,0.007967948913574219,125.50281268701376,124.55661237902821,,0,0,
382,3.066232919692993,0.007382869720458984,135.44868565523478,124.58283829209158,,0,0,
383,3.073323965072632,0.007091045379638672,141.02293053594244,124.62077032967417,,0,0,
384,3.0813639163970947,0.00803995132446289,124.37886246367357,124.6201391392272,,0,0,
385,3.090373992919922,0.009010076522827148,110.98684872059485,124.58039087891592,,0,0,
386,3.097813129425049,0.007439136505126953,134.4242035766938,124.60402996343464,,0,0,
387,3.1068389415740967,0.009025812149047852,110.79335393718466,124.5639079713364,,0,0,
388,3.1148791313171387,0.008040189743041992,124.37517421344484,124.56342080789912,,0,0,
389,3.122849941253662,0.007970809936523438,125.45776501555396,124.56570354572871,,0,0,
390,3.1308910846710205,0.008041143417358398,124.36042339965013,124.5651763197567,,0,0,
391,3.139862060546875,0.008970975875854492,111.470592925293,124.52776346865978,,0,0,
392,3.1480159759521484,0.008153915405273438,122.64046783625732,124.52287504082177,,0,0,
393,3.1559879779815674,0.007972002029418945,125.43900469539732,124.5251891774777,,0,0,
394,3.1660330295562744,0.010045051574707031,99.55150479445552,124.44595376038129,,0,0,
395,3.1740000247955322,0.007966995239257812,125.5178357672971,124.44864427039371,,0,0,
396,3.1836369037628174,0.009636878967285156,103.76803562592775,124.38604400268072,,0,0,
397,3.1906089782714844,0.006972074508666992,143.42933351571315,124.427657134932,,0,0,
398,3.198643922805786,0.008034944534301758,124.45636627993234,124.42772925186446,,0,0,
399,3.2056140899658203,0.00697016716003418,143.46858217889516,124.46913096899144,,0,0,
400,3.213655948638916,0.008041858673095703,124.3493625852357,124.4688312603633,,0,0,
401,3.2216250896453857,0.007969141006469727,125.48403889304413,124.47134251867256,,0,0,
402,3.229671001434326,0.00804591178894043,124.28672178267698,124.47088258261233,,0,0,
403,3.237636089324951,0.007965087890625,125.5478927203065,124.47353219491252,,0,0,
404,3.245643138885498,0.008007049560546875,124.88994759409242,124.4745594978526,,0,0,
405,3.253628969192505,0.007985830307006836,125.22179429765637,124.4763935392775,,0,0,
406,3.261691093444824,0.008062124252319336,124.03678840751147,124.47530693999732,,0,0,
407,3.2696590423583984,0.007967948913574219,125.50281268701376,124.47781090545506,,0,0,
408,3.277738094329834,0.008079051971435547,123.7768990143422,124.4760832800522,,0,0,
409,3.28576397895813,0.008025884628295898,124.59685708344473,124.47637828499423,,0,0,
410,3.293808937072754,0.008044958114624023,124.30145511661678,124.47595104419497,,0,0,
411,3.3017749786376953,0.007966041564941406,125.53286244463067,124.47850100601879,,0,0,
412,3.3086979389190674,0.00692296028137207,144.44687812101802,124.52028187698453,,0,0,
413,3.3177199363708496,0.009021997451782227,110.84019978330383,124.48308112823044,,0,0,
414,3.3257319927215576,0.008012056350708008,124.8119029906264,124.4838732964799,,0,0,
415,3.333730936050415,0.007998943328857422,125.01651266766021,124.48515130968089,,0,0,
416,3.3410041332244873,0.007273197174072266,137.4911165016718,124.51346463870067,,0,0,
417,3.350008010864258,0.009003877639770508,111.06325963193433,124.47731427735287,,0,0,
418,3.3578760623931885,0.007868051528930664,127.09626981000575,124.48345091750875,,0,0,
419,3.3668861389160156,0.009010076522827148,110.98684872059485,124.4473328506734,,0,0,
420,3.375878095626831,0.00899195671081543,111.21049980114013,124.412075348359,,0,0,
421,3.3839309215545654,0.008052825927734375,124.18000947418285,124.41152309533379,,0,0,
422,3.3928871154785156,0.008956193923950195,111.65457207506988,124.37784861005706,,0,0,
423,3.4009411334991455,0.008054018020629883,124.16162931825582,124.37733656530115,,0,0,
424,3.409127950668335,0.008186817169189453,122.14759158949269,124.37198196590946,,0,0,
425,3.417189121246338,0.00806117057800293,124.05146254177635,124.37122585857684,,0,0,
426,3.424217939376831,0.007028818130493164,142.27142905600218,124.40796921866696,,0,0,
427,3.433250904083252,0.009032964706420898,110.70562462058226,124.37191802444679,,0,0,
428,3.440500020980835,0.007249116897583008,137.94783752672257,124.40052242115192,,0,0,
429,3.4485039710998535,0.008003950119018555,124.93830985076406,124.40177062147221,,0,0,
430,3.45747709274292,0.008973121643066406,111.44393665639282,124.36814141228862,,0,0,
431,3.466722011566162,0.009244918823242188,108.16752630493089,124.32493824484271,,0,0,
432,3.4755239486694336,0.008801937103271484,113.61135489463135,124.29780556263653,,0,0,
433,3.4825820922851562,0.007058143615722656,141.68031347115254,124.33303466390927,,0,0,
434,3.4905309677124023,0.007948875427246094,125.80395920815837,124.33638435370526,,0,0,
435,3.4985909461975098,0.008059978485107422,124.06981009288292,124.33577022566344,,0,0,
436,3.5075430870056152,0.008952140808105469,111.70512410780867,124.30353360882378,,0,0,
437,3.516818046569824,0.009274959564208984,107.81718163590561,124.26005389338633,,0,0,
438,3.524825096130371,0.008007049560546875,124.88994759409242,124.26148477008003,,0,0,
439,3.532886028289795,0.008060932159423828,124.05513161786453,124.26101393724038,,0,0,
440,3.540853977203369,0.007967948913574219,125.50281268701376,124.26380834476547,,0,0,
441,3.5478930473327637,0.007039070129394531,142.06421894052298,124.29912461186933,,0,0,
442,3.554847002029419,0.0069539546966552734,143.80306510782734,124.33727801721638,,0,0,
443,3.56209397315979,0.007246971130371094,137.98868272141073,124.365051382132,,0,0,
444,3.569324016571045,0.007230043411254883,138.31175597691674,124.39330190777666,,0,0,
445,3.576328992843628,0.007004976272583008,142.75565841870596,124.42926836162505,,0,0,
446,3.586332082748413,0.010003089904785156,99.96911049671084,124.36104345869848,,0,0,
447,3.5955100059509277,0.009177923202514648,108.95711131315755,124.32172327713465,,0,0,
448,3.603516101837158,0.008006095886230469,124.90482430017867,124.32301877924147,,0,0,
449,3.610949993133545,0.007433891296386719,134.51905067350867,124.34400943070455,,0,0,
450,3.6189210414886475,0.007971048355102539,125.45401250261718,124.34645432741797,,0,0,
451,3.6269619464874268,0.008040904998779297,124.36411077506968,124.34649347142343,,0,0,
452,3.634913921356201,0.007951974868774414,125.75492459448925,124.34957464724692,,0,0,
453,3.6429290771484375,0.008015155792236328,124.76363852697959,124.35048566868976,,0,0,
454,3.6502320766448975,0.007302999496459961,136.93003819659822,124.37565351113047,,0,0,
455,3.6582210063934326,0.007988929748535156,125.17321236719589,124.37739524342611,,0,0,
456,3.6662421226501465,0.008021116256713867,124.67092708735844,124.37803744134061,,0,0,
457,3.6732819080352783,0.007039785385131836,142.04978494259493,124.41190505970035,,0,0,
458,3.6805849075317383,0.007302999496459961,136.93003819659822,124.43674348138933,,0,0,
459,3.6885879039764404,0.008002996444702148,124.95319808144905,124.43786401435092,,0,0,
460,3.697343111038208,0.008755207061767578,114.21774413158325,124.4136630508259,,0,0,
461,3.7053890228271484,0.00804591178894043,124.28672178267698,124.41338740952627,,0,0,
462,3.7143540382385254,0.008965015411376953,111.54470506887931,124.38232738285129,,0,0,
463,3.72137713432312,0.0070230960845947266,142.38734426452118,124.41630699819272,,0,0,
464,3.728384017944336,0.00700688362121582,142.71679880227296,124.45069975807611,,0,0,
465,3.736441135406494,0.008057117462158203,124.11386636681068,124.44997342355076,,0,0,
466,3.743502140045166,0.007061004638671875,141.62290653700703,124.48236506000171,,0,0,
467,3.7515079975128174,0.008005857467651367,124.90854403049525,124.48327454176098,,0,0,
468,3.7604780197143555,0.008970022201538086,111.48244424952821,124.45226312891708,,0,0,
469,3.7676470279693604,0.007169008255004883,139.48930792510558,124.48087533634376,,0,0,
470,3.775202989578247,0.007555961608886719,132.34582860027768,124.49661681702229,,0,0,
471,3.783216953277588,0.00801396369934082,124.78219736411508,124.49722176042519,,0,0,
472,3.79026198387146,0.00704503059387207,141.94402517851705,124.52965045911904,,0,0,
473,3.797208070755005,0.006946086883544922,143.9659504359168,124.56520453617193,,0,0,
474,3.8052361011505127,0.008028030395507812,124.56355428842956,124.56520105459059,,0,0,
475,3.813283920288086,0.008047819137573242,124.25726559028293,124.56455116620708,,0,0,
476,3.8203420639038086,0.007058143615722656,141.68031347115254,124.59617281327955,,0,0,
477,3.828294038772583,0.007951974868774414,125.75492459448925,124.59857972480464,,0,0,
478,3.835353136062622,0.0070590972900390625,141.6611726560389,124.62998400473636,,0,0,
479,3.8423399925231934,0.006986856460571289,143.1258829551271,124.6636166846468,,0,0,
480,3.8503849506378174,0.008044958114624023,124.30145511661678,124.66285998767158,,0,0,
481,3.858389139175415,0.008004188537597656,124.93458834743238,124.6634236853558,,0,0,
482,3.8654251098632812,0.007035970687866211,142.12680017620548,124.69521108301802,,0,0,
483,3.8743810653686523,0.008955955505371094,111.65754445745927,124.6650734274229,,0,0,
484,3.881437063217163,0.007055997848510742,141.7233992228417,124.69608346523913,,0,0,
485,3.8904080390930176,0.008970975875854492,111.470592925293,124.66558652111708,,0,0,
486,3.899454116821289,0.009046077728271484,110.54514785725581,124.63282947823778,,0,0,
487,3.907421112060547,0.007966995239257812,125.5178357672971,124.63463395251618,,0,0,
488,3.9144599437713623,0.00703883171081543,142.0690309250415,124.66598381636253,,0,0,
489,3.9224319458007812,0.007972002029418945,125.43900469539732,124.66755491411556,,0,0,
490,3.9304721355438232,0.008040189743041992,124.37517421344484,124.66695681896832,,0,0,
491,3.9384241104125977,0.007951974868774414,125.75492459448925,124.66915350783839,,0,0,
492,3.9475691318511963,0.009145021438598633,109.34911489428266,124.63366278509697,,0,0,
493,3.955536127090454,0.007966995239257812,125.5178357672971,124.63544363141301,,0,0,
494,3.9625470638275146,0.007010936737060547,142.63429232129496,124.6672890044703,,0,0,
495,3.9693291187286377,0.006782054901123047,147.4479364409759,124.70621235826037,,0,0,
496,3.9763500690460205,0.0070209503173828125,142.43086117902743,124.73750836505123,,0,0,
497,3.9845950603485107,0.008244991302490234,121.28575559539645,124.73036594000348,,0,0,
498,3.9925849437713623,0.007989883422851562,125.15827166388159,124.73122225662489,,0,0,
499,4.000638008117676,0.008053064346313477,124.17633300766794,124.7301052950758,,0,0,
500,4.007609128952026,0.006971120834350586,143.44895516262525,124.76266619612876,,0,0,
501,4.015650987625122,0.008041858673095703,124.3493625852357,124.76183850237796,,0,0,
502,4.023618936538696,0.007967948913574219,125.50281268701376,124.76330584919747,,0,0,
503,4.032647132873535,0.009028196334838867,110.76409538648427,124.73196474336159,,0,0,
504,4.039669036865234,0.007021903991699219,142.41151704468288,124.76269600321065,,0,0,
505,4.046672105789185,0.007003068923950195,142.7945392026691,124.79390145733456,,0,0,
506,4.053638935089111,0.006966829299926758,143.53731905136718,124.826115029625,,0,0,
507,4.061561107635498,0.007922172546386719,126.2280004815216,124.82884944088852,,0,0,
508,4.069530010223389,0.007968902587890625,125.48779320248923,124.83013977629184,,0,0,
509,4.077486038208008,0.00795602798461914,125.69086005394067,124.83181922155585,,0,0,
510,4.0854411125183105,0.007955074310302734,125.70592819037343,124.83352126586655,,0,0,
511,4.093555927276611,0.008114814758300781,123.23140204489364,124.83034532276723,,0,0,
512,4.101547956466675,0.007992029190063477,125.12466811849289,124.83091882243119,,0,0,
513,4.109515905380249,0.007967948913574219,125.50281268701376,124.83222155883898,,0,0,
514,4.117514133453369,0.007998228073120117,125.02769249113184,124.83260125907739,,0,0,
515,4.125519037246704,0.008004903793334961,124.92342516753537,124.8327774882119,,0,0,
516,4.133522033691406,0.008002996444702148,124.95319808144905,124.8330106369823,,0,0,
517,4.140521049499512,0.006999015808105469,142.87723123041286,124.86351206027385,,0,0,
518,4.1495420932769775,0.00902104377746582,110.85191743531463,124.83305105863498,,0,0,
519,4.158590078353882,0.009047985076904297,110.52184453227932,124.80191368259088,,0,0,
520,4.165611028671265,0.0070209503173828125,142.43086117902743,124.83162648190611,,0,0,
521,4.173655033111572,0.008044004440307617,124.31619194404102,124.8306330702134,,0,0,
522,4.18160605430603,0.007951021194458008,125.77000809619479,124.83241922382139,,0,0,
523,4.189425945281982,0.007819890975952148,127.87902070185066,124.83810594360509,,0,0,
524,4.19739294052124,0.007966995239257812,125.5178357672971,124.83939612642716,,0,0,
525,4.204438924789429,0.0070459842681884766,141.92481304774472,124.86802862198637,,0,0,
526,4.2124409675598145,0.008002042770385742,124.96808986085868,124.8682187004514,,0,0,
527,4.222445964813232,0.010004997253417969,99.95005242588886,124.80917562749919,,0,0,
528,4.230399131774902,0.007953166961669922,125.73607530427483,124.81091820252733,,0,0,
529,4.237940073013306,0.00754094123840332,132.60944070315216,124.82479480269402,,0,0,
530,4.246570110321045,0.008630037307739258,115.87435422825097,124.80660538533567,,0,0,
531,4.2551960945129395,0.008625984191894531,115.92880044223328,124.78860861071071,,0,0,
532,4.261768102645874,0.00657200813293457,152.16049337928533,124.83081838021955,,0,0,
533,4.269043922424316,0.007275819778442383,137.44155716485892,124.85231112293604,,0,0,
534,4.276417970657349,0.0073740482330322266,135.61072132949658,124.87086240494783,,0,0,
535,4.283477067947388,0.0070590972900390625,141.6611726560389,124.89853255041896,,0,0,
536,4.291820049285889,0.008342981338500977,119.86122938873488,124.88874040494416,,0,0,
537,4.299437999725342,0.007617950439453125,131.26890335503253,124.90004508363764,,0,0,
538,4.307392120361328,0.007954120635986328,125.72099994005156,124.90156107609482,,0,0,
539,4.3164520263671875,0.009059906005859375,110.37642105263158,124.87107390688023,,0,0,
540,4.325424909591675,0.008972883224487305,111.4468978344626,124.84322610769277,,0,0,
541,4.334463119506836,0.009038209915161133,110.64137803687778,124.81361245531917,,0,0,
542,4.342418909072876,0.007955789566040039,125.69462674937816,124.81522657051049,,0,0,
543,4.35057806968689,0.008159160614013672,122.5616270235521,124.81100012511202,,0,0,
544,4.358529090881348,0.007951021194458008,125.77000809619479,124.81274958979259,,0,0,
545,4.366539001464844,0.008009910583496094,124.84533873080129,124.81280937080116,,0,0,
546,4.373558044433594,0.00701904296875,142.4695652173913,124.84114637392695,,0,0,
547,4.381799936294556,0.008241891860961914,121.33136625300125,124.83454469684608,,0,0,
548,4.389677047729492,0.007877111434936523,126.95008928841672,124.83834096256498,,0,0,
549,4.397520065307617,0.007843017578125,127.50194552529183,124.84309152585894,,0,0,
550,4.404541969299316,0.007021903991699219,142.41151704468288,124.87109984048924,,0,0,
551,4.411546945571899,0.007004976272583008,142.75565841870596,124.89949824812985,,0,0,
552,4.418533086776733,0.006986141204833984,143.1405364821514,124.92833914765983,,0,0,
553,4.426592111587524,0.008059024810791016,124.08449204189101,124.92680284510688,,0,0,
554,4.434814929962158,0.008222818374633789,121.61280408246107,124.92065818961406,,0,0,
555,4.4428040981292725,0.007989168167114258,125.1694768569638,124.92110562194118,,0,0,
556,4.450827121734619,0.00802302360534668,124.64128852040058,124.92060122598299,,0,0,
557,4.459821939468384,0.008994817733764648,111.17512656718,124.89287858573006,,0,0,
558,4.467839002609253,0.00801706314086914,124.7339558674835,124.89259341577072,,0,0,
559,4.475836992263794,0.007997989654541016,125.03141954331366,124.89284148779251,,0,0,
560,4.483612060546875,0.007775068283081055,128.61623378614578,124.89929825277875,,0,0,
561,4.493653059005737,0.010040998458862305,99.5916894218212,124.84274879114199,,0,0,
562,4.502607107162476,0.008954048156738281,111.68132921503887,124.81657551377386,,0,0,
563,4.509628057479858,0.0070209503173828125,142.43086117902743,124.84399884513415,,0,0,
564,4.517636060714722,0.008008003234863281,124.87507443134453,124.84405393000411,,0,0,
565,4.525646924972534,0.0080108642578125,124.83047619047619,124.84402989599745,,0,0,
566,4.533663034439087,0.008016109466552734,124.74879543156267,124.84386150900308,,0,0,
567,4.5409300327301025,0.007266998291015625,137.60839895013123,124.86428901418411,,0,0,
568,4.549937009811401,0.009006977081298828,111.02504102917041,124.83689307679977,,0,0,
569,4.557394027709961,0.00745701789855957,134.10186398951305,124.85205284870136,,0,0,
570,4.565402030944824,0.008008003234863281,124.87507443134453,124.85209323000996,,0,0,
571,4.572458028793335,0.007055997848510742,141.7233992228417,124.87812821995134,,0,0,
572,4.57942795753479,0.006969928741455078,143.4734897721831,124.90643052018238,,0,0,
573,4.5876500606536865,0.008222103118896484,121.62338340196021,124.90054655963759,,0,0,
574,4.5956339836120605,0.007983922958374023,125.25170961865798,124.9011566297213,,0,0,
575,4.602672100067139,0.007038116455078125,142.08346883468835,124.92743073998527,,0,0,
576,4.609699964523315,0.007027864456176758,142.29073514943855,124.95390251707273,,0,0,
577,4.618705987930298,0.009006023406982422,111.0367977974268,124.92676552866297,,0,0,
578,4.626771926879883,0.008065938949584961,123.97812657030534,124.92511174843688,,0,0,
579,4.635777950286865,0.009006023406982422,111.0367977974268,124.89813062857574,,0,0,
580,4.642802000045776,0.007024049758911133,142.36801194799904,124.92456064124238,,0,0,
581,4.649823904037476,0.007021903991699219,142.41151704468288,124.95096846474412,,0,0,
582,4.656862020492554,0.007038116455078125,142.08346883468835,124.97686155159954,,0,0,
583,4.66483998298645,0.007977962493896484,125.34528719144103,124.97749164522487,,0,0,
584,4.67283296585083,0.007992982864379883,125.1097390007457,124.97771785721538,,0,0,
585,4.680880069732666,0.008047103881835938,124.26831002607253,124.9764982834543,,0,0,
586,4.68776798248291,0.006887912750244141,145.18186223606784,125.00618678009334,,0,0,
587,4.694721937179565,0.0069539546966552734,143.80306510782734,125.0340292470336,,0,0,
588,4.701744079589844,0.00702214241027832,142.40668183207143,125.05997562744719,,0,0,
589,4.708750009536743,0.007005929946899414,142.73622596562873,125.086275297496,,0,0,
590,4.7169249057769775,0.008174896240234375,122.32571161922539,125.08149096828042,,0,0,
591,4.725944995880127,0.009020090103149414,110.86363756508868,125.05435431754032,,0,0,
592,4.733005046844482,0.007060050964355469,141.64203701202214,125.079097558683,,0,0,
593,4.74197793006897,0.008972883224487305,111.4468978344626,125.05330238670578,,0,0,
594,4.751018047332764,0.009040117263793945,110.6180341271725,125.02583532248913,,0,0,
595,4.75996994972229,0.008951902389526367,111.70809918235811,125.00078914042598,,0,0,
596,4.76907205581665,0.009102106094360352,109.86468292427378,124.9719008277684,,0,0,
597,4.777077913284302,0.008005857467651367,124.90854403049525,124.9717946487406,,0,0,
598,4.785223960876465,0.008146047592163086,122.75891942517634,124.96802759686715,,0,0,
599,4.794232130050659,0.009008169174194336,111.01034856946245,124.94180167985954,,0,0,
600,4.804218053817749,0.009985923767089844,100.1409607487346,124.8902512914043,,0,0,
601,4.812274932861328,0.008056879043579102,124.11753913532388,124.8889575896803,,0,0,
602,4.820228099822998,0.007953166961669922,125.73607530427483,124.89035529710841,,0,0,
603,4.827282905578613,0.007054805755615234,141.7473470767151,124.91499085399523,,0,0,
604,4.835237979888916,0.007955074310302734,125.70592819037343,124.91629212713046,,0,0,
605,4.8432440757751465,0.008006095886230469,124.90482430017867,124.91627317030715,,0,0,
606,4.85125207901001,0.008008003234863281,124.87507443134453,124.91620516319692,,0,0,
607,4.861256122589111,0.010004043579101562,99.95958055290752,124.86484659374644,,0,0,
608,4.869261026382446,0.008004903793334961,124.92342516753537,124.86494289498086,,0,0,
609,4.879270076751709,0.010009050369262695,99.90957814249303,124.81375091362669,,0,0,
610,4.888277053833008,0.009006977081298828,111.02504102917041,124.78834429437367,,0,0,
611,4.896284103393555,0.008007049560546875,124.88994759409242,124.78851044949033,,0,0,
612,4.904285907745361,0.00800180435180664,124.97181336034801,124.78880952545315,,0,0,
613,4.912339925765991,0.008054018020629883,124.16162931825582,124.78778123328134,,0,0,
614,4.919318914413452,0.0069789886474609375,143.28723694998632,124.81402622647599,,0,0,
615,4.927361011505127,0.008042097091674805,124.34567608431414,124.81326181783871,,0,0,
616,4.936384916305542,0.009023904800415039,110.81677190942958,124.78767568656758,,0,0,
617,4.9444310665130615,0.008046150207519531,124.28303899490341,124.78685448336608,,0,0,
618,4.953454971313477,0.009023904800415039,110.81677190942958,124.76140463150891,,0,0,
619,4.961426019668579,0.007971048355102539,125.45401250261718,124.76251737828974,,0,0,
620,4.969468116760254,0.008042097091674805,124.34567608431414,124.7618428034501,,0,0,
621,4.97744607925415,0.007977962493896484,125.34528719144103,124.76277796123394,,0,0,
622,4.987472057342529,0.010025978088378906,99.74089222866927,124.71247815499937,,0,0,
623,4.995408058166504,0.00793600082397461,126.00805143303491,124.7145363793691,,0,0,
624,5.003467082977295,0.008059024810791016,124.08449204189101,124.71352157446213,,0,0,
625,5.01147198677063,0.008004903793334961,124.92342516753537,124.7138568568049,,0,0,
626,5.01947808265686,0.008006095886230469,124.90482430017867,124.71416145095546,,0,0,
627,5.028433084487915,0.008955001831054688,111.66943556975505,124.6909304479394,,0,0,
628,5.037490129470825,0.009057044982910156,110.41128777508688,124.66525667733065,,0,0,
629,5.045462131500244,0.007972002029418945,125.43900469539732,124.66647922555507,,0,0,
630,5.053776025772095,0.008313894271850586,120.28057698374008,124.65926404084186,,0,0,
631,5.061456918716431,0.0076808929443359375,130.19319592748946,124.66766192687848,,0,0,
632,5.06851601600647,0.0070590972900390625,141.6611726560389,124.69132937611955,,0,0,
633,5.076467990875244,0.007951974868774414,125.75492459448925,124.69299543261046,,0,0,
634,5.083524942398071,0.0070569515228271484,141.70424676509342,124.71661045906478,,0,0,
635,5.0920610427856445,0.008536100387573242,117.14951261067509,124.70392531913153,,0,0,
636,5.10132908821106,0.009268045425415039,107.89761531139865,124.67339177740311,,0,0,
637,5.110448122024536,0.009119033813476562,109.66074043087221,124.6466033486802,,0,0,
638,5.117546081542969,0.007097959518432617,140.8855597729334,124.66912653723276,,0,0,
639,5.125499963760376,0.007953882217407227,125.72476844219298,124.67076470939843,,0,0,
640,5.133557081222534,0.008057117462158203,124.11386636681068,124.66989065749061,,0,0,
641,5.142512083053589,0.008955001831054688,111.66943556975505,124.64725209150672,,0,0,
642,5.152626991271973,0.010114908218383789,98.86397171479081,124.5966380037761,,0,0,
643,5.160583019256592,0.00795602798461914,125.69086005394067,124.59832495682386,,0,0,
644,5.16858696937561,0.008003950119018555,124.93830985076406,124.59885144929625,,0,0,
645,5.176592111587524,0.008005142211914062,124.91970455086967,124.599347620262,,0,0,
646,5.184615135192871,0.00802302360534668,124.64128852040058,124.59941252244336,,0,0,
647,5.192610025405884,0.007994890213012695,125.07989145021322,124.6001522999846,,0,0,
648,5.201611042022705,0.009001016616821289,111.09856170370567,124.57678876120232,,0,0,
649,5.209614992141724,0.008003950119018555,124.93830985076406,124.5773441951014,,0,0,
650,5.218639135360718,0.00902414321899414,110.81384412153237,124.55354415975944,,0,0,
651,5.227627992630005,0.00898885726928711,111.24884621505491,124.53066685651511,,0,0,
652,5.235633134841919,0.008005142211914062,124.91970455086967,124.53126168468373,,0,0,
653,5.2456419467926025,0.010008811950683594,99.91195807527394,124.48428745680414,,0,0,
654,5.253644943237305,0.008002996444702148,124.95319808144905,124.48500175898909,,0,0,
655,5.261651039123535,0.008006095886230469,124.90482430017867,124.48564055838779,,0,0,
656,5.269657135009766,0.008006095886230469,124.90482430017867,124.48627741675348,,0,0,
657,5.277676105499268,0.008018970489501953,124.70428732829875,124.48660866388046,,0,0,
658,5.28568696975708,0.0080108642578125,124.83047619047619,124.48712982150747,,0,0,
659,5.294688940048218,0.009001970291137695,111.0867918531663,124.46434671835483,,0,0,
660,5.3016979694366455,0.007009029388427734,142.6731070140826,124.48841933372736,,0,0,
661,5.3097100257873535,0.008012056350708008,124.8119029906264,124.48890745252764,,0,0,
662,5.317697048187256,0.007987022399902344,125.20310447761194,124.48998015516294,,0,0,
663,5.325706958770752,0.008009910583496094,124.84533873080129,124.49051461761796,,0,0,
664,5.333725929260254,0.008018970489501953,124.70428732829875,124.49083601340791,,0,0,
665,5.340901136398315,0.0071752071380615234,139.368798803788,124.51082373871625,,0,0,
666,5.348890066146851,0.007988929748535156,125.17321236719589,124.5118130610156,,0,0,
667,5.355947971343994,0.007057905197143555,141.68509948316049,124.53444349509363,,0,0,
668,5.36391806602478,0.007970094680786133,125.46902390140298,124.5358321617797,,0,0,
669,5.370957136154175,0.007039070129394531,142.06421894052298,124.55880451859859,,0,0,
670,5.379928112030029,0.008970975875854492,111.470592925293,124.5369800577477,,0,0,
671,5.387995004653931,0.008066892623901367,123.9634697798138,124.53612139959624,,0,0,
672,5.39594292640686,0.007947921752929688,125.81905447564195,124.53801108817184,,0,0,
673,5.4029669761657715,0.007024049758911133,142.36801194799904,124.56119072517376,,0,0,
674,5.41095495223999,0.00798797607421875,125.18815663801337,124.5621162898394,,0,0,
675,5.418011903762817,0.0070569515228271484,141.70424676509342,124.58444388636568,,0,0,
676,5.427020072937012,0.009008169174194336,111.01034856946245,124.56191259933192,,0,0,
677,5.434644937515259,0.00762486457824707,131.1498702354523,124.57115557387768,,0,0,
678,5.443572998046875,0.008928060531616211,112.0064090581355,124.55054800280308,,0,0,
679,5.4506309032440186,0.007057905197143555,141.68509948316049,124.57273516647105,,0,0,
680,5.459600925445557,0.008970022201538086,111.48244424952821,124.55122806334153,,0,0,
681,5.466641902923584,0.007040977478027344,142.02573479615333,124.57373504487246,,0,0,
682,5.475616931915283,0.008975028991699219,111.42025289554776,124.55217530373282,,0,0,
683,5.482599973678589,0.006983041763305664,143.20406978729216,124.57593172564373,,0,0,
684,5.489605903625488,0.007005929946899414,142.73622596562873,124.59910820706955,,0,0,
685,5.49662709236145,0.007021188735961914,142.42602465278958,124.62187965269291,,0,0,
686,5.503616094589233,0.006989002227783203,143.08194036978918,124.64532195013143,,0,0,
687,5.5106189250946045,0.007002830505371094,142.7994007898679,124.66839194259941,,0,0,
688,5.517842054367065,0.0072231292724609375,138.44415104304198,124.68642509538421,,0,0,
689,5.526868104934692,0.009026050567626953,110.79042738654974,124.66373123411844,,0,0,
690,5.5348570346832275,0.007988929748535156,125.17321236719589,124.66446661155544,,0,0,
691,5.541861057281494,0.0070040225982666016,142.77509616366547,124.68735553954204,,0,0,
692,5.549917936325073,0.008056879043579102,124.11753913532388,124.68652833058174,,0,0,
693,5.558872938156128,0.008955001831054688,111.66943556975505,124.66555859610408,,0,0,
694,5.566736936569214,0.007863998413085938,127.16177540625758,124.66908494291324,,0,0,
695,5.574743032455444,0.008006095886230469,124.90482430017867,124.66942349697528,,0,0,
696,5.581798076629639,0.007055044174194336,141.7425568585043,124.69100287129228,,0,0,
697,5.589767932891846,0.007969856262207031,125.4727773124327,124.6921175204155,,0,0,
698,5.597028017044067,0.00726008415222168,137.73945026435914,124.70904163324727,,0,0,
699,5.605587005615234,0.008558988571166992,116.83623499261817,124.6970209007187,,0,0,
700,5.61395001411438,0.008363008499145508,119.57419391624141,124.68938951007519,,0,0,
701,5.621904134750366,0.007954120635986328,125.72099994005156,124.69084907850835,,0,0,
702,5.628961086273193,0.0070569515228271484,141.70424676509342,124.71217854248451,,0,0,
703,5.636932134628296,0.007971048355102539,125.45401250261718,124.71322755180844,,0,0,
704,5.643970966339111,0.00703883171081543,142.0690309250415,124.73487269843991,,0,0,
705,5.65214204788208,0.00817108154296875,122.3828197945845,124.73147242719621,,0,0,
706,5.660201072692871,0.008059024810791016,124.08449204189101,124.73055125303468,,0,0,
707,5.66817307472229,0.007972002029418945,125.43900469539732,124.73154765737975,,0,0,
708,5.676194906234741,0.008021831512451172,124.65981097307258,124.73144627615441,,0,0,
709,5.684183120727539,0.007988214492797852,125.18442023578571,124.7320828589443,,0,0,
710,5.69218111038208,0.007997989654541016,125.03141954331366,124.73250345197505,,0,0,
711,5.700177907943726,0.007996797561645508,125.0500581378015,124.73294895044516,,0,0,
712,5.70723295211792,0.007055044174194336,141.7425568585043,124.75397552079613,,0,0,
713,5.71620512008667,0.00897216796875,111.45578231292517,124.73310264786113,,0,0,
714,5.723247051239014,0.00704193115234375,142.0065005417118,124.75435598144023,,0,0,
715,5.732197999954224,0.008950948715209961,111.72000106544496,124.73400255987491,,0,0,
716,5.739239931106567,0.00704193115234375,142.0065005417118,124.75519556505978,,0,0,
717,5.748228073120117,0.008988142013549805,111.25769914321334,124.73409038044919,,0,0,
718,5.755266904830933,0.00703883171081543,142.0690309250415,124.75529143527915,,0,0,
719,5.7632200717926025,0.007953166961669922,125.73607530427483,124.75664490395921,,0,0,
720,5.771275997161865,0.008055925369262695,124.13223238332002,124.75577330802992,,0,0,
721,5.779249906539917,0.007973909378051758,125.40899985050082,124.75667459614468,,0,0,
722,5.787255048751831,0.008005142211914062,124.91970455086967,124.75690010512284,,0,0,
723,5.796243906021118,0.00898885726928711,111.24884621505491,124.73595171675748,,0,0,
724,5.803267002105713,0.0070230960845947266,142.38734426452118,124.75731337836031,,0,0,
725,5.810348033905029,0.007081031799316406,141.2223569023569,124.77737921539627,,0,0,
726,5.818483114242554,0.008135080337524414,122.92441604876763,124.77478850508105,,0,0,
727,5.826491117477417,0.008008003234863281,124.87507443134453,124.7749263393291,,0,0,
728,5.833504915237427,0.007013797760009766,142.57610986470868,124.79632923569244,,0,0,
729,5.841552019119263,0.008047103881835938,124.26831002607253,124.79560185615057,,0,0,
730,5.849609136581421,0.008057117462158203,124.11386636681068,124.79466284932337,,0,0,
731,5.858580112457275,0.008970975875854492,111.470592925293,124.77426031021623,,0,0,
732,5.865585088729858,0.007004976272583008,142.75565841870596,124.79573459883237,,0,0,
733,5.872590065002441,0.007004976272583008,142.75565841870596,124.8171576572824,,0,0,
734,5.88057804107666,0.00798797607421875,125.18815663801337,124.81766160960834,,0,0,
735,5.888498067855835,0.007920026779174805,126.26219934374906,124.81960451209486,,0,0,
736,5.896646022796631,0.008147954940795898,122.73018288222384,124.81671736010595,,0,0,
737,5.905587911605835,0.008941888809204102,111.83319557392348,124.7970584861883,,0,0,
738,5.913630962371826,0.008043050765991211,124.33093226619238,124.79642451412026,,0,0,
739,5.920634031295776,0.007003068923950195,142.7945392026691,124.81771311885396,,0,0,
740,5.928587913513184,0.007953882217407227,125.72476844219298,124.81893003784238,,0,0,
741,5.93648099899292,0.007893085479736328,126.69316740167946,124.82142200500687,,0,0,
742,5.9444520473480225,0.007971048355102539,125.45401250261718,124.82227025971652,,0,0,
743,5.952491998672485,0.00803995132446289,124.37886246367357,124.82167135473725,,0,0,
744,5.961446046829224,0.008954048156738281,111.68132921503887,124.80193465740062,,0,0,
745,5.968631029129028,0.0071849822998046875,139.17918768250598,124.8192418603423,,0,0,
746,5.976602077484131,0.007971048355102539,125.45401250261718,124.82008845970067,,0,0,
747,5.984643936157227,0.008041858673095703,124.3493625852357,124.81945592232725,,0,0,
748,5.993597030639648,0.008953094482421875,111.69322539412015,124.79984826743882,,0,0,
749,6.000651121139526,0.00705409049987793,141.76171967418122,124.81978786624818,,0,0,
750,6.007623910903931,0.006972789764404297,143.41462080284484,124.841370086223,,0,0,
751,6.016721963882446,0.009098052978515625,109.91362683438155,124.81879742958867,,0,0,
752,6.023746013641357,0.007024049758911133,142.36801194799904,124.83926086807496,,0,0,
753,6.032732963562012,0.008986949920654297,111.27245715498488,124.81905042841363,,0,0,
754,6.040687084197998,0.007954120635986328,125.72099994005156,124.82023807728919,,0,0,
755,6.049691915512085,0.009004831314086914,111.0514972596574,124.79974361406666,,0,0,
756,6.056749105453491,0.00705718994140625,141.69945945945946,124.81943478875463,,0,0,
757,6.066756963729858,0.010007858276367188,99.92147894034686,124.77836256268859,,0,0,
758,6.074763059616089,0.008006095886230469,124.90482430017867,124.77852923006084,,0,0,
759,6.08276891708374,0.008005857467651367,124.90854403049525,124.77870034949267,,0,0,
760,6.089807987213135,0.007039070129394531,142.06421894052298,124.79868028610818,,0,0,
761,6.098779916763306,0.008971929550170898,111.45874412053892,124.77905587448573,,0,0,
762,6.106837034225464,0.008057117462158203,124.11386636681068,124.77817824995311,,0,0,
763,6.1157920360565186,0.008955001831054688,111.66943556975505,124.75898387349102,,0,0,
764,6.122848987579346,0.0070569515228271484,141.70424676509342,124.77851430760921,,0,0,
765,6.131820917129517,0.008971929550170898,111.45874412053892,124.75902514747915,,0,0,
766,6.138864994049072,0.007044076919555664,141.96324251142326,124.77876622837437,,0,0,
767,6.14581298828125,0.006947994232177734,143.92642920870222,124.80041313696086,,0,0,
768,6.153836965560913,0.008023977279663086,124.62647452087357,124.8001863387029,,0,0,
769,6.1618430614471436,0.008006095886230469,124.90482430017867,124.80032229503034,,0,0,
770,6.16886305809021,0.007019996643066406,142.45021056921613,124.82040738287694,,0,0,
771,6.176836013793945,0.007972955703735352,125.42400047845459,124.82118649066017,,0,0,
772,6.18486213684082,0.008026123046875,124.59315589353612,124.82089057434214,,0,0,
773,6.193846940994263,0.008984804153442383,111.29903144487197,124.80127574413629,,0,0,
774,6.201904058456421,0.008057117462158203,124.11386636681068,124.80038270579749,,0,0,
775,6.210859060287476,0.008955001831054688,111.66943556975505,124.78145011458824,,0,0,
776,6.217916011810303,0.0070569515228271484,141.70424676509342,124.80065644599678,,0,0,
777,6.225899934768677,0.007983922958374023,125.25170961865798,124.80123486418826,,0,0,
778,6.233896017074585,0.007996082305908203,125.06124396207288,124.8015683721809,,0,0,
779,6.242882013320923,0.00898599624633789,111.28426638365615,124.78211158528819,,0,0,
780,6.250939130783081,0.008057117462158203,124.11386636681068,124.78125025387764,,0,0,
781,6.258892059326172,0.00795292854309082,125.73984471025572,124.78246830223846,,0,0,
782,6.2669219970703125,0.008029937744140625,124.53396674584323,124.78214989201601,,0,0,
783,6.275903940200806,0.008981943130493164,111.33448358240649,124.76290387181211,,0,0,
784,6.283961057662964,0.008057117462158203,124.11386636681068,124.76207169424654,,0,0,
785,6.292017936706543,0.008056879043579102,124.11753913532388,124.76124637541892,,0,0,
786,6.300076961517334,0.008059024810791016,124.08449204189101,124.7603806748889,,0,0,
787,6.3070290088653564,0.006952047348022461,143.84251860489042,124.78141433847351,,0,0,
788,6.315087080001831,0.00805807113647461,124.09917746612226,124.78054380206132,,0,0,
789,6.32350492477417,0.008417844772338867,118.79525306596426,124.7725761877504,,0,0,
790,6.331546068191528,0.008041143417358398,124.36042339965013,124.77205274850772,,0,0,
791,6.339498996734619,0.00795292854309082,125.73984471025572,124.77326684765346,,0,0,
792,6.347522020339966,0.00802302360534668,124.64128852040058,124.77310003212583,,0,0,
793,6.355509042739868,0.007987022399902344,125.20310447761194,124.7736404223786,,0,0,
794,6.365571022033691,0.010061979293823242,99.3840248323579,124.73350737139847,,0,0,
795,6.375523090362549,0.009952068328857422,100.48162522159934,124.69565065206152,,0,0,
796,6.384567975997925,0.009044885635375977,110.55971742625933,124.67562456731194,,0,0,
797,6.394576072692871,0.010008096694946289,99.91909855397003,124.63687833873387,,0,0,
798,6.403580904006958,0.009004831314086914,111.0514972596574,124.617774330088,,0,0,
799,6.412637948989868,0.009057044982910156,110.41128777508688,124.5977094536984,,0,0,
800,6.421612977981567,0.008975028991699219,111.42025289554776,124.57929226551659,,0,0,
801,6.428653001785278,0.0070400238037109375,142.0449742617177,124.59841894990399,,0,0,
802,6.436712980270386,0.008059978485107422,124.06981009288292,124.59775703193007,,0,0,
803,6.4447550773620605,0.008042097091674805,124.34567608431414,124.59744247234924,,0,0,
804,6.453725099563599,0.008970022201538086,111.48244424952821,124.57921395727973,,0,0,
805,6.461764097213745,0.008038997650146484,124.39361765229255,124.57898305930246,,0,0,
806,6.4697370529174805,0.007972955703735352,125.42400047845459,124.58002441328588,,0,0,
807,6.477797031402588,0.008059978485107422,124.06981009288292,124.57938958073011,,0,0,
808,6.48576807975769,0.007971048355102539,125.45401250261718,124.5804644976123,,0,0,
809,6.493808031082153,0.00803995132446289,124.37886246367357,124.5802148951399,,0,0,
810,6.5017619132995605,0.007953882217407227,125.72476844219298,124.5816150762333,,0,0,
811,6.508886098861694,0.007124185562133789,140.3669221244269,124.5988926034259,,0,0,
812,6.516878128051758,0.007992029190063477,125.12466811849289,124.59953739272244,,0,0,
813,6.525886058807373,0.009007930755615234,111.01328675030437,124.58078377000938,,0,0,
814,6.534908056259155,0.009021997451782227,110.84019978330383,124.5618137228952,,0,0,
815,6.542896032333374,0.00798797607421875,125.18815663801337,124.56257840144052,,0,0,
816,6.551952123641968,0.00905609130859375,110.4229149115417,124.54303459507246,,0,0,
817,6.5592310428619385,0.007278919219970703,137.3830330822142,124.55728341649096,,0,0,
818,6.5674049854278564,0.008173942565917969,122.33998366584996,124.55452371446962,,0,0,
819,6.575493097305298,0.008088111877441406,123.63825020634359,124.55339666246996,,0,0,
820,6.5837249755859375,0.008231878280639648,121.4789584962493,124.5495525771141,,0,0,
821,6.5927441120147705,0.009019136428833008,110.87536017341193,124.53084573748137,,0,0,
822,6.599739074707031,0.006994962692260742,142.96001908722178,124.55037853697108,,0,0,
823,6.608061075210571,0.008322000503540039,120.16341498352672,124.54485372228108,,0,0,
824,6.6161229610443115,0.008061885833740234,124.040456615603,124.54423910373289,,0,0,
825,6.624078035354614,0.007955074310302734,125.70592819037343,124.54563421456346,,0,0,
826,6.633095979690552,0.0090179443359375,110.89001692047377,124.52706888745105,,0,0,
827,6.642167091369629,0.009071111679077148,110.24007149052488,124.50755734142045,,0,0,
828,6.651435136795044,0.009268045425415039,107.89761531139865,124.48441320875108,,0,0,
829,6.659234046936035,0.007798910140991211,128.22304423588395,124.48879167738957,,0,0,
830,6.666285991668701,0.007051944732666016,141.8048549597674,124.507109511549,,0,0,
831,6.675260066986084,0.008974075317382812,111.43209351753454,124.4895317427237,,0,0,
832,6.682296991348267,0.007036924362182617,142.10753853972557,124.50808473152432,,0,0,
833,6.690268039703369,0.007971048355102539,125.45401250261718,124.50921174705779,,0,0,
834,6.698308944702148,0.008040904998779297,124.36411077506968,124.50903756232839,,0,0,
835,6.706279993057251,0.007971048355102539,125.45401250261718,124.5101607544634,,0,0,
836,6.7133190631866455,0.007039070129394531,142.06421894052298,124.52856659000676,,0,0,
837,6.7205281257629395,0.007209062576293945,138.7142904388663,124.54378351477855,,0,0,
838,6.727482080459595,0.0069539546966552734,143.80306510782734,124.56369113698942,,0,0,
839,6.734539985656738,0.007057905197143555,141.68509948316049,124.58163464570809,,0,0,
840,6.742512941360474,0.007972955703735352,125.42400047845459,124.58263073507852,,0,0,
841,6.750514030456543,0.008001089096069336,124.98298519026193,124.58310525770769,,0,0,
842,6.7585179805755615,0.008003950119018555,124.93830985076406,124.58352591795494,,0,0,
843,6.7664289474487305,0.007910966873168945,126.40679907175793,124.58565759681133,,0,0,
844,6.776386022567749,0.009957075119018555,100.43109929842205,124.5501654110588,,0,0,
