Index,Time,Difference,Hz,AveHz,0x6103 Pressure,0x6103 Acceleration-X,0x6103 Acceleration-Y,0x6103 Acceleration-Z,0x6103 Magnetic-X,0x6103 Magnetic-Y,0x6103 Magnetic-Z,0x6103 Angular-Vel-X,0x6103 Angular-Vel-Y,0x6103 Angular-Vel-Z,0x6103 Heading,0x6103 Roll,0x6103 Pitch,0x6103 Quaternion-X,0x6103 Quaternion-Y,0x6103 Quaternion-Z,0x6103 Quaternion-W,0x6103 Linear-Acceleration-X,0x6103 Linear-Acceleration-Y,0x6103 Linear-Acceleration-Z,0x6103 Gravity-X,0x6103 Gravity-Y,0x6103 Gravity-Z,0x6103 Range,0x6103 Smoothed Range,0x6103 Velocity,
0,7.152557373046875e-07,7.152557373046875e-07,1398101.3333333333,0.0,103105.5,402.0,812.0,-374.0,-8.875,-73.5625,-0.75,0.0,0.0,0.0,343.5625,23.625,-115.0,0.7940673828125,-0.251708984375,0.078857421875,0.54754638671875,9.0,-1.0,6.0,393.0,813.0,-380.0,443,352.6,,
1,0.024721860885620117,0.024721145629882812,40.45119975310547,40.45002941431754,103105.5,400.0,810.0,-384.0,-8.875,-73.5625,-0.75,0.0,0.0,0.0,343.5625,23.625,-115.0,0.7940673828125,-0.251708984375,0.078857421875,0.54754638671875,7.0,-3.0,-3.0,393.0,813.0,-380.0,410,364.08000000000004,46.43797731656516,
2,0.05139875411987305,0.02667689323425293,37.48562440232011,38.91144900780213,103105.5,400.0,807.0,-372.0,-8.875,-73.5625,0.375,0.0,0.0,0.0,343.5625,23.625,-115.0,0.7940673828125,-0.251708984375,0.078857421875,0.54754638671875,7.0,-6.0,7.0,393.0,813.0,-380.0,335,358.26400000000007,19.992540432519363,
3,0.07789278030395508,0.02649402618408203,37.74435765451208,38.51448090944152,103107.75,394.0,806.0,-379.0,-8.875,-73.5625,0.375,0.0,0.0,0.0,343.5625,23.625,-115.0,0.7940673828125,-0.251708984375,0.078857421875,0.54754638671875,0.0,-7.0,0.0,393.0,813.0,-380.0,396,365.81120000000004,46.47970799828069,
4,0.10446476936340332,0.026571989059448242,37.63361477241119,38.29042101347234,103107.75,402.0,815.0,-373.0,-8.1875,-73.5625,-0.375,0.0,0.0,0.0,343.5625,23.625,-115.0,0.7940673828125,-0.251708984375,0.078857421875,0.54754638671875,8.0,1.0,7.0,393.0,813.0,-380.0,339,360.44896000000006,21.651689750731254,
5,0.130950927734375,0.02648615837097168,37.75556975812622,38.18224190165463,103107.75,399.0,807.0,-380.0,-8.1875,-73.5625,-0.375,0.0,0.0,0.0,343.5625,23.625,-115.0,0.7940673828125,-0.251708984375,0.078857421875,0.54754638671875,6.0,-6.0,0.0,393.0,813.0,-380.0,344,357.1591680000001,7.065723641085656,
6,0.16028976440429688,0.029338836669921875,34.084514367442466,37.43220923867774,103107.75,400.0,811.0,-370.0,-8.875,-73.1875,-0.75,0.0,0.0,0.0,343.5625,23.625,-115.0,0.7940673828125,-0.251708984375,0.078857421875,0.54754638671875,7.0,-2.0,10.0,393.0,813.0,-380.0,372,360.1273344000001,16.47600230755319,
7,0.18551397323608398,0.02522420883178711,39.6444545265506,37.73300672662453,103107.75,396.0,813.0,-378.0,-8.875,-73.1875,-0.75,0.0,0.0,0.0,343.5625,23.625,-115.0,0.7940673828125,-0.251708984375,0.078857421875,0.54754638671875,3.0,0.0,1.0,393.0,813.0,-380.0,363,360.7018675200001,17.106107291781644,
8,0.21194696426391602,0.02643299102783203,37.83151134682686,37.74529174212853,103107.75,395.0,809.0,-371.0,-8.1875,-72.375,-1.1875,0.0,0.0,0.0,343.5625,23.625,-115.0,0.7940673828125,-0.251708984375,0.078857421875,0.54754638671875,3.0,-7.0,6.0,393.0,813.0,-380.0,363,361.1614940160001,17.134333062476102,
9,0.24017691612243652,0.028229951858520508,35.42336894556818,37.47237721801712,103107.75,396.0,813.0,-381.0,-8.1875,-72.375,-1.1875,0.0,0.0,0.0,343.5625,23.625,-115.0,0.7940673828125,-0.251708984375,0.078857421875,0.54754638671875,3.0,0.0,2.0,393.0,813.0,-380.0,382,365.3291952128001,30.184301471141573,
10,0.26369261741638184,0.023515701293945312,42.524778976397116,37.92294262152048,103107.75,406.0,814.0,-371.0,-8.875,-73.5625,-0.75,0.0,0.0,0.0,343.5625,23.625,-115.0,0.7940673828125,-0.251708984375,0.078857421875,0.54754638671875,4.0,-9.0,3.0,393.0,813.0,-380.0,316,355.46335617024005,-14.788391146130028,
11,0.29105281829833984,0.027360200881958008,36.549439249893254,37.79382747197656,103107.75,403.0,810.0,-377.0,-8.875,-73.5625,-0.75,0.0,0.0,0.0,343.5625,23.625,-115.0,0.7940673828125,-0.251708984375,0.078857421875,0.54754638671875,1.0,-1.0,5.0,393.0,813.0,-380.0,377,359.7706849361921,2.4334930745311354,
12,0.32163572311401367,0.030582904815673828,32.698005831267444,37.3092885448742,103107.75,401.0,809.0,-380.0,-8.875,-72.75,-1.1875,0.0,0.0,0.0,343.5625,23.625,-115.0,0.7940673828125,-0.251708984375,0.078857421875,0.54754638671875,1.0,-5.0,-6.0,393.0,813.0,-380.0,321,352.01654794895364,-23.164337875438882,
13,0.3481898307800293,0.026554107666015625,37.658957046401376,37.33595542086011,103107.75,402.0,810.0,-380.0,-8.875,-72.75,-1.1875,0.0,0.0,0.0,343.5625,23.625,-115.0,0.7940673828125,-0.251708984375,0.078857421875,0.54754638671875,8.0,-6.0,4.0,393.0,813.0,-380.0,368,355.213238359163,-8.809501403023367,
14,0.37548065185546875,0.027290821075439453,36.64235668233362,37.28554302550035,103107.75,401.0,808.0,-373.0,-8.5625,-73.5625,-1.1875,0.0,0.0,0.0,343.5625,23.625,-115.0,0.7940673828125,-0.251708984375,0.078857421875,0.54754638671875,8.0,-3.0,-1.0,393.0,813.0,-380.0,400,364.1705906873304,24.893298631083162,
15,0.4000430107116699,0.024562358856201172,40.71270214129021,37.495968179309635,103107.75,399.0,811.0,-374.0,-8.1875,-73.1875,-1.1875,0.0,0.0,0.0,343.5625,23.625,-115.0,0.7940673828125,-0.251708984375,0.078857421875,0.54754638671875,6.0,-2.0,5.0,393.0,813.0,-380.0,400,371.3364725498643,51.57821015287659,
16,0.4255087375640869,0.025465726852416992,39.26846485848836,37.60204806038842,103107.75,396.0,809.0,-371.0,-8.1875,-73.1875,-1.1875,0.0,0.0,0.0,343.5625,23.625,-115.0,0.7940673828125,-0.251708984375,0.078857421875,0.54754638671875,1.0,-5.0,-3.0,393.0,813.0,-380.0,377,372.4691780398915,50.86834971060395,
17,0.45207977294921875,0.026571035385131836,37.63496549929563,37.60398278626276,103103.75,399.0,809.0,-376.0,-8.875,-73.5625,0.0,0.0,0.0,0.0,343.5625,23.625,-115.0,0.7940673828125,-0.251708984375,0.078857421875,0.54754638671875,6.0,-2.0,3.0,393.0,813.0,-380.0,382,374.3753424319133,52.95535785251606,
18,0.4790778160095215,0.026998043060302734,37.03972164820996,37.57218430594636,103103.75,401.0,813.0,-379.0,-8.875,-73.5625,0.0,0.0,0.0,0.0,343.5625,23.625,-115.0,0.7940673828125,-0.251708984375,0.078857421875,0.54754638671875,5.0,-4.0,-2.0,393.0,813.0,-380.0,396,378.7002739455306,63.679248008460235,
19,0.5095257759094238,0.030447959899902344,32.84292291790648,37.289575715944835,103103.75,400.0,810.0,-375.0,-8.1875,-73.5625,-0.75,0.0,0.0,0.0,343.5625,23.625,-115.0,0.7940673828125,-0.251708984375,0.078857421875,0.54754638671875,7.0,-3.0,4.0,393.0,813.0,-380.0,382,379.3602191564245,59.478776176757044,
20,0.5348048210144043,0.02527904510498047,39.558456256837815,37.39682069818388,103103.75,395.0,809.0,-383.0,-8.1875,-73.5625,-0.75,0.0,0.0,0.0,343.5625,23.625,-115.0,0.7940673828125,-0.251708984375,0.078857421875,0.54754638671875,6.0,-1.0,2.0,393.0,813.0,-380.0,330,369.4881753251396,14.478617152534468,
21,0.560377836227417,0.025573015213012695,39.10371896588695,37.47471552653916,103103.75,400.0,812.0,-372.0,-8.5625,-73.875,-0.375,0.0,0.0,0.0,343.5625,23.625,-115.0,0.7940673828125,-0.251708984375,0.078857421875,0.54754638671875,5.0,-2.0,3.0,393.0,813.0,-380.0,358,367.19054026011173,4.046147850379331,
22,0.5850598812103271,0.024682044982910156,40.51528148062285,37.602988525701136,103103.75,404.0,810.0,-380.0,-8.5625,-73.875,-0.375,0.0,0.0,0.0,343.5625,23.625,-115.0,0.7940673828125,-0.251708984375,0.078857421875,0.54754638671875,8.0,-1.0,-1.0,393.0,813.0,-380.0,415,376.7524322080894,42.38180744130293,
23,0.6118929386138916,0.026833057403564453,37.26746397028771,37.588274922899785,103103.75,398.0,812.0,-375.0,-8.875,-73.1875,-0.75,0.0,0.0,0.0,343.5625,23.625,-115.0,0.7940673828125,-0.251708984375,0.078857421875,0.54754638671875,1.0,-6.0,3.0,393.0,813.0,-380.0,354,372.2019457664715,21.185117746145,
24,0.639000654220581,0.027107715606689453,36.8898661366075,37.55864699273887,103103.75,400.0,809.0,-379.0,-8.875,-73.1875,-0.75,0.0,0.0,0.0,343.5625,23.625,-115.0,0.7940673828125,-0.251708984375,0.078857421875,0.54754638671875,7.0,-3.0,1.0,393.0,813.0,-380.0,354,368.56155661317723,5.63725911651211,
25,0.6642129421234131,0.02521228790283203,39.66319930400575,37.63853188418438,103103.75,400.0,811.0,-376.0,-8.1875,-73.1875,0.0,0.0,0.0,0.0,343.5625,23.625,-115.0,0.7940673828125,-0.251708984375,0.078857421875,0.54754638671875,7.0,-2.0,4.0,393.0,813.0,-380.0,419,378.6492452905418,45.084533857568154,
26,0.6927897930145264,0.02857685089111328,34.99335891873853,37.529421279240516,103103.75,398.0,810.0,-374.0,-8.1875,-73.1875,0.0,0.0,0.0,0.0,343.5625,23.625,-115.0,0.7940673828125,-0.251708984375,0.078857421875,0.54754638671875,8.0,-2.0,3.0,393.0,813.0,-380.0,293,361.51939623243345,-19.367015159608677,
27,0.7153868675231934,0.022597074508666992,44.253516074235854,37.741816666944395,103103.75,398.0,805.0,-375.0,-8.875,-72.375,-1.5625,0.0,0.0,0.0,343.5625,23.625,-115.0,0.7940673828125,-0.251708984375,0.078857421875,0.54754638671875,5.0,-2.0,9.0,393.0,813.0,-380.0,424,374.01551698594676,37.86941441947154,
28,0.742473840713501,0.027086973190307617,36.91811532334017,37.71176634734042,103103.75,396.0,811.0,-379.0,-8.875,-72.375,-1.5625,0.0,0.0,0.0,343.5625,23.625,-115.0,0.7940673828125,-0.251708984375,0.078857421875,0.54754638671875,5.0,-3.0,2.0,393.0,813.0,-380.0,316,362.41241358875743,-8.753997955083186,
29,0.7692129611968994,0.026739120483398438,37.39838790213282,37.70087279194548,103103.75,395.0,808.0,-376.0,-8.1875,-72.75,-0.75,0.0,0.0,0.0,343.5625,23.625,-115.0,0.7940673828125,-0.251708984375,0.078857421875,0.54754638671875,1.0,-5.0,3.0,393.0,813.0,-380.0,307,351.329930871006,-49.32529691928994,
30,0.7965078353881836,0.02729487419128418,36.6369155245757,37.66441291237178,103103.75,400.0,810.0,-376.0,-8.1875,-72.75,-0.75,0.0,0.0,0.0,343.5625,23.625,-115.0,0.7940673828125,-0.251708984375,0.078857421875,0.54754638671875,7.0,-3.0,3.0,393.0,813.0,-380.0,368,354.66394469680483,-32.177968938005066,
31,0.8225369453430176,0.026029109954833984,38.41852455712899,37.68827670965255,103103.75,399.0,810.0,-376.0,-8.1875,-73.1875,-1.1875,0.0,0.0,0.0,343.5625,23.625,-115.0,0.7940673828125,-0.251708984375,0.078857421875,0.54754638671875,5.0,-4.0,-2.0,393.0,813.0,-380.0,330,349.7311557574439,-47.911219344401786,
32,0.8518569469451904,0.02932000160217285,34.10641014173382,37.56499270770039,103107.0,396.0,808.0,-378.0,-8.1875,-73.1875,-1.1875,0.0,0.0,0.0,343.5625,23.625,-115.0,0.7940673828125,-0.251708984375,0.078857421875,0.54754638671875,3.0,-5.0,1.0,393.0,813.0,-380.0,363,352.3849246059552,-34.069044533093376,
33,0.8779358863830566,0.02607893943786621,38.3451176142545,37.588166188255805,103107.0,399.0,810.0,-379.0,-9.6875,-72.75,-0.75,0.0,0.0,0.0,343.5625,23.625,-115.0,0.7940673828125,-0.251708984375,0.078857421875,0.54754638671875,6.0,-2.0,1.0,393.0,813.0,-380.0,372,356.30793968476416,-15.619292619841588,
34,0.9069719314575195,0.02903604507446289,34.43995204703332,37.487378408019104,103107.0,397.0,809.0,-374.0,-8.5625,-72.375,-1.1875,0.0,0.0,0.0,343.5625,23.625,-115.0,0.7940673828125,-0.251708984375,0.078857421875,0.54754638671875,8.0,-1.0,2.0,393.0,813.0,-380.0,419,368.84635174781135,29.12486766187151,
35,0.9335596561431885,0.026587724685668945,37.6113417685196,37.49090887731307,103107.0,401.0,810.0,-384.0,-8.5625,-72.375,-1.1875,0.0,0.0,0.0,343.5625,23.625,-115.0,0.7940673828125,-0.251708984375,0.078857421875,0.54754638671875,6.0,-3.0,3.0,393.0,813.0,-380.0,297,354.4770813982491,-27.8323729124798,
36,0.9609248638153076,0.02736520767211914,36.542752095349286,37.463907278935075,103107.0,398.0,809.0,-374.0,-9.25,-72.75,-1.5625,0.0,0.0,0.0,343.5625,23.625,-115.0,0.7940673828125,-0.251708984375,0.078857421875,0.54754638671875,6.0,2.0,1.0,393.0,813.0,-380.0,344,352.3816651185993,-32.70636338561193,
37,0.985663890838623,0.02473902702331543,40.42196158553627,37.538151030895165,103107.0,406.0,808.0,-382.0,-9.25,-72.75,-1.5625,0.0,0.0,0.0,343.5625,23.625,-115.0,0.7940673828125,-0.251708984375,0.078857421875,0.54754638671875,13.0,-5.0,-1.0,393.0,813.0,-380.0,377,357.3053320948794,-9.533299309533891,
38,1.0121569633483887,0.026493072509765625,37.74571634269258,37.54358402504043,103107.0,386.0,809.0,-372.0,-8.875,-73.875,-0.75,0.0,0.0,0.0,343.5625,23.625,-115.0,0.7940673828125,-0.251708984375,0.078857421875,0.54754638671875,7.0,3.0,-2.0,393.0,813.0,-380.0,307,347.24426567590353,-46.55618529414586,
39,1.0365498065948486,0.02439284324645996,40.995630968322075,37.62482010210219,103107.0,403.0,813.0,-370.0,-8.875,-73.875,-0.75,0.0,0.0,0.0,343.5625,23.625,-115.0,0.7940673828125,-0.251708984375,0.078857421875,0.54754638671875,-7.0,-11.0,-4.0,393.0,813.0,-380.0,330,343.79541254072285,-56.03935780411207,
40,1.062755823135376,0.026206016540527344,38.15917609811129,37.63799654561358,103107.0,401.0,811.0,-371.0,-8.5625,-73.5625,-0.75,0.0,0.0,0.0,343.5625,23.625,-115.0,0.7940673828125,-0.251708984375,0.078857421875,0.54754638671875,0.0,-4.0,10.0,393.0,813.0,-380.0,377,350.4363300325783,-25.094228021226805,
41,1.0891478061676025,0.026391983032226562,37.89029413890294,37.64411016376849,103107.0,395.0,809.0,-375.0,-8.5625,-73.5625,-0.75,0.0,0.0,0.0,343.5625,23.625,-115.0,0.7940673828125,-0.251708984375,0.078857421875,0.54754638671875,2.0,-4.0,5.0,393.0,813.0,-380.0,330,346.34906402606265,-38.07157634018594,
42,1.1140270233154297,0.02487921714782715,40.19419076003105,37.70106031629716,103107.0,397.0,809.0,-375.0,-8.875,-72.375,0.0,0.0,0.0,0.0,343.5625,23.625,-115.0,0.7940673828125,-0.251708984375,0.078857421875,0.54754638671875,4.0,-4.0,5.0,393.0,813.0,-380.0,311,339.27925122085014,-62.68095915920952,
43,1.1431057453155518,0.02907872200012207,34.38940679703194,37.61681732089444,103107.0,395.0,807.0,-377.0,-8.875,-72.375,0.0,0.0,0.0,0.0,343.5625,23.625,-115.0,0.7940673828125,-0.251708984375,0.078857421875,0.54754638671875,9.0,-2.0,3.0,393.0,813.0,-380.0,396,350.6234009766801,-17.401005171319866,
44,1.1652789115905762,0.022173166275024414,45.09955806926807,37.75920044750584,103107.0,400.0,814.0,-376.0,-9.25,-73.1875,-2.875,0.0,0.0,0.0,343.5625,23.625,-115.0,0.7940673828125,-0.251708984375,0.078857421875,0.54754638671875,7.0,0.0,3.0,393.0,813.0,-380.0,386,357.6987207813441,16.24847498472073,
45,1.201659917831421,0.03638100624084473,27.48687030204531,37.44819922196405,103107.0,389.0,806.0,-380.0,-9.25,-73.1875,-2.875,0.0,0.0,0.0,343.5625,23.625,-115.0,0.7940673828125,-0.251708984375,0.078857421875,0.54754638671875,-3.0,-7.0,0.0,393.0,813.0,-380.0,368,359.7589766250753,20.286626002815773,
46,1.2283198833465576,0.02665996551513672,37.5094258629941,37.449528110440575,103103.0,396.0,809.0,-383.0,-8.5625,-72.375,-0.75,0.0,0.0,0.0,343.5625,23.625,-115.0,0.7940673828125,-0.251708984375,0.078857421875,0.54754638671875,3.0,-4.0,-3.0,393.0,813.0,-380.0,424,372.6071813000603,66.45084147542649,
47,1.2535936832427979,0.025273799896240234,39.56666603777145,37.49221189310745,103103.0,401.0,812.0,-375.0,-9.25,-72.75,-0.375,0.0,0.0,0.0,343.5625,23.625,-115.0,0.7940673828125,-0.251708984375,0.078857421875,0.54754638671875,8.0,-1.0,5.0,393.0,813.0,-380.0,325,363.08574504004827,22.132608457901505,
48,1.2799186706542969,0.026324987411499023,37.986722818457636,37.50238284707755,103103.0,398.0,810.0,-385.0,-9.25,-72.75,-0.375,0.0,0.0,0.0,343.5625,23.625,-115.0,0.7940673828125,-0.251708984375,0.078857421875,0.54754638671875,5.0,-2.0,-5.0,393.0,813.0,-380.0,344,359.26859603203866,5.419249479710206,
49,1.3078079223632812,0.027889251708984375,35.856107235672276,37.46727570777694,103103.0,395.0,808.0,-375.0,-8.875,-73.5625,0.0,0.0,0.0,0.0,343.5625,23.625,-115.0,0.7940673828125,-0.251708984375,0.078857421875,0.54754638671875,2.0,-5.0,5.0,393.0,813.0,-380.0,386,364.6148768256309,24.04700627644509,
50,1.3326389789581299,0.024831056594848633,40.272148556395166,37.51953889198895,103103.0,399.0,810.0,-384.0,-8.875,-73.5625,0.0,0.0,0.0,0.0,343.5625,23.625,-115.0,0.7940673828125,-0.251708984375,0.078857421875,0.54754638671875,6.0,-2.0,-3.0,393.0,813.0,-380.0,405,372.69190146050477,54.1702192477309,
51,1.3598909378051758,0.0272519588470459,36.694609940246536,37.503007470814175,103103.0,399.0,810.0,-374.0,-8.875,-74.25,-0.75,0.0,0.0,0.0,343.5625,23.625,-115.0,0.7940673828125,-0.251708984375,0.078857421875,0.54754638671875,6.0,-3.0,6.0,393.0,813.0,-380.0,396,377.3535211684038,65.85882901006993,
52,1.4046978950500488,0.04480695724487305,22.317962689029127,37.018635952428234,103103.0,395.0,810.0,-378.0,-7.75,-73.5625,-2.0625,0.0,0.0,0.0,343.5625,23.625,-115.0,0.7940673828125,-0.251708984375,0.078857421875,0.54754638671875,2.0,-3.0,1.0,393.0,813.0,-380.0,391,380.08281693472304,65.36417821706674,
53,1.4304850101470947,0.0257871150970459,38.77905675903069,37.05037076519249,103103.0,398.0,810.0,-383.0,-7.75,-73.5625,-2.0625,0.0,0.0,0.0,343.5625,23.625,-115.0,0.7940673828125,-0.251708984375,0.078857421875,0.54754638671875,4.0,-3.0,-8.0,393.0,813.0,-380.0,424,388.86625354777846,92.88909909106249,
54,1.4569249153137207,0.026439905166625977,37.82161825838391,37.06436716978798,103103.0,395.0,809.0,-370.0,-8.875,-72.75,0.75,0.0,0.0,0.0,343.5625,23.625,-115.0,0.7940673828125,-0.251708984375,0.078857421875,0.54754638671875,2.0,-3.0,10.0,393.0,813.0,-380.0,,388.86625354777846,92.88909909106249,
55,1.479522705078125,0.022597789764404297,44.25211538055749,37.17415069821167,103103.0,402.0,809.0,-377.0,-8.875,-72.75,0.75,0.0,0.0,0.0,343.5625,23.625,-115.0,0.7940673828125,-0.251708984375,0.078857421875,0.54754638671875,9.0,-4.0,2.0,393.0,813.0,-380.0,452,401.49300283822276,139.47622583016764,
56,1.5078988075256348,0.028376102447509766,35.24092154127947,37.137770598739586,103103.0,392.0,808.0,-374.0,-9.6875,-73.875,-1.1875,0.0,0.0,0.0,343.5625,23.625,-115.0,0.7940673828125,-0.251708984375,0.078857421875,0.54754638671875,-1.0,-5.0,6.0,393.0,813.0,-380.0,391,399.3944022705782,118.13294145206625,
57,1.54417085647583,0.03627204895019531,27.56943787137824,36.91301371280101,103103.0,398.0,809.0,-376.0,-9.6875,-73.875,-1.1875,0.0,0.0,0.0,343.5625,23.625,-115.0,0.7940673828125,-0.251708984375,0.078857421875,0.54754638671875,5.0,-3.0,3.0,393.0,813.0,-380.0,400,399.5155218164626,106.65356708638649,
58,1.575028896331787,0.03085803985595703,32.40646537070804,36.82472120675431,103103.0,403.0,809.0,-384.0,-8.875,-73.5625,0.0,0.0,0.0,0.0,343.5625,23.625,-115.0,0.7940673828125,-0.251708984375,0.078857421875,0.54754638671875,9.0,-4.0,-3.0,393.0,813.0,-380.0,382,396.0124174531701,84.6358873538464,
59,1.5992457866668701,0.024216890335083008,41.29349334961063,36.89239045798403,103102.75,396.0,808.0,-375.0,-8.875,-73.5625,0.0,0.0,0.0,0.0,343.5625,23.625,-115.0,0.7940673828125,-0.251708984375,0.078857421875,0.54754638671875,3.0,-5.0,4.0,393.0,813.0,-380.0,424,401.6099339625361,99.2863996938459,
60,1.6276376247406006,0.02839183807373047,35.22138994323335,36.8632422155775,103102.75,395.0,809.0,-381.0,-8.1875,-73.875,-0.375,0.0,0.0,0.0,343.5625,23.625,-115.0,0.7940673828125,-0.251708984375,0.078857421875,0.54754638671875,1.0,-4.0,-1.0,393.0,813.0,-380.0,368,394.88794717002895,65.68198792324542,
61,1.6544299125671387,0.026792287826538086,37.32417352614016,36.87070666254322,103102.75,398.0,810.0,-373.0,-8.5625,-73.1875,-0.375,0.0,0.0,0.0,343.5625,23.625,-115.0,0.7940673828125,-0.251708984375,0.078857421875,0.54754638671875,5.0,-3.0,6.0,393.0,813.0,-380.0,405,396.9103577360232,66.66226942154765,
62,1.6872987747192383,0.03286886215209961,30.423931177554365,36.74512239856075,103102.75,402.0,811.0,-377.0,-8.5625,-73.1875,-0.375,0.0,0.0,0.0,343.5625,23.625,-115.0,0.7940673828125,-0.251708984375,0.078857421875,0.54754638671875,9.0,-2.0,2.0,393.0,813.0,-380.0,344,386.3282861888186,27.801220832582047,
63,1.7145206928253174,0.0272219181060791,36.73510426793487,36.74496333793663,103102.75,397.0,810.0,-376.0,-9.25,-73.5625,0.375,0.0,0.0,0.0,343.5625,23.625,-115.0,0.7940673828125,-0.251708984375,0.078857421875,0.54754638671875,4.0,-2.0,3.0,393.0,813.0,-380.0,316,372.26262895105486,-26.649239773304505,
64,1.7423937320709229,0.02787303924560547,35.87696308208164,36.73107795442582,103102.75,395.0,809.0,-381.0,-9.25,-73.5625,0.375,0.0,0.0,0.0,343.5625,23.625,-115.0,0.7940673828125,-0.251708984375,0.078857421875,0.54754638671875,1.0,-3.0,0.0,393.0,813.0,-380.0,377,373.2101031608439,-20.585066071391434,
65,1.7693839073181152,0.026990175247192383,37.05051897001016,36.735950706436334,103102.75,392.0,804.0,-379.0,-8.5625,-72.75,-0.75,0.0,0.0,0.0,343.5625,23.625,-115.0,0.7940673828125,-0.251708984375,0.078857421875,0.54754638671875,9.0,-5.0,4.0,393.0,813.0,-380.0,405,379.5680825286751,5.030084053624037,
66,1.7947468757629395,0.02536296844482422,39.427561571724006,36.77398795969135,103102.75,396.0,809.0,-375.0,-8.5625,-72.75,-0.75,0.0,0.0,0.0,343.5625,23.625,-115.0,0.7940673828125,-0.251708984375,0.078857421875,0.54754638671875,6.0,0.0,12.0,393.0,813.0,-380.0,424,388.4544660229401,39.56391888527007,
67,1.8189408779144287,0.024194002151489258,41.332558116617555,36.8346221768468,103102.75,397.0,813.0,-371.0,-8.875,-72.375,-1.1875,0.0,0.0,0.0,343.5625,23.625,-115.0,0.7940673828125,-0.251708984375,0.078857421875,0.54754638671875,1.0,-12.0,-1.0,393.0,813.0,-380.0,358,382.3635728183521,10.432307260668676,
68,1.8474979400634766,0.02855706214904785,35.01760772101488,36.80653630264056,103102.75,412.0,806.0,-381.0,-8.875,-72.375,-1.1875,0.0,0.0,0.0,343.5625,23.625,-115.0,0.7940673828125,-0.251708984375,0.078857421875,0.54754638671875,-2.0,-6.0,-3.0,393.0,813.0,-380.0,354,376.6908582546817,-10.47541279578805,
69,1.8736817836761475,0.0261838436126709,38.191489942908134,36.82589039459123,103102.75,396.0,810.0,-371.0,-8.1875,-72.375,-1.5625,0.0,0.0,0.0,343.5625,23.625,-115.0,0.7940673828125,-0.251708984375,0.078857421875,0.54754638671875,7.0,-7.0,0.0,393.0,813.0,-380.0,415,384.3526866037454,19.833792517546165,
70,1.9017107486724854,0.02802896499633789,35.67737874483252,36.80896269259899,103102.75,395.0,808.0,-382.0,-8.875,-72.375,-0.375,0.0,0.0,0.0,343.5625,23.625,-115.0,0.7940673828125,-0.251708984375,0.078857421875,0.54754638671875,2.0,-5.0,-2.0,393.0,813.0,-380.0,349,377.28214928299633,-7.375410526392184,
71,1.9274029731750488,0.025692224502563477,38.92228171601971,36.83713317254062,103102.75,403.0,809.0,-373.0,-8.875,-72.375,-0.375,0.0,0.0,0.0,343.5625,23.625,-115.0,0.7940673828125,-0.251708984375,0.078857421875,0.54754638671875,0.0,-6.0,-1.0,393.0,813.0,-380.0,358,373.4257194263971,-21.6479744034154,
72,1.9518368244171143,0.02443385124206543,40.92682688836197,36.888329546452574,103102.75,396.0,812.0,-376.0,-8.875,-72.375,-0.375,0.0,0.0,0.0,343.5625,23.625,-115.0,0.7940673828125,-0.251708984375,0.078857421875,0.54754638671875,0.0,-3.0,2.0,393.0,813.0,-380.0,386,375.9405755411177,-9.190668877442997,
73,1.9804048538208008,0.028568029403686523,35.00416447593534,36.86114980942452,103104.75,405.0,811.0,-382.0,-8.5625,-71.25,0.375,0.0,0.0,0.0,343.5625,23.625,-115.0,0.7940673828125,-0.251708984375,0.078857421875,0.54754638671875,9.0,-3.0,3.0,393.0,813.0,-380.0,391,378.95246043289416,2.271249423734048,
74,2.007650852203369,0.02724599838256836,36.70263742802639,36.85899862457958,103104.75,391.0,807.0,-374.0,-8.5625,-71.25,0.375,0.0,0.0,0.0,343.5625,23.625,-115.0,0.7940673828125,-0.251708984375,0.078857421875,0.54754638671875,6.0,0.0,5.0,393.0,813.0,-380.0,396,382.36196834631534,14.557917756789081,
75,2.034209728240967,0.026558876037597656,37.6521957700456,36.86935469768617,103104.75,395.0,809.0,-386.0,-10.0625,-71.6875,-0.75,0.0,0.0,0.0,343.5625,23.625,-115.0,0.7940673828125,-0.251708984375,0.078857421875,0.54754638671875,5.0,-4.0,0.0,393.0,813.0,-380.0,443,394.4895746770523,58.765226759805444,
76,2.060818910598755,0.026609182357788086,37.58101194369529,36.87854357757169,103104.75,397.0,810.0,-380.0,-9.6875,-71.6875,-0.75,0.0,0.0,0.0,343.5625,23.625,-115.0,0.7940673828125,-0.251708984375,0.078857421875,0.54754638671875,5.0,-3.0,6.0,393.0,813.0,-380.0,391,393.79165974164187,50.2658691314906,
77,2.0855796337127686,0.024760723114013672,40.386542646407456,36.92019175643937,103104.75,399.0,809.0,-381.0,-9.6875,-71.6875,-0.75,0.0,0.0,0.0,343.5625,23.625,-115.0,0.7940673828125,-0.251708984375,0.078857421875,0.54754638671875,1.0,-5.0,3.0,393.0,813.0,-380.0,429,400.8333277933135,73.67814492540974,
78,2.112001657485962,0.02642202377319336,37.84721445200412,36.93178919795353,103104.75,394.0,808.0,-373.0,-9.25,-71.25,-0.375,0.0,0.0,0.0,343.5625,23.625,-115.0,0.7940673828125,-0.251708984375,0.078857421875,0.54754638671875,4.0,-3.0,2.0,393.0,813.0,-380.0,372,395.06666223465083,44.48510762569951,
79,2.1406068801879883,0.028605222702026367,34.95865109727536,36.90542188347176,103104.75,397.0,811.0,-381.0,-9.25,-71.25,-0.375,0.0,0.0,0.0,343.5625,23.625,-115.0,0.7940673828125,-0.251708984375,0.078857421875,0.54754638671875,4.0,-2.0,-1.0,393.0,813.0,-380.0,358,387.65332978772074,14.120586615095569,
80,2.168099880218506,0.027493000030517578,36.372894878332204,36.89866907420217,103104.75,394.0,811.0,-379.0,-8.1875,-70.875,-0.375,0.0,0.0,0.0,343.5625,23.625,-115.0,0.7940673828125,-0.251708984375,0.078857421875,0.54754638671875,0.0,-8.0,4.0,393.0,813.0,-380.0,461,402.3226638301766,66.06514245972483,
81,2.193816661834717,0.025716781616210938,38.88511458874138,36.921954969682226,103104.75,400.0,809.0,-379.0,-8.1875,-70.875,-0.375,0.0,0.0,0.0,343.5625,23.625,-115.0,0.7940673828125,-0.251708984375,0.078857421875,0.54754638671875,4.0,-3.0,7.0,393.0,813.0,-380.0,438,409.45813106414136,87.20497431744515,
82,2.2190139293670654,0.025197267532348633,39.68684297677059,36.95335072700019,103104.75,396.0,809.0,-380.0,-9.6875,-71.6875,-1.5625,0.0,0.0,0.0,343.5625,23.625,-115.0,0.7940673828125,-0.251708984375,0.078857421875,0.54754638671875,3.0,-4.0,0.0,393.0,813.0,-380.0,339,395.3665048513131,22.55926120611467,
83,2.247898817062378,0.0288848876953125,34.62017960908611,36.923370113458624,103104.75,397.0,809.0,-377.0,-9.6875,-71.6875,-1.5625,0.0,0.0,0.0,343.5625,23.625,-115.0,0.7940673828125,-0.251708984375,0.078857421875,0.54754638671875,4.0,-3.0,2.0,393.0,813.0,-380.0,344,385.0932038810505,-15.26301739136576,
84,2.275559902191162,0.02766108512878418,36.15187167619097,36.91399198901134,103104.75,402.0,811.0,-375.0,-8.5625,-72.375,0.0,0.0,0.0,0.0,343.5625,23.625,-115.0,0.7940673828125,-0.251708984375,0.078857421875,0.54754638671875,5.0,-3.0,-2.0,393.0,813.0,-380.0,354,378.87456310484043,-36.218265986416675,
85,2.300947904586792,0.025388002395629883,39.38868385218576,36.94129703265248,103104.75,400.0,808.0,-374.0,-8.5625,-72.375,0.0,0.0,0.0,0.0,343.5625,23.625,-115.0,0.7940673828125,-0.251708984375,0.078857421875,0.54754638671875,7.0,-5.0,5.0,393.0,813.0,-380.0,372,377.4996504838724,-38.01203924294394,
86,2.3297817707061768,0.028833866119384766,34.68144007673353,36.91332857065521,103104.75,394.0,810.0,-382.0,-8.5625,-72.75,0.75,0.0,0.0,0.0,343.5625,23.625,-115.0,0.7940673828125,-0.251708984375,0.078857421875,0.54754638671875,0.0,-3.0,-2.0,393.0,813.0,-380.0,424,386.799720387098,-1.9568536128345073,
87,2.355940818786621,0.026159048080444336,38.22769073724697,36.92792251242014,103101.0,397.0,809.0,-379.0,-8.5625,-72.75,0.75,0.0,0.0,0.0,343.5625,23.625,-115.0,0.7940673828125,-0.251708984375,0.078857421875,0.54754638671875,4.0,-4.0,0.0,393.0,813.0,-380.0,386,386.6397763096784,-2.372597524236115,
88,2.3838117122650146,0.027870893478393555,35.87972523289335,36.91566726819438,103101.0,395.0,809.0,-381.0,-8.1875,-73.1875,-0.75,0.0,0.0,0.0,343.5625,23.625,-115.0,0.7940673828125,-0.251708984375,0.078857421875,0.54754638671875,6.0,-3.0,0.0,393.0,813.0,-380.0,368,382.91182104774276,-15.511138819689403,
89,2.409109592437744,0.025297880172729492,39.529003741506216,36.94310971961311,103101.0,399.0,809.0,-375.0,-8.875,-73.875,-0.375,0.0,0.0,0.0,343.5625,23.625,-115.0,0.7940673828125,-0.251708984375,0.078857421875,0.54754638671875,3.0,-2.0,6.0,393.0,813.0,-380.0,377,381.7294568381942,-18.633792864027242,
90,2.435203790664673,0.02609419822692871,38.32269500306084,36.95789253655649,103101.0,399.0,809.0,-386.0,-8.875,-73.875,-0.375,0.0,0.0,0.0,343.5625,23.625,-115.0,0.7940673828125,-0.251708984375,0.078857421875,0.54754638671875,3.0,-9.0,0.0,393.0,813.0,-380.0,433,391.9835654705554,22.526094186998574,
91,2.4638779163360596,0.02867412567138672,34.87464662254299,36.93364813112278,103101.0,400.0,811.0,-372.0,-8.1875,-73.5625,-0.375,0.0,0.0,0.0,343.5625,23.625,-115.0,0.7940673828125,-0.251708984375,0.078857421875,0.54754638671875,7.0,-1.0,8.0,393.0,813.0,-380.0,461,405.7868523764443,68.41196007554376,
92,2.4950180053710938,0.03114008903503418,32.11294607651729,36.8734813945026,103101.0,393.0,809.0,-373.0,-8.1875,-73.5625,-0.375,0.0,0.0,0.0,343.5625,23.625,-115.0,0.7940673828125,-0.251708984375,0.078857421875,0.54754638671875,7.0,0.0,4.0,393.0,813.0,-380.0,335,391.6294819011555,16.107276602166614,
93,2.518138885498047,0.023120880126953125,43.25094868833526,36.93203759950918,103101.0,405.0,811.0,-374.0,-8.5625,-73.5625,-0.75,0.0,0.0,0.0,343.5625,23.625,-115.0,0.7940673828125,-0.251708984375,0.078857421875,0.54754638671875,11.0,-1.0,5.0,393.0,813.0,-380.0,377,388.70358552092443,1.8417695210740437,
94,2.546024799346924,0.027885913848876953,35.86039910398249,36.92030023592534,103101.0,401.0,818.0,-379.0,-8.5625,-73.5625,-0.75,0.0,0.0,0.0,343.5625,23.625,-115.0,0.7940673828125,-0.251708984375,0.078857421875,0.54754638671875,8.0,4.0,0.0,393.0,813.0,-380.0,480,406.9628684167396,67.13610976861186,
95,2.572906970977783,0.026882171630859375,37.19937562083156,36.92321606322871,103101.0,408.0,824.0,-363.0,-8.1875,-73.1875,-0.375,0.0,0.0,0.0,343.5625,23.625,-115.0,0.7940673828125,-0.251708984375,0.078857421875,0.54754638671875,15.0,10.0,16.0,393.0,813.0,-380.0,466,418.77029473339167,104.34538745859393,
96,2.5980496406555176,0.025142669677734375,39.7730238203611,36.95079512636953,103101.0,410.0,809.0,-375.0,-8.1875,-73.1875,-0.375,0.0,0.0,0.0,343.5625,23.625,-115.0,0.7940673828125,-0.251708984375,0.078857421875,0.54754638671875,17.0,-4.0,4.0,393.0,813.0,-380.0,405,416.01623578671337,82.95712350384309,
97,2.624539852142334,0.026490211486816406,37.74979299420384,36.95885963431714,103101.0,398.0,807.0,-372.0,-8.5625,-73.1875,-0.75,0.0,0.0,0.0,343.5625,23.625,-115.0,0.7940673828125,-0.251708984375,0.078857421875,0.54754638671875,5.0,-6.0,8.0,393.0,813.0,-380.0,386,410.0129886293707,51.999277405185886,
98,2.6520888805389404,0.027549028396606445,36.29892080416101,36.95200440646057,103101.0,388.0,805.0,-370.0,-8.5625,-73.1875,-0.75,0.0,0.0,0.0,343.5625,23.625,-115.0,0.7940673828125,-0.251708984375,0.078857421875,0.54754638671875,-4.0,-8.0,9.0,393.0,813.0,-380.0,396,407.21039090349655,36.626222374924595,
99,2.681109666824341,0.02902078628540039,34.45806016989533,36.92500953057293,103101.0,394.0,806.0,-383.0,-9.6875,-72.75,-0.375,0.0,0.0,0.0,343.5625,23.625,-115.0,0.7940673828125,-0.251708984375,0.078857421875,0.54754638671875,1.0,-7.0,-2.0,393.0,813.0,-380.0,344,394.56831272279726,-10.598548924873562,
100,2.7117278575897217,0.03061819076538086,32.66032299761723,36.8768568424427,103101.0,401.0,813.0,-374.0,-8.875,-73.1875,-0.375,0.0,0.0,0.0,343.5625,23.625,-115.0,0.7940673828125,-0.251708984375,0.078857421875,0.54754638671875,8.0,0.0,6.0,393.0,813.0,-380.0,377,391.0546501782378,-21.01442939338034,
101,2.736344814300537,0.02461695671081543,40.62240559413468,36.91055289236915,103104.0,395.0,807.0,-376.0,-8.875,-73.1875,-0.375,0.0,0.0,0.0,343.5625,23.625,-115.0,0.7940673828125,-0.251708984375,0.078857421875,0.54754638671875,2.0,-6.0,3.0,393.0,813.0,-380.0,433,399.4437201425903,15.165433810907604,
102,2.765037775039673,0.028692960739135742,34.85175367894505,36.88918861100785,103104.0,399.0,809.0,-375.0,-8.5625,-73.1875,-2.0625,0.0,0.0,0.0,343.5625,23.625,-115.0,0.7940673828125,-0.251708984375,0.078857421875,0.54754638671875,6.0,-3.0,4.0,393.0,813.0,-380.0,330,385.55497611407225,-34.75581814936611,
103,2.7926018238067627,0.027564048767089844,36.27914057364288,36.883167203405506,103104.0,396.0,809.0,-378.0,-8.5625,-73.1875,-2.0625,0.0,0.0,0.0,343.5625,23.625,-115.0,0.7940673828125,-0.251708984375,0.078857421875,0.54754638671875,3.0,-3.0,1.0,393.0,813.0,-380.0,382,384.84398089125784,-33.85966589799673,
104,2.8180758953094482,0.025474071502685547,39.25560151994459,36.90461288608408,103104.0,403.0,811.0,-375.0,-9.6875,-74.25,-0.375,0.0,0.0,0.0,343.5625,23.625,-115.0,0.7940673828125,-0.251708984375,0.078857421875,0.54754638671875,9.0,-2.0,4.0,393.0,813.0,-380.0,377,383.2751847130063,-36.63210307214252,
105,2.845933675765991,0.02785778045654297,35.89661428913765,36.89474596478041,103104.0,398.0,811.0,-381.0,-9.6875,-74.25,-0.375,0.0,0.0,0.0,343.5625,23.625,-115.0,0.7940673828125,-0.251708984375,0.078857421875,0.54754638671875,5.0,-2.0,-1.0,393.0,813.0,-380.0,358,378.22014777040505,-51.11476389951814,
106,2.872731924057007,0.026798248291015625,37.315871886120995,36.89867443332541,103104.0,400.0,812.0,-372.0,-9.25,-73.1875,-0.375,0.0,0.0,0.0,343.5625,23.625,-115.0,0.7940673828125,-0.251708984375,0.078857421875,0.54754638671875,7.0,-1.0,7.0,393.0,813.0,-380.0,429,388.3761182163241,-8.105398305651782,
107,2.8991737365722656,0.02644181251525879,37.8188900410261,36.90706722754312,103104.0,403.0,811.0,-375.0,-9.25,-73.1875,-0.375,0.0,0.0,0.0,343.5625,23.625,-115.0,0.7940673828125,-0.251708984375,0.078857421875,0.54754638671875,9.0,-2.0,4.0,393.0,813.0,-380.0,325,375.70089457305926,-55.23114739609124,
108,2.9274978637695312,0.028324127197265625,35.30558922558922,36.89157260765207,103104.0,400.0,812.0,-383.0,-8.5625,-72.75,-0.75,0.0,0.0,0.0,343.5625,23.625,-115.0,0.7940673828125,-0.251708984375,0.078857421875,0.54754638671875,7.0,-1.0,-2.0,393.0,813.0,-380.0,396,379.7607156584474,-35.37459509947218,
109,2.953430652618408,0.025932788848876953,38.56122092488738,36.906233062680656,103104.0,396.0,812.0,-375.0,-8.875,-73.5625,-0.75,0.0,0.0,0.0,343.5625,23.625,-115.0,0.7940673828125,-0.251708984375,0.078857421875,0.54754638671875,5.0,-4.0,0.0,393.0,813.0,-380.0,377,379.20857252675796,-33.96626691784851,
110,2.981621742248535,0.028191089630126953,35.47220107914278,36.89267435950662,103104.0,395.0,810.0,-384.0,-8.875,-73.5625,-0.75,0.0,0.0,0.0,343.5625,23.625,-115.0,0.7940673828125,-0.251708984375,0.078857421875,0.54754638671875,2.0,-2.0,-3.0,393.0,813.0,-380.0,368,376.9668580214064,-38.521494995649896,
111,3.0066378116607666,0.025016069412231445,39.974305456278294,36.91831439407306,103104.0,397.0,809.0,-375.0,-9.25,-73.5625,-1.1875,0.0,0.0,0.0,343.5625,23.625,-115.0,0.7940673828125,-0.251708984375,0.078857421875,0.54754638671875,4.0,-3.0,4.0,393.0,813.0,-380.0,377,376.9734864171252,-34.6428489445701,
112,3.0345518589019775,0.027914047241210938,35.82425691834643,36.90825044608929,103104.0,400.0,810.0,-374.0,-9.25,-73.5625,-1.1875,0.0,0.0,0.0,343.5625,23.625,-115.0,0.7940673828125,-0.251708984375,0.078857421875,0.54754638671875,7.0,-3.0,6.0,393.0,813.0,-380.0,382,377.97878913370016,-27.57714177018369,
113,3.0627458095550537,0.028193950653076172,35.4686014849392,36.89499783085697,103104.0,403.0,811.0,-379.0,-7.75,-73.875,-1.1875,0.0,0.0,0.0,343.5625,23.625,-115.0,0.7940673828125,-0.251708984375,0.078857421875,0.54754638671875,7.0,-1.0,8.0,393.0,813.0,-380.0,311,364.58303130696015,-72.33230718770498,
114,3.086972951889038,0.024227142333984375,41.27601952448433,36.929380910266474,103104.0,398.0,809.0,-377.0,-7.75,-73.875,-1.1875,0.0,0.0,0.0,343.5625,23.625,-115.0,0.7940673828125,-0.251708984375,0.078857421875,0.54754638671875,5.0,-4.0,2.0,393.0,813.0,-380.0,424,376.46642504556814,-16.049157271742644,
115,3.118269920349121,0.03129696846008301,31.951976475786363,36.87942446852857,103096.75,402.0,810.0,-372.0,-8.875,-72.0625,-0.75,0.0,0.0,0.0,343.5625,23.625,-115.0,0.7940673828125,-0.251708984375,0.078857421875,0.54754638671875,9.0,-3.0,7.0,393.0,813.0,-380.0,396,380.3731400364545,-1.9615149959280522,
116,3.1469898223876953,0.02871990203857422,34.819060268968954,36.86062127521851,103096.75,401.0,813.0,-375.0,-8.875,-72.0625,-0.75,0.0,0.0,0.0,343.5625,23.625,-115.0,0.7940673828125,-0.251708984375,0.078857421875,0.54754638671875,8.0,0.0,5.0,393.0,813.0,-380.0,396,383.49851202916363,9.116888081373396,
117,3.1739518642425537,0.0269620418548584,37.08917912757435,36.862562825262444,103096.75,398.0,808.0,-389.0,-8.5625,-72.75,0.0,0.0,0.0,0.0,343.5625,23.625,-115.0,0.7940673828125,-0.251708984375,0.078857421875,0.54754638671875,5.0,-5.0,-9.0,393.0,813.0,-380.0,386,383.9988096233309,10.060761981952421,
118,3.2017688751220703,0.0278170108795166,35.949225613466695,36.85462773933085,103096.75,407.0,815.0,-370.0,-8.5625,-72.75,0.0,0.0,0.0,0.0,343.5625,23.625,-115.0,0.7940673828125,-0.251708984375,0.078857421875,0.54754638671875,14.0,1.0,10.0,393.0,813.0,-380.0,415,390.19904769866474,31.344061526495516,
119,3.2305147647857666,0.02874588966369629,34.7875822143337,36.83623467602122,103096.75,403.0,811.0,-380.0,-8.1875,-74.25,1.1875,0.0,0.0,0.0,343.5625,23.625,-115.0,0.7940673828125,-0.251708984375,0.078857421875,0.54754638671875,9.0,-2.0,0.0,393.0,813.0,-380.0,391,390.3592381589318,28.766919254495246,
120,3.255438804626465,0.024924039840698242,40.12190665684577,36.86139018477696,103096.75,402.0,810.0,-375.0,-8.5625,-72.75,-0.75,0.0,0.0,0.0,343.5625,23.625,-115.0,0.7940673828125,-0.251708984375,0.078857421875,0.54754638671875,8.0,-3.0,5.0,393.0,813.0,-380.0,349,382.0873905271455,-7.298002527172464,
121,3.2833428382873535,0.027904033660888672,35.83711273261676,36.85268519297108,103096.75,405.0,811.0,-385.0,-8.5625,-72.75,-0.75,0.0,0.0,0.0,343.5625,23.625,-115.0,0.7940673828125,-0.251708984375,0.078857421875,0.54754638671875,12.0,-2.0,-4.0,393.0,813.0,-380.0,363,378.2699124217164,-20.248941596311017,
122,3.309321880340576,0.025979042053222656,38.49256635218971,36.86555868885274,103096.75,399.0,808.0,-375.0,-8.5625,-73.5625,0.0,0.0,0.0,0.0,343.5625,23.625,-115.0,0.7940673828125,-0.251708984375,0.078857421875,0.54754638671875,-1.0,-14.0,4.0,393.0,813.0,-380.0,438,390.2159299373732,27.759239749903937,
123,3.339075803756714,0.029753923416137695,33.60901303717237,36.83654017725973,103096.75,385.0,805.0,-384.0,-8.5625,-73.5625,0.0,0.0,0.0,0.0,343.5625,23.625,-115.0,0.7940673828125,-0.251708984375,0.078857421875,0.54754638671875,0.0,-4.0,5.0,393.0,813.0,-380.0,461,404.37274394989856,72.56297044609256,
124,3.367617607116699,0.02854180335998535,35.03632855245462,36.821282718665564,103096.75,389.0,801.0,-380.0,-8.875,-73.1875,-0.375,0.0,0.0,0.0,343.5625,23.625,-115.0,0.7940673828125,-0.251708984375,0.078857421875,0.54754638671875,10.0,0.0,9.0,393.0,813.0,-380.0,382,399.8981951599188,49.629497248511484,
125,3.3966798782348633,0.029062271118164062,34.40887313775678,36.800641944791735,103096.75,391.0,807.0,-373.0,-8.875,-73.1875,-0.375,0.0,0.0,0.0,343.5625,23.625,-115.0,0.7940673828125,-0.251708984375,0.078857421875,0.54754638671875,12.0,0.0,2.0,393.0,813.0,-380.0,363,392.5185561279351,19.27404119826365,
126,3.423391819000244,0.02671194076538086,37.43644120744747,36.80560294053534,103096.75,392.0,808.0,-373.0,-8.1875,-72.375,-0.75,0.0,0.0,0.0,343.5625,23.625,-115.0,0.7940673828125,-0.251708984375,0.078857421875,0.54754638671875,-1.0,-5.0,6.0,393.0,813.0,-380.0,372,388.41484490234814,1.9838026755344824,
127,3.4493048191070557,0.025913000106811523,38.59066861722193,36.81901329696844,103096.75,397.0,809.0,-377.0,-8.1875,-72.375,-0.75,0.0,0.0,0.0,343.5625,23.625,-115.0,0.7940673828125,-0.251708984375,0.078857421875,0.54754638671875,4.0,-8.0,10.0,393.0,813.0,-380.0,,388.41484490234814,1.9838026755344824,
128,3.4689385890960693,0.019633769989013672,50.93265330904675,36.89889478076752,103096.75,395.0,809.0,-370.0,-8.875,-73.875,0.0,0.0,0.0,0.0,343.5625,23.625,-115.0,0.7940673828125,-0.251708984375,0.078857421875,0.54754638671875,0.0,-4.0,0.0,393.0,813.0,-380.0,419,394.53187592187857,32.94108442782385,
129,3.4975576400756836,0.028619050979614258,34.941759624115896,36.882880362540234,103101.0,404.0,809.0,-386.0,-8.875,-73.875,0.0,0.0,0.0,0.0,343.5625,23.625,-115.0,0.7940673828125,-0.251708984375,0.078857421875,0.54754638671875,3.0,-5.0,4.0,393.0,813.0,-380.0,335,382.6255007375029,-11.95599398365793,
130,3.528949022293091,0.03139138221740723,31.85587665666654,36.838163197814275,103101.0,398.0,811.0,-376.0,-8.5625,-73.875,-1.1875,0.0,0.0,0.0,343.5625,23.625,-115.0,0.7940673828125,-0.251708984375,0.078857421875,0.54754638671875,3.0,-3.0,1.0,393.0,813.0,-380.0,424,390.90040059000233,15.60002431945696,
131,3.553771734237671,0.024822711944580078,40.28568684326795,36.86224377832786,103101.0,398.0,810.0,-376.0,-8.5625,-73.875,-1.1875,0.0,0.0,0.0,343.5625,23.625,-115.0,0.7940673828125,-0.251708984375,0.078857421875,0.54754638671875,2.0,-6.0,9.0,393.0,813.0,-380.0,372,387.12032047200194,-1.1882905001114814,
132,3.584697723388672,0.030925989151000977,32.33526323498801,36.823188504501935,103101.0,398.0,808.0,-380.0,-8.5625,-73.875,-0.75,0.0,0.0,0.0,343.5625,23.625,-115.0,0.7940673828125,-0.251708984375,0.078857421875,0.54754638671875,7.0,-3.0,-1.0,393.0,813.0,-380.0,438,397.2962563776016,31.83469516689277,
133,3.6131887435913086,0.02849102020263672,35.098778242677824,36.80959103946654,103101.0,400.0,810.0,-375.0,-10.375,-73.5625,-0.75,0.0,0.0,0.0,343.5625,23.625,-115.0,0.7940673828125,-0.251708984375,0.078857421875,0.54754638671875,6.0,-5.0,2.0,393.0,813.0,-380.0,354,388.63700510208133,-1.7416883765075823,
134,3.644009828567505,0.03082108497619629,32.445321142079166,36.77267798497588,103101.0,399.0,808.0,-378.0,-10.375,-73.5625,-0.75,0.0,0.0,0.0,343.5625,23.625,-115.0,0.7940673828125,-0.251708984375,0.078857421875,0.54754638671875,3.0,-6.0,2.0,393.0,813.0,-380.0,386,388.10960408166505,-3.2786890866634626,
135,3.671287775039673,0.02727794647216797,36.659651085550465,36.77183818654509,103101.0,398.0,808.0,-372.0,-8.875,-72.75,-0.375,0.0,0.0,0.0,343.5625,23.625,-115.0,0.7940673828125,-0.251708984375,0.078857421875,0.54754638671875,10.0,-1.0,8.0,393.0,813.0,-380.0,438,398.0876832653321,33.628469959725656,
136,3.6973917484283447,0.026103973388671875,38.30834429343855,36.782686080751304,103101.0,399.0,811.0,-378.0,-8.875,-72.75,-0.375,0.0,0.0,0.0,343.5625,23.625,-115.0,0.7940673828125,-0.251708984375,0.078857421875,0.54754638671875,6.0,0.0,2.0,393.0,813.0,-380.0,386,395.6701466122657,21.004440318985594,
137,3.724611759185791,0.02722001075744629,36.73767835401904,36.782357157662126,103101.0,404.0,814.0,-376.0,-8.5625,-73.5625,0.0,0.0,0.0,0.0,343.5625,23.625,-115.0,0.7940673828125,-0.251708984375,0.078857421875,0.54754638671875,2.0,-5.0,-3.0,393.0,813.0,-380.0,330,382.5361172898126,-29.34737818696664,
138,3.7529218196868896,0.028310060501098633,35.323131858414534,36.77134953253929,103101.0,403.0,812.0,-375.0,-8.5625,-73.5625,0.0,0.0,0.0,0.0,343.5625,23.625,-115.0,0.7940673828125,-0.251708984375,0.078857421875,0.54754638671875,10.0,-1.0,4.0,393.0,813.0,-380.0,316,369.2288938318501,-73.4179212557696,
139,3.781789779663086,0.02886795997619629,34.64048033960737,36.755083729795075,103101.0,402.0,811.0,-382.0,-8.1875,-73.5625,-0.375,0.0,0.0,0.0,343.5625,23.625,-115.0,0.7940673828125,-0.251708984375,0.078857421875,0.54754638671875,8.0,-1.0,-2.0,393.0,813.0,-380.0,447,384.78311506548005,-12.195559646046426,
140,3.809600591659546,0.02781081199645996,35.95723850591957,36.74925930726321,103101.0,400.0,812.0,-377.0,-8.1875,-73.5625,-0.375,0.0,0.0,0.0,343.5625,23.625,-115.0,0.7940673828125,-0.251708984375,0.078857421875,0.54754638671875,7.0,-1.0,2.0,393.0,813.0,-380.0,424,392.6264920523841,17.226614019553182,
141,3.8377459049224854,0.028145313262939453,35.529894112664124,36.74031671016738,103101.0,396.0,808.0,-382.0,-8.1875,-73.1875,-1.1875,0.0,0.0,0.0,343.5625,23.625,-115.0,0.7940673828125,-0.251708984375,0.078857421875,0.54754638671875,9.0,-1.0,5.0,393.0,813.0,-380.0,396,393.3011936419073,17.901160220938344,
142,3.86564564704895,0.027899742126464844,35.842625192274824,36.733837750597594,103101.5,395.0,809.0,-375.0,-9.6875,-73.1875,0.0,0.0,0.0,0.0,343.5625,23.625,-115.0,0.7940673828125,-0.251708984375,0.078857421875,0.54754638671875,5.0,-1.0,0.0,393.0,813.0,-380.0,400,394.64095491352583,20.913100309419452,
143,3.895570993423462,0.02992534637451172,33.416488734503965,36.70835424162822,103101.5,402.0,816.0,-381.0,-9.6875,-73.1875,0.0,0.0,0.0,0.0,343.5625,23.625,-115.0,0.7940673828125,-0.251708984375,0.078857421875,0.54754638671875,5.0,-4.0,1.0,393.0,813.0,-380.0,410,397.7127639308207,29.086697420575675,
144,3.9203977584838867,0.024826765060424805,40.279109967252786,36.73096682304203,103101.5,395.0,808.0,-378.0,-7.75,-73.1875,-0.75,0.0,0.0,0.0,343.5625,23.625,-115.0,0.7940673828125,-0.251708984375,0.078857421875,0.54754638671875,2.0,-5.0,2.0,393.0,813.0,-380.0,368,391.7702111446566,2.2419539625073988,
145,3.948974847793579,0.028577089309692383,34.99306696923937,36.718390364278015,103101.5,398.0,811.0,-376.0,-7.75,-73.1875,-0.75,0.0,0.0,0.0,343.5625,23.625,-115.0,0.7940673828125,-0.251708984375,0.078857421875,0.54754638671875,5.0,-1.0,3.0,393.0,813.0,-380.0,410,395.41616891572534,14.77608301125926,
146,3.9764068126678467,0.027431964874267578,36.45382328912375,36.71656520024062,103101.5,404.0,811.0,-372.0,-9.25,-73.5625,0.0,0.0,0.0,0.0,343.5625,23.625,-115.0,0.7940673828125,-0.251708984375,0.078857421875,0.54754638671875,3.0,-1.0,3.0,393.0,813.0,-380.0,377,391.73293513258034,-0.1283206361965199,
147,4.003209829330444,0.026803016662597656,37.3092332325209,36.720533338764916,103101.5,402.0,817.0,-373.0,-9.25,-73.5625,0.0,0.0,0.0,0.0,343.5625,23.625,-115.0,0.7940673828125,-0.251708984375,0.078857421875,0.54754638671875,9.0,3.0,6.0,393.0,813.0,-380.0,297,372.78634810606434,-70.80375200583087,
148,4.030009746551514,0.026799917221069336,37.313548088642165,36.724476938708115,103101.5,399.0,802.0,-393.0,-8.875,-72.75,0.0,0.0,0.0,0.0,343.5625,23.625,-115.0,0.7940673828125,-0.251708984375,0.078857421875,0.54754638671875,6.0,-11.0,-12.0,393.0,813.0,-380.0,429,384.0290784848515,-21.772760741596564,
149,4.056493759155273,0.026484012603759766,37.75862876073531,36.73122870304325,103101.5,400.0,808.0,-382.0,-8.875,-72.75,0.0,0.0,0.0,0.0,343.5625,23.625,-115.0,0.7940673828125,-0.251708984375,0.078857421875,0.54754638671875,7.0,-5.0,-2.0,393.0,813.0,-380.0,405,388.2232627878812,-3.7588198622166686,
150,4.084962844848633,0.028469085693359375,35.12582071552995,36.7200402297804,103101.5,408.0,815.0,-374.0,-8.875,-73.1875,-1.1875,0.0,0.0,0.0,343.5625,23.625,-115.0,0.7940673828125,-0.251708984375,0.078857421875,0.54754638671875,8.0,-4.0,4.0,393.0,813.0,-380.0,396,389.778610230305,2.080347665298624,
151,4.111792802810669,0.026829957962036133,37.27176916993238,36.723640329537524,103101.5,405.0,812.0,-372.0,-8.875,-73.1875,-0.375,0.0,0.0,0.0,343.5625,23.625,-115.0,0.7940673828125,-0.251708984375,0.078857421875,0.54754638671875,11.0,-1.0,7.0,393.0,813.0,-380.0,391,390.022888184244,2.7827800500205035,
152,4.140014886856079,0.028222084045410156,35.433244348325616,36.714843824010636,103101.5,396.0,807.0,-381.0,-8.875,-73.1875,-0.375,0.0,0.0,0.0,343.5625,23.625,-115.0,0.7940673828125,-0.251708984375,0.078857421875,0.54754638671875,3.0,-5.0,-5.0,393.0,813.0,-380.0,438,399.61831054739525,36.50419656691116,
153,4.168303728103638,0.028288841247558594,35.34962748204834,36.705578571071904,103101.5,401.0,808.0,-366.0,-8.5625,-72.75,-1.1875,0.0,0.0,0.0,343.5625,23.625,-115.0,0.7940673828125,-0.251708984375,0.078857421875,0.54754638671875,8.0,-5.0,13.0,393.0,813.0,-380.0,363,392.29464843791624,6.9649041727724885,
154,4.197149991989136,0.028846263885498047,34.66653442433259,36.69156458404659,103101.5,406.0,812.0,-371.0,-8.5625,-72.75,-1.1875,0.0,0.0,0.0,343.5625,23.625,-115.0,0.7940673828125,-0.251708984375,0.078857421875,0.54754638671875,13.0,-1.0,8.0,393.0,813.0,-380.0,382,390.23571875033304,-0.8691819336931026,
155,4.221505641937256,0.024355649948120117,41.05823503499584,36.71675775112082,103101.5,395.0,809.0,-377.0,-9.25,-73.875,-0.375,0.0,0.0,0.0,343.5625,23.625,-115.0,0.7940673828125,-0.251708984375,0.078857421875,0.54754638671875,1.0,-4.0,2.0,393.0,813.0,-380.0,419,395.98857500026645,22.837948662907305,
156,4.2485597133636475,0.0270540714263916,36.96301322781631,36.71832586212905,103100.75,395.0,809.0,-381.0,-9.25,-73.875,-0.375,0.0,0.0,0.0,343.5625,23.625,-115.0,0.7940673828125,-0.251708984375,0.078857421875,0.54754638671875,2.0,-4.0,-1.0,393.0,813.0,-380.0,415,399.7908600002132,34.60854487151239,
157,4.27627968788147,0.027719974517822266,36.07506923778233,36.71415610277354,103100.75,402.0,808.0,-378.0,-8.5625,-73.1875,-1.5625,0.0,0.0,0.0,343.5625,23.625,-115.0,0.7940673828125,-0.251708984375,0.078857421875,0.54754638671875,9.0,-5.0,2.0,393.0,813.0,-380.0,382,396.2326880001706,18.311560258213675,
158,4.302718877792358,0.026439189910888672,37.82264144137645,36.72096748302244,103100.75,397.0,809.0,-372.0,-8.5625,-73.1875,-1.5625,0.0,0.0,0.0,343.5625,23.625,-115.0,0.7940673828125,-0.251708984375,0.078857421875,0.54754638671875,4.0,-4.0,8.0,393.0,813.0,-380.0,368,390.5861504001365,-4.876292470741678,
159,4.327185869216919,0.024466991424560547,40.871392099160026,36.74443502210222,103100.75,398.0,809.0,-383.0,-8.1875,-72.75,0.375,0.0,0.0,0.0,343.5625,23.625,-115.0,0.7940673828125,-0.251708984375,0.078857421875,0.54754638671875,5.0,-3.0,-3.0,393.0,813.0,-380.0,410,394.4689203201092,11.48075795933534,
160,4.356284856796265,0.029098987579345703,34.365456780008195,36.72854399096126,103100.75,397.0,809.0,-376.0,-8.1875,-72.75,0.375,0.0,0.0,0.0,343.5625,23.625,-115.0,0.7940673828125,-0.251708984375,0.078857421875,0.54754638671875,6.0,-5.0,-2.0,393.0,813.0,-380.0,386,392.77513625608736,4.511915858720933,
161,4.384309768676758,0.028024911880493164,35.68253860223744,36.72185782816891,103100.75,399.0,812.0,-378.0,-8.5625,-73.5625,0.75,0.0,0.0,0.0,343.5625,23.625,-115.0,0.7940673828125,-0.251708984375,0.078857421875,0.54754638671875,6.0,-1.0,2.0,393.0,813.0,-380.0,391,392.4201090048699,2.7938969132075484,
162,4.4127349853515625,0.028425216674804688,35.18003086626854,36.71192594564875,103100.75,399.0,811.0,-373.0,-9.25,-73.1875,-0.75,0.0,0.0,0.0,343.5625,23.625,-115.0,0.7940673828125,-0.251708984375,0.078857421875,0.54754638671875,6.0,-1.0,6.0,393.0,813.0,-380.0,382,390.336087203896,-4.817087906537093,
163,4.4391679763793945,0.02643299102783203,37.83151134682686,36.71859250817166,103100.75,399.0,808.0,-382.0,-9.25,-73.1875,-0.75,0.0,0.0,0.0,343.5625,23.625,-115.0,0.7940673828125,-0.251708984375,0.078857421875,0.54754638671875,6.0,-5.0,-1.0,393.0,813.0,-380.0,386,389.4688697631168,-7.61619376098383,
164,4.465414762496948,0.02624678611755371,38.09990280414581,36.7267115649287,103100.75,399.0,811.0,-374.0,-9.25,-73.5625,-0.75,0.0,0.0,0.0,343.5625,23.625,-115.0,0.7940673828125,-0.251708984375,0.078857421875,0.54754638671875,6.0,-1.0,6.0,393.0,813.0,-380.0,354,382.37509581049346,-33.88178419583849,
165,4.5001726150512695,0.03475785255432129,28.77047707240114,36.66526022760578,103100.75,402.0,809.0,-373.0,-9.25,-73.5625,-0.75,0.0,0.0,0.0,343.5625,23.625,-115.0,0.7940673828125,-0.251708984375,0.078857421875,0.54754638671875,8.0,-4.0,6.0,393.0,813.0,-380.0,415,388.90007664839476,-11.720924616785041,
166,4.528897762298584,0.028725147247314453,34.81270231237861,36.65351012820145,103100.75,399.0,809.0,-386.0,-8.5625,-73.875,-1.1875,0.0,0.0,0.0,343.5625,23.625,-115.0,0.7940673828125,-0.251708984375,0.078857421875,0.54754638671875,6.0,-3.0,-5.0,393.0,813.0,-380.0,368,384.72006131871586,-25.10059508843559,
167,4.556752920150757,0.02785515785217285,35.89999400854211,36.64890392926438,103100.75,401.0,810.0,-372.0,-8.875,-73.1875,-1.5625,0.0,0.0,0.0,343.5625,23.625,-115.0,0.7940673828125,-0.251708984375,0.078857421875,0.54754638671875,8.0,-3.0,8.0,393.0,813.0,-380.0,339,375.5760490549727,-55.417534127833505,
168,4.584702968597412,0.027950048446655273,35.77811329767724,36.643595266847974,103100.75,399.0,811.0,-380.0,-8.875,-73.1875,-1.5625,0.0,0.0,0.0,343.5625,23.625,-115.0,0.7940673828125,-0.251708984375,0.078857421875,0.54754638671875,4.0,-7.0,-3.0,393.0,813.0,-380.0,410,382.46083924397817,-25.24330037375276,
169,4.611027956008911,0.026324987411499023,37.986722818457636,36.65126336520381,103100.75,403.0,813.0,-374.0,-9.25,-73.5625,0.0,0.0,0.0,0.0,343.5625,23.625,-115.0,0.7940673828125,-0.251708984375,0.078857421875,0.54754638671875,10.0,0.0,6.0,393.0,813.0,-380.0,307,367.36867139518256,-80.04917001656118,
170,4.638627767562866,0.027599811553955078,36.232131442096716,36.64876953239944,103100.75,395.0,813.0,-378.0,-9.25,-73.5625,0.0,0.0,0.0,0.0,343.5625,23.625,-115.0,0.7940673828125,-0.251708984375,0.078857421875,0.54754638671875,2.0,0.0,1.0,393.0,813.0,-380.0,447,383.2949371161461,-14.33999771653398,
171,4.665761709213257,0.027133941650390625,36.854210600309294,36.649964283931276,103100.75,397.0,811.0,-376.0,-8.875,-73.5625,-2.0625,0.0,0.0,0.0,343.5625,23.625,-115.0,0.7940673828125,-0.251708984375,0.078857421875,0.54754638671875,4.0,-1.0,3.0,393.0,813.0,-380.0,391,384.83594969291687,-7.226717740677115,
172,4.694746732711792,0.028985023498535156,34.500575790478074,36.63669411632966,103100.75,403.0,814.0,-375.0,-8.875,-73.5625,-2.0625,0.0,0.0,0.0,343.5625,23.625,-115.0,0.7940673828125,-0.251708984375,0.078857421875,0.54754638671875,9.0,0.0,4.0,393.0,813.0,-380.0,321,372.0687597543335,-50.55158637736192,
173,4.719432830810547,0.024686098098754883,40.50862943181928,36.65694718030086,103100.75,397.0,813.0,-382.0,-8.875,-73.1875,-0.75,0.0,0.0,0.0,343.5625,23.625,-115.0,0.7940673828125,-0.251708984375,0.078857421875,0.54754638671875,4.0,0.0,-1.0,393.0,813.0,-380.0,400,377.6550078034668,-22.867302525969293,
174,4.7469518184661865,0.02751898765563965,36.338546043682804,36.65510134801033,103100.75,400.0,888.0,-395.0,-8.875,-73.1875,-0.75,0.0,0.0,0.0,343.5625,23.625,-115.0,0.7940673828125,-0.251708984375,0.078857421875,0.54754638671875,9.0,21.0,-7.0,393.0,813.0,-380.0,424,386.92400624277343,13.101620383184478,
175,4.772164821624756,0.025213003158569336,39.662074117502435,36.67098822886394,103100.75,3001.0,3932.0,-3925.0,-10.75,-73.1875,0.0,0.0,0.0,0.0,343.5625,23.625,-115.0,0.7940673828125,-0.251708984375,0.078857421875,0.54754638671875,2608.0,3119.0,-3545.0,393.0,813.0,-380.0,798,469.1392049942188,337.87398899136804,
176,4.799095630645752,0.026930809020996094,37.132193066326714,36.67357634553283,103100.75,-5.0,72.0,178.0,-10.75,-73.1875,0.0,0.0,0.0,0.0,343.5625,23.625,-115.0,0.7940673828125,-0.251708984375,0.078857421875,0.54754638671875,-398.0,-741.0,558.0,393.0,813.0,-380.0,1400,655.3113639953751,995.3846452528123,
177,4.827096700668335,0.028001070022583008,35.7129209417174,36.66800376621697,103100.75,94.0,-187.0,40.0,-9.25,-70.1875,0.375,0.0,0.0,0.0,343.5625,23.625,-115.0,0.7940673828125,-0.251708984375,0.078857421875,0.54754638671875,-278.0,-1035.0,417.0,393.0,813.0,-380.0,2488,1021.8490911963002,2204.8594680958727,
178,4.85185980796814,0.024763107299804688,40.38265424016021,36.68696274110665,103100.75,138.0,-230.0,42.0,-9.25,-70.1875,0.375,0.0,0.0,0.0,343.5625,23.625,-115.0,0.7940673828125,-0.251708984375,0.078857421875,0.54754638671875,-226.0,-1016.0,411.0,393.0,813.0,-380.0,2540,1325.4792729570402,3210.512785978382,
179,4.879093647003174,0.02723383903503418,36.719024398784875,36.68714170098887,103100.75,159.0,-161.0,41.0,-5.5625,-75.75,1.5625,0.0,0.0,0.0,343.5625,23.625,-115.0,0.7940673828125,-0.251708984375,0.078857421875,0.54754638671875,-228.0,-967.0,396.0,393.0,813.0,-380.0,3031,1666.5834183656323,4141.9626511590195,
180,4.902574777603149,0.023481130599975586,42.58738716784956,36.71540122596586,103100.75,161.0,-165.0,19.0,-5.5625,-75.75,1.5625,0.0,0.0,0.0,343.5625,23.625,-115.0,0.7940673828125,-0.251708984375,0.078857421875,0.54754638671875,-228.0,-982.0,392.0,393.0,813.0,-380.0,3537,2040.666734692506,5320.889488587689,
181,4.926662921905518,0.024088144302368164,41.51419833123831,36.73886419044749,103100.75,169.0,-166.0,25.0,-5.1875,-76.1875,2.875,0.0,0.0,0.0,343.5625,23.625,-115.0,0.7940673828125,-0.251708984375,0.078857421875,0.54754638671875,-205.0,-973.0,369.0,393.0,813.0,-380.0,4020,2436.533387754005,6432.209214520778,
182,4.953420639038086,0.02675771713256836,37.372395972556355,36.742286444573566,103100.75,179.0,-152.0,-11.0,-5.1875,-76.1875,2.875,0.0,0.0,0.0,343.5625,23.625,-115.0,0.7940673828125,-0.251708984375,0.078857421875,0.54754638671875,-231.0,-981.0,358.0,393.0,813.0,-380.0,4442,2837.6267102032043,7287.97013992067,
183,4.980555772781372,0.027135133743286133,36.85259153172309,36.74288741029485,103100.75,95.0,-149.0,-29.0,-4.75,-76.0625,3.25,0.0,0.0,0.0,343.5625,23.625,-115.0,0.7940673828125,-0.251708984375,0.078857421875,0.54754638671875,-293.0,-958.0,346.0,393.0,813.0,-380.0,,2837.6267102032043,7287.97013992067,
184,5.013442754745483,0.03288698196411133,30.40716843799388,36.701326613500164,0,0,0,0,0,0,0,0,0,0,0,0,0,0,0,0,0,0,0,0,0,0,0,,2837.6267102032043,7287.97013992067,
185,5.050750970840454,0.0373082160949707,26.803747395866615,36.62821649058965,0,0,0,0,0,0,0,0,0,0,0,0,0,0,0,0,0,0,0,0,0,0,0,,2837.6267102032043,7287.97013992067,
186,5.0922136306762695,0.04146265983581543,24.118086103492097,36.52635444819277,103090.75,23.0,-83.0,13.0,-9.6875,-74.25,8.25,0.0,0.0,0.0,343.5625,23.625,-115.0,0.7940673828125,-0.251708984375,0.078857421875,0.54754638671875,-374.0,-897.0,403.0,393.0,813.0,-380.0,,2837.6267102032043,7287.97013992067,
187,5.118870735168457,0.0266571044921875,37.513451631368056,36.53149486960936,103090.75,10.0,-81.0,27.0,-9.6875,-74.25,8.25,0.0,0.0,0.0,343.5625,23.625,-115.0,0.7940673828125,-0.251708984375,0.078857421875,0.54754638671875,-383.0,-895.0,407.0,393.0,813.0,-380.0,,2837.6267102032043,7287.97013992067,
188,5.141282796859741,0.02241206169128418,44.61883131389424,36.56674947249139,103090.75,4.0,-76.0,29.0,-12.25,-72.375,10.75,0.0,0.0,0.0,343.5625,23.625,-115.0,0.7940673828125,-0.251708984375,0.078857421875,0.54754638671875,-387.0,-885.0,414.0,393.0,813.0,-380.0,7740,3818.1013681625636,10933.936463032283,
189,5.17076563835144,0.02948284149169922,33.91803331715995,36.55164693564753,103090.75,7.0,-71.0,44.0,-13.0625,-70.5625,14.375,0.0,0.0,0.0,343.5625,23.625,-115.0,0.7940673828125,-0.251708984375,0.078857421875,0.54754638671875,-383.0,-885.0,420.0,393.0,813.0,-380.0,,3818.1013681625636,10933.936463032283,
190,5.20008397102356,0.02931833267211914,34.10835163047898,36.537871514909654,103090.75,19.0,-72.0,35.0,-13.0625,-70.5625,14.375,0.0,0.0,0.0,343.5625,23.625,-115.0,0.7940673828125,-0.251708984375,0.078857421875,0.54754638671875,-364.0,-887.0,427.0,393.0,813.0,-380.0,,3818.1013681625636,10933.936463032283,
191,5.24431586265564,0.04423189163208008,22.60812194780134,36.42038446999273,103090.75,30.0,-75.0,45.0,-13.0625,-69.75,17.375,0.0,0.0,0.0,343.5625,23.625,-115.0,0.7940673828125,-0.251708984375,0.078857421875,0.54754638671875,-356.0,-886.0,430.0,393.0,813.0,-380.0,9409,4936.281094530052,12368.537178056586,
192,5.269880771636963,0.025564908981323242,39.116118141885906,36.43346184098958,103090.75,33.0,-73.0,45.0,-11.1875,-68.6875,22.75,0.0,0.0,0.0,343.5625,23.625,-115.0,0.7940673828125,-0.251708984375,0.078857421875,0.54754638671875,-359.0,-886.0,418.0,393.0,813.0,-380.0,9765,5902.024875624042,14909.29824385734,
193,5.298463821411133,0.028583049774169922,34.98576981465726,36.425652133376005,103090.75,39.0,-69.0,24.0,-11.1875,-68.6875,22.75,0.0,0.0,0.0,343.5625,23.625,-115.0,0.7940673828125,-0.251708984375,0.078857421875,0.54754638671875,-355.0,-884.0,408.0,393.0,813.0,-380.0,10234,6768.419900499233,16449.518110356377,
194,5.330559015274048,0.03209519386291504,31.157312969387224,36.39393156404748,103090.75,44.0,-69.0,26.0,-8.875,-68.25,23.0625,0.0,0.0,0.0,343.5625,23.625,-115.0,0.7940673828125,-0.251708984375,0.078857421875,0.54754638671875,-340.0,-884.0,399.0,393.0,813.0,-380.0,,6768.419900499233,16449.518110356377,
195,5.356101751327515,0.025542736053466797,39.150073739429125,36.40707534200019,103090.75,62.0,-70.0,20.0,-8.875,-68.25,23.0625,0.0,0.0,0.0,343.5625,23.625,-115.0,0.7940673828125,-0.251708984375,0.078857421875,0.54754638671875,-330.0,-884.0,400.0,393.0,813.0,-380.0,,6768.419900499233,16449.518110356377,
196,5.386465787887573,0.030364036560058594,32.93369766638399,36.387495570981045,103040.5,73.0,-71.0,14.0,-6.6875,-68.25,26.0625,0.0,0.0,0.0,343.5625,23.625,-115.0,0.7940673828125,-0.251708984375,0.078857421875,0.54754638671875,-321.0,-887.0,380.0,393.0,813.0,-380.0,,6768.419900499233,16449.518110356377,
197,5.424517869949341,0.03805208206176758,26.279770930188846,36.31659157974896,103040.5,61.0,-72.0,4.0,-4.375,-68.25,28.5,0.0,0.0,0.0,343.5625,23.625,-115.0,0.7940673828125,-0.251708984375,0.078857421875,0.54754638671875,-334.0,-883.0,380.0,393.0,813.0,-380.0,,6768.419900499233,16449.518110356377,
198,5.44727087020874,0.022753000259399414,43.95024781784079,36.348477011280444,103040.5,51.0,-65.0,-6.0,-4.375,-68.25,28.5,0.0,0.0,0.0,343.5625,23.625,-115.0,0.7940673828125,-0.251708984375,0.078857421875,0.54754638671875,-343.0,-876.0,372.0,393.0,813.0,-380.0,12400,7894.735920399387,19754.75311890233,
199,5.506332874298096,0.05906200408935547,16.93135909318435,36.14020520424257,103040.5,38.0,-51.0,-12.0,-1.375,-69.0625,30.1875,0.0,0.0,0.0,343.5625,23.625,-115.0,0.7940673828125,-0.251708984375,0.078857421875,0.54754638671875,-354.0,-865.0,367.0,393.0,813.0,-380.0,13248,8965.38873631951,19592.038536059354,
200,5.537876844406128,0.03154397010803223,31.70177997808095,36.114923754944506,103040.5,35.0,-53.0,-17.0,1.5,-67.1875,31.375,0.0,0.0,0.0,343.5625,23.625,-115.0,0.7940673828125,-0.251708984375,0.078857421875,0.54754638671875,-357.0,-867.0,362.0,393.0,813.0,-380.0,,8965.38873631951,19592.038536059354,
201,5.57682466506958,0.03894782066345215,25.675377542712674,36.042015317240065,103040.5,7.0,-50.0,-8.0,4.5,-67.875,32.6875,0.0,0.0,0.0,343.5625,23.625,-115.0,0.7940673828125,-0.251708984375,0.078857421875,0.54754638671875,-388.0,-858.0,373.0,393.0,813.0,-380.0,,8965.38873631951,19592.038536059354,
202,5.611423969268799,0.03459930419921875,28.902315325248072,35.99799286353367,103040.5,4.0,-39.0,2.0,4.5,-67.875,32.6875,0.0,0.0,0.0,343.5625,23.625,-115.0,0.7940673828125,-0.251708984375,0.078857421875,0.54754638671875,-388.0,-853.0,383.0,393.0,813.0,-380.0,,8965.38873631951,19592.038536059354,
203,5.634924650192261,0.023500680923461914,42.55195852651442,36.025326442133306,103040.5,9.0,-36.0,0.0,8.25,-65.6875,35.0625,0.0,0.0,0.0,343.5625,23.625,-115.0,0.7940673828125,-0.251708984375,0.078857421875,0.54754638671875,-383.0,-850.0,380.0,393.0,813.0,-380.0,,8965.38873631951,19592.038536059354,
204,5.683426856994629,0.048502206802368164,20.61761857712367,35.89383749153663,103040.5,0.0,-34.0,10.0,10.5,-63.75,36.375,0.0,0.0,0.0,343.5625,23.625,-115.0,0.7940673828125,-0.251708984375,0.078857421875,0.54754638671875,-392.0,-848.0,390.0,393.0,813.0,-380.0,,8965.38873631951,19592.038536059354,
205,5.707927703857422,0.02450084686279297,40.8149157292437,35.914960846729166,103040.5,6.0,-33.0,15.0,10.5,-63.75,36.375,0.0,0.0,0.0,343.5625,23.625,-115.0,0.7940673828125,-0.251708984375,0.078857421875,0.54754638671875,-387.0,-847.0,396.0,393.0,813.0,-380.0,15870,10346.310989055608,23269.05721985954,
206,5.738597869873047,0.030670166015625,32.60497512437811,35.89727049554655,103040.5,10.0,-34.0,9.0,15.6875,-63.75,36.75,0.0,0.0,0.0,343.5625,23.625,-115.0,0.7940673828125,-0.251708984375,0.078857421875,0.54754638671875,-383.0,-848.0,389.0,393.0,813.0,-380.0,16203,11517.648791244486,24761.295488134798,
207,5.76545262336731,0.026854753494262695,37.23735539831494,35.903512442549875,102990.75,13.0,-33.0,21.0,21.6875,-62.25,37.5625,0.0,0.0,0.0,343.5625,23.625,-115.0,0.7940673828125,-0.251708984375,0.078857421875,0.54754638671875,-379.0,-847.0,401.0,393.0,813.0,-380.0,16574,12528.919032995589,26050.868878903886,
208,5.7929527759552,0.027500152587890625,36.363434595644335,35.90569577286134,102990.75,19.0,-35.0,11.0,21.6875,-62.25,37.5625,0.0,0.0,0.0,343.5625,23.625,-115.0,0.7940673828125,-0.251708984375,0.078857421875,0.54754638671875,-374.0,-849.0,391.0,393.0,813.0,-380.0,16860,13395.135226396473,26595.6415804556,
209,5.818257808685303,0.02530503273010254,39.517830728209766,35.921405835267684,102990.75,29.0,-38.0,18.0,26.1875,-61.5625,36.0,0.0,0.0,0.0,343.5625,23.625,-115.0,0.7940673828125,-0.251708984375,0.078857421875,0.54754638671875,-363.0,-851.0,398.0,393.0,813.0,-380.0,17137,14143.508181117179,26893.48499703235,
210,5.845168828964233,0.026911020278930664,37.15949784270818,35.9271059818493,102990.75,32.0,-40.0,7.0,26.1875,-61.5625,36.0,0.0,0.0,0.0,343.5625,23.625,-115.0,0.7940673828125,-0.251708984375,0.078857421875,0.54754638671875,-361.0,-854.0,387.0,393.0,813.0,-380.0,17371,14789.006544893744,26602.776002951807,
211,5.872721910476685,0.027553081512451172,36.29358115708772,35.92882537543367,102990.75,22.0,-39.0,1.0,31.375,-60.875,34.75,0.0,0.0,0.0,343.5625,23.625,-115.0,0.7940673828125,-0.251708984375,0.078857421875,0.54754638671875,-370.0,-853.0,381.0,393.0,813.0,-380.0,17727,15376.605235914996,26075.10448069446,
212,5.899785995483398,0.027064085006713867,36.94933709201427,35.93350676826199,102990.75,24.0,-35.0,3.0,31.375,-60.875,34.75,0.0,0.0,0.0,343.5625,23.625,-115.0,0.7940673828125,-0.251708984375,0.078857421875,0.54754638671875,-368.0,-849.0,384.0,393.0,813.0,-380.0,17948,15890.884188731998,25367.820671321362,
213,5.9261229038238525,0.0263369083404541,37.969528810030326,35.942555268734125,102990.75,22.0,-34.0,5.0,36.5625,-59.375,31.75,0.0,0.0,0.0,343.5625,23.625,-115.0,0.7940673828125,-0.251708984375,0.078857421875,0.54754638671875,-370.0,-848.0,385.0,393.0,813.0,-380.0,18281,16368.907350985599,24646.07002729422,
214,5.952227830886841,0.02610492706298828,38.30694479962006,35.952924867816336,102990.75,22.0,-34.0,-4.0,36.5625,-59.375,31.75,0.0,0.0,0.0,343.5625,23.625,-115.0,0.7940673828125,-0.251708984375,0.078857421875,0.54754638671875,-370.0,-848.0,376.0,393.0,813.0,-380.0,18510,16797.12588078848,23821.837382898142,
215,5.979906797409058,0.027678966522216797,36.128516546936105,35.95373762232449,102990.75,20.0,-30.0,-2.0,42.25,-59.75,26.875,0.0,0.0,0.0,343.5625,23.625,-115.0,0.7940673828125,-0.251708984375,0.078857421875,0.54754638671875,-372.0,-844.0,377.0,393.0,813.0,-380.0,18768,17191.300704630783,22863.748809165554,
216,6.004159927368164,0.024253129959106445,41.23179159498648,35.97505772879712,102990.75,17.0,-30.0,3.0,42.25,-59.75,26.875,0.0,0.0,0.0,343.5625,23.625,-115.0,0.7940673828125,-0.251708984375,0.078857421875,0.54754638671875,-375.0,-844.0,384.0,393.0,813.0,-380.0,19026,17558.24056370463,22090.33270797165,
217,6.031185865402222,0.027025938034057617,37.001490891447226,35.979657208844486,102990.75,18.0,-27.0,-5.0,47.0625,-60.0625,23.5625,0.0,0.0,0.0,343.5625,23.625,-115.0,0.7940673828125,-0.251708984375,0.078857421875,0.54754638671875,-375.0,-841.0,388.0,393.0,813.0,-380.0,,17558.24056370463,22090.33270797165,
218,6.0524938106536865,0.021307945251464844,46.930850825761986,36.01821114071579,102990.75,18.0,-24.0,4.0,47.0625,-60.0625,23.5625,0.0,0.0,0.0,343.5625,23.625,-115.0,0.7940673828125,-0.251708984375,0.078857421875,0.54754638671875,-374.0,-838.0,385.0,393.0,813.0,-380.0,19505,17947.592450963704,21708.560971142942,
219,6.0784876346588135,0.025993824005126953,38.47067671931466,36.02869877554542,102990.75,17.0,-24.0,2.0,48.875,-57.5,19.75,0.0,0.0,0.0,343.5625,23.625,-115.0,0.7940673828125,-0.251708984375,0.078857421875,0.54754638671875,-375.0,-838.0,383.0,393.0,813.0,-380.0,19758,18309.673960770964,20930.656945012295,
220,6.10697603225708,0.0284883975982666,35.10200938998569,36.024375867525734,102990.75,8.0,-22.0,12.0,48.875,-57.5,19.75,0.0,0.0,0.0,343.5625,23.625,-115.0,0.7940673828125,-0.251708984375,0.078857421875,0.54754638671875,-384.0,-836.0,392.0,393.0,813.0,-380.0,19978,18643.339168616774,20008.82317640258,
221,6.139780759811401,0.03280472755432129,30.483411220047532,35.994770602653986,102954.0,18.0,-23.0,-1.0,53.75,-56.375,13.5625,0.0,0.0,0.0,343.5625,23.625,-115.0,0.7940673828125,-0.251708984375,0.078857421875,0.54754638671875,-375.0,-837.0,379.0,393.0,813.0,-380.0,20250,18964.67133489342,18987.47091504629,
222,6.167595624923706,0.027814865112304688,35.95199890283207,35.99457770916137,102954.0,18.0,-22.0,5.0,54.5625,-55.5625,9.0625,0.0,0.0,0.0,343.5625,23.625,-115.0,0.7940673828125,-0.251708984375,0.078857421875,0.54754638671875,-374.0,-836.0,386.0,393.0,813.0,-380.0,20541,19279.937067914736,18222.16715230995,
223,6.194581747055054,0.026986122131347656,37.05608368378273,35.99920206170751,102954.0,11.0,-24.0,9.0,54.5625,-55.5625,9.0625,0.0,0.0,0.0,343.5625,23.625,-115.0,0.7940673828125,-0.251708984375,0.078857421875,0.54754638671875,-381.0,-838.0,390.0,393.0,813.0,-380.0,20724,19568.74965433179,17470.176774198964,
224,6.221460819244385,0.026879072189331055,37.20366510258207,36.00440579921638,102954.0,14.0,-26.0,19.0,56.0625,-55.25,1.5625,0.0,0.0,0.0,343.5625,23.625,-115.0,0.7940673828125,-0.251708984375,0.078857421875,0.54754638671875,-378.0,-840.0,399.0,393.0,813.0,-380.0,20973,19849.599723465435,16768.024288387584,
225,6.247583866119385,0.026123046875,38.2803738317757,36.01392231325999,102954.0,19.0,-23.0,21.0,56.0625,-55.25,1.5625,0.0,0.0,0.0,343.5625,23.625,-115.0,0.7940673828125,-0.251708984375,0.078857421875,0.54754638671875,-374.0,-837.0,402.0,393.0,813.0,-380.0,21174,20114.479778772347,16105.192613321828,
226,6.272422790527344,0.024838924407958984,40.25939221746559,36.03073446217732,102954.0,22.0,-22.0,29.0,56.0625,-53.0,-2.875,0.0,0.0,0.0,343.5625,23.625,-115.0,0.7940673828125,-0.251708984375,0.078857421875,0.54754638671875,-370.0,-836.0,409.0,393.0,813.0,-380.0,21320,20355.583823017878,15465.343580239443,
227,6.298815011978149,0.026392221450805664,37.889951850546986,36.03852463809862,102954.0,18.0,-27.0,32.0,56.0625,-53.0,-2.875,0.0,0.0,0.0,343.5625,23.625,-115.0,0.7940673828125,-0.251708984375,0.078857421875,0.54754638671875,-374.0,-840.0,413.0,393.0,813.0,-380.0,21526,20589.667058414303,14805.74947403458,
228,6.323877811431885,0.02506279945373535,39.89977264295431,36.05382754041148,102954.0,21.0,-25.0,22.0,56.0625,-53.375,-9.5,0.0,0.0,0.0,343.5625,23.625,-115.0,0.7940673828125,-0.251708984375,0.078857421875,0.54754638671875,-371.0,-839.0,403.0,393.0,813.0,-380.0,21789,20829.53364673144,14282.236760480613,
229,6.360618829727173,0.036741018295288086,27.217536323108572,36.00278622729898,102954.0,24.0,-28.0,28.0,55.25,-51.0625,-15.25,0.0,0.0,0.0,343.5625,23.625,-115.0,0.7940673828125,-0.251708984375,0.078857421875,0.54754638671875,-364.0,-844.0,407.0,393.0,813.0,-380.0,22033,21070.226917385153,13509.120868107073,
230,6.385929822921753,0.025310993194580078,39.50852470752247,36.016681419585055,102954.0,36.0,-27.0,30.0,55.25,-51.0625,-15.25,0.0,0.0,0.0,343.5625,23.625,-115.0,0.7940673828125,-0.251708984375,0.078857421875,0.54754638671875,-354.0,-844.0,402.0,393.0,813.0,-380.0,22159,21287.98153390812,13018.525146003845,
231,6.4146409034729,0.02871108055114746,34.82975843485048,36.01136890997844,102954.0,31.0,-30.0,28.0,53.0625,-50.375,-21.875,0.0,0.0,0.0,343.5625,23.625,-115.0,0.7940673828125,-0.251708984375,0.078857421875,0.54754638671875,-366.0,-845.0,408.0,393.0,813.0,-380.0,,21287.98153390812,13018.525146003845,
232,6.448044776916504,0.033403873443603516,29.93664796653962,35.97989902777069,102954.0,34.0,-32.0,30.0,53.0625,-50.375,-21.875,0.0,0.0,0.0,343.5625,23.625,-115.0,0.7940673828125,-0.251708984375,0.078857421875,0.54754638671875,-362.0,-846.0,416.0,393.0,813.0,-380.0,,21287.98153390812,13018.525146003845,
233,6.487185955047607,0.039141178131103516,25.548541146372663,35.916960237390036,102954.0,33.0,-30.0,35.0,49.25,-48.0625,-28.0625,0.0,0.0,0.0,343.5625,23.625,-115.0,0.7940673828125,-0.251708984375,0.078857421875,0.54754638671875,-358.0,-846.0,427.0,393.0,813.0,-380.0,22848,21599.985227126497,12513.79655080445,
234,6.535299777984619,0.04811382293701172,20.78404788804979,35.80554954621559,0,0,0,0,0,0,0,0,0,0,0,0,0,0,0,0,0,0,0,0,0,0,0,,21599.985227126497,12513.79655080445,
235,6.596313714981079,0.06101393699645996,16.389697980938685,35.625958702704615,0,0,0,0,0,0,0,0,0,0,0,0,0,0,0,0,0,0,0,0,0,0,0,,21599.985227126497,12513.79655080445,
236,6.634850740432739,0.038537025451660156,25.949070751565245,35.56975269418157,102931.5,37.0,-47.0,39.0,32.5,-44.0625,-43.0,0.0,0.0,0.0,343.5625,23.625,-115.0,0.7940673828125,-0.251708984375,0.078857421875,0.54754638671875,-353.0,-856.0,417.0,393.0,813.0,-380.0,23622,22004.3881817012,12311.804983764107,
237,6.667737722396851,0.03288698196411133,30.40716843799388,35.54428951275631,102931.5,36.0,-38.0,30.0,32.5,-44.0625,-43.0,0.0,0.0,0.0,343.5625,23.625,-115.0,0.7940673828125,-0.251708984375,0.078857421875,0.54754638671875,-356.0,-850.0,414.0,393.0,813.0,-380.0,,22004.3881817012,12311.804983764107,
238,6.69831395149231,0.030576229095458984,32.70514479983781,35.53132948433632,102931.5,35.0,-35.0,25.0,25.0625,-41.375,-44.6875,0.0,0.0,0.0,343.5625,23.625,-115.0,0.7940673828125,-0.251708984375,0.078857421875,0.54754638671875,-359.0,-850.0,410.0,393.0,813.0,-380.0,24049,22413.31054536096,12418.010996926134,
239,6.732871770858765,0.03455781936645508,28.937011024795442,35.497482817724304,102931.5,34.0,-36.0,32.0,18.6875,-38.75,-48.375,0.0,0.0,0.0,343.5625,23.625,-115.0,0.7940673828125,-0.251708984375,0.078857421875,0.54754638671875,-356.0,-850.0,403.0,393.0,813.0,-380.0,24223,22775.24843628877,12223.549971240443,
240,6.761350870132446,0.02847909927368164,35.11347007115948,35.49586533959873,102931.5,37.0,-35.0,28.0,18.6875,-38.75,-48.375,0.0,0.0,0.0,343.5625,23.625,-115.0,0.7940673828125,-0.251708984375,0.078857421875,0.54754638671875,-355.0,-849.0,409.0,393.0,813.0,-380.0,24434,23106.998749031016,12166.085441873664,
241,6.788198947906494,0.02684807777404785,37.24661439138968,35.502789745772745,102931.5,40.0,-33.0,32.0,9.0,-36.5625,-48.375,0.0,0.0,0.0,343.5625,23.625,-115.0,0.7940673828125,-0.251708984375,0.078857421875,0.54754638671875,-352.0,-847.0,405.0,393.0,813.0,-380.0,,23106.998749031016,12166.085441873664,
242,6.813936710357666,0.025737762451171875,38.853416333185116,35.51544581154428,102931.5,38.0,-36.0,25.0,9.0,-36.5625,-48.375,0.0,0.0,0.0,343.5625,23.625,-115.0,0.7940673828125,-0.251708984375,0.078857421875,0.54754638671875,-349.0,-849.0,404.0,393.0,813.0,-380.0,24649,23415.398999224813,12147.717229490105,
243,6.839996814727783,0.026060104370117188,38.37283173534363,35.526332333485286,102931.5,44.0,-36.0,15.0,1.0625,-33.1875,-46.75,0.0,0.0,0.0,343.5625,23.625,-115.0,0.7940673828125,-0.251708984375,0.078857421875,0.54754638671875,-350.0,-849.0,399.0,393.0,813.0,-380.0,24785,23689.31919937985,11984.054881487182,
244,6.867402791976929,0.027405977249145508,36.488390503614646,35.53017165165572,102931.5,33.0,-34.0,25.0,-5.875,-30.25,-45.0625,0.0,0.0,0.0,343.5625,23.625,-115.0,0.7940673828125,-0.251708984375,0.078857421875,0.54754638671875,-356.0,-846.0,401.0,393.0,813.0,-380.0,24968,23945.05535950388,11718.789480988518,
245,6.8919358253479,0.02453303337097168,40.761367943323066,35.548792996433995,102932.25,39.0,-34.0,15.0,-5.875,-30.25,-45.0625,0.0,0.0,0.0,343.5625,23.625,-115.0,0.7940673828125,-0.251708984375,0.078857421875,0.54754638671875,-354.0,-845.0,400.0,393.0,813.0,-380.0,25006,24157.244287603105,11411.821630064853,
246,6.927133798599243,0.03519797325134277,28.410726744382956,35.51252323865094,102932.25,38.0,-27.0,27.0,-13.75,-28.0,-42.1875,0.0,0.0,0.0,343.5625,23.625,-115.0,0.7940673828125,-0.251708984375,0.078857421875,0.54754638671875,-356.0,-842.0,403.0,393.0,813.0,-380.0,,24157.244287603105,11411.821630064853,
247,6.967496871948242,0.04036307334899902,24.7751203520482,35.45032090282578,102932.25,33.0,-27.0,21.0,-20.5,-23.875,-37.5625,0.0,0.0,0.0,343.5625,23.625,-115.0,0.7940673828125,-0.251708984375,0.078857421875,0.54754638671875,-354.0,-844.0,391.0,393.0,813.0,-380.0,25320,24389.795430082486,10846.787721351664,
248,7.01132869720459,0.043831825256347656,22.8144731402711,35.371326992396945,102932.25,36.0,-27.0,14.0,-20.5,-23.875,-37.5625,0.0,0.0,0.0,343.5625,23.625,-115.0,0.7940673828125,-0.251708984375,0.078857421875,0.54754638671875,-356.0,-841.0,394.0,393.0,813.0,-380.0,25437,24599.23634406599,10239.937359871547,
249,7.037704944610596,0.02637624740600586,37.912898852029286,35.3808524170485,102932.25,42.0,-27.0,10.0,-26.875,-19.75,-31.875,0.0,0.0,0.0,343.5625,23.625,-115.0,0.7940673828125,-0.251708984375,0.078857421875,0.54754638671875,-350.0,-840.0,383.0,393.0,813.0,-380.0,,24599.23634406599,10239.937359871547,
250,7.081033945083618,0.04332900047302246,23.07923074806724,35.30557852692907,0,0,0,0,0,0,0,0,0,0,0,0,0,0,0,0,0,0,0,0,0,0,0,,24599.23634406599,10239.937359871547,
251,7.144829988479614,0.0637960433959961,15.674953284998878,35.13029706860969,102932.25,31.0,-20.0,3.0,-33.5625,-11.875,-18.5625,0.0,0.0,0.0,343.5625,23.625,-115.0,0.7940673828125,-0.251708984375,0.078857421875,0.54754638671875,-360.0,-836.0,384.0,393.0,813.0,-380.0,,24599.23634406599,10239.937359871547,
252,7.189332962036133,0.044502973556518555,22.47040860606775,35.05193059365964,102932.25,34.0,-21.0,2.0,-35.375,-8.875,-10.75,0.0,0.0,0.0,343.5625,23.625,-115.0,0.7940673828125,-0.251708984375,0.078857421875,0.54754638671875,-358.0,-835.0,382.0,393.0,813.0,-380.0,,24599.23634406599,10239.937359871547,
253,7.2310638427734375,0.04173088073730469,23.963069610128432,34.98793614619272,0,0,0,0,0,0,0,0,0,0,0,0,0,0,0,0,0,0,0,0,0,0,0,,24599.23634406599,10239.937359871547,
254,7.2897257804870605,0.05866193771362305,17.046828641798687,34.843560327042795,0,0,0,0,0,0,0,0,0,0,0,0,0,0,0,0,0,0,0,0,0,0,0,,24599.23634406599,10239.937359871547,
255,7.3491668701171875,0.05944108963012695,16.823379352944478,34.69781058270267,0,0,0,0,0,0,0,0,0,0,0,0,0,0,0,0,0,0,0,0,0,0,0,,24599.23634406599,10239.937359871547,
256,7.4090986251831055,0.05993175506591797,16.68564517925624,34.55211125545968,0,0,0,0,0,0,0,0,0,0,0,0,0,0,0,0,0,0,0,0,0,0,0,,24599.23634406599,10239.937359871547,
257,7.469460964202881,0.06036233901977539,16.56662111241893,34.40676659690212,0,0,0,0,0,0,0,0,0,0,0,0,0,0,0,0,0,0,0,0,0,0,0,,24599.23634406599,10239.937359871547,
258,7.530088901519775,0.06062793731689453,16.494046214587954,34.26254369293417,0,0,0,0,0,0,0,0,0,0,0,0,0,0,0,0,0,0,0,0,0,0,0,,24599.23634406599,10239.937359871547,
259,7.589581727981567,0.05949282646179199,16.80874921352457,34.12572777826592,0,0,0,0,0,0,0,0,0,0,0,0,0,0,0,0,0,0,0,0,0,0,0,,24599.23634406599,10239.937359871547,
260,7.650828838348389,0.06124711036682129,16.32730089649615,33.983246193771485,0,0,0,0,0,0,0,0,0,0,0,0,0,0,0,0,0,0,0,0,0,0,0,,24599.23634406599,10239.937359871547,
261,7.7118847370147705,0.061055898666381836,16.37843389160715,33.843866823796915,0,0,0,0,0,0,0,0,0,0,0,0,0,0,0,0,0,0,0,0,0,0,0,,24599.23634406599,10239.937359871547,
262,7.772153854370117,0.06026911735534668,16.592245645543482,33.71008923770635,0,0,0,0,0,0,0,0,0,0,0,0,0,0,0,0,0,0,0,0,0,0,0,,24599.23634406599,10239.937359871547,
263,7.831917762756348,0.05976390838623047,16.732506741985414,33.58053646204788,0,0,0,0,0,0,0,0,0,0,0,0,0,0,0,0,0,0,0,0,0,0,0,,24599.23634406599,10239.937359871547,
264,7.891706705093384,0.05978894233703613,16.725500751675817,33.45283978047637,0,0,0,0,0,0,0,0,0,0,0,0,0,0,0,0,0,0,0,0,0,0,0,,24599.23634406599,10239.937359871547,
265,7.950193881988525,0.0584871768951416,17.097764896275372,33.33252043077438,0,0,0,0,0,0,0,0,0,0,0,0,0,0,0,0,0,0,0,0,0,0,0,,24599.23634406599,10239.937359871547,
266,8.007710933685303,0.057517051696777344,17.38614846379599,33.21798229267271,0,0,0,0,0,0,0,0,0,0,0,0,0,0,0,0,0,0,0,0,0,0,0,,24599.23634406599,10239.937359871547,
267,8.068931818008423,0.06122088432312012,16.334295250000974,33.0898817863479,0,0,0,0,0,0,0,0,0,0,0,0,0,0,0,0,0,0,0,0,0,0,0,,24599.23634406599,10239.937359871547,
268,8.128933906555176,0.06000208854675293,16.66608653498472,32.96865284928503,0,0,0,0,0,0,0,0,0,0,0,0,0,0,0,0,0,0,0,0,0,0,0,,24599.23634406599,10239.937359871547,
269,8.189207792282104,0.06027388572692871,16.59093300422852,32.848110198585786,0,0,0,0,0,0,0,0,0,0,0,0,0,0,0,0,0,0,0,0,0,0,0,,24599.23634406599,10239.937359871547,
270,8.24713397026062,0.057926177978515625,17.263351992097466,32.73864605251073,0,0,0,0,0,0,0,0,0,0,0,0,0,0,0,0,0,0,0,0,0,0,0,,24599.23634406599,10239.937359871547,
271,8.30653691291809,0.0594029426574707,16.834182874848487,32.624907689093455,0,0,0,0,0,0,0,0,0,0,0,0,0,0,0,0,0,0,0,0,0,0,0,,24599.23634406599,10239.937359871547,
272,8.366400718688965,0.05986380577087402,16.70458446673862,32.51099357366462,0,0,0,0,0,0,0,0,0,0,0,0,0,0,0,0,0,0,0,0,0,0,0,,24599.23634406599,10239.937359871547,
273,8.425993919372559,0.05959320068359375,16.78043784406606,32.39973854862797,0,0,0,0,0,0,0,0,0,0,0,0,0,0,0,0,0,0,0,0,0,0,0,,24599.23634406599,10239.937359871547,
274,8.485657691955566,0.05966377258300781,16.760589495220742,32.289777639717066,0,0,0,0,0,0,0,0,0,0,0,0,0,0,0,0,0,0,0,0,0,0,0,,24599.23634406599,10239.937359871547,
275,8.546032905578613,0.060375213623046875,16.563088393252038,32.17867319706757,0,0,0,0,0,0,0,0,0,0,0,0,0,0,0,0,0,0,0,0,0,0,0,,24599.23634406599,10239.937359871547,
276,8.6060049533844,0.05997204780578613,16.674434783991476,32.07062992584732,0,0,0,0,0,0,0,0,0,0,0,0,0,0,0,0,0,0,0,0,0,0,0,,24599.23634406599,10239.937359871547,
277,8.666931867599487,0.06092691421508789,16.413107620545812,31.96056046494822,0,0,0,0,0,0,0,0,0,0,0,0,0,0,0,0,0,0,0,0,0,0,0,,24599.23634406599,10239.937359871547,
278,8.725042819976807,0.058110952377319336,17.208460007795352,31.86230781165828,0,0,0,0,0,0,0,0,0,0,0,0,0,0,0,0,0,0,0,0,0,0,0,,24599.23634406599,10239.937359871547,
279,8.785131692886353,0.0600888729095459,16.642016259904537,31.75820349123698,0,0,0,0,0,0,0,0,0,0,0,0,0,0,0,0,0,0,0,0,0,0,0,,24599.23634406599,10239.937359871547,
280,8.845897912979126,0.06076622009277344,16.45651150381368,31.65308968682202,0,0,0,0,0,0,0,0,0,0,0,0,0,0,0,0,0,0,0,0,0,0,0,,24599.23634406599,10239.937359871547,
281,8.906805753707886,0.060907840728759766,16.418247438015236,31.548908527955742,0,0,0,0,0,0,0,0,0,0,0,0,0,0,0,0,0,0,0,0,0,0,0,,24599.23634406599,10239.937359871547,
282,8.967197895050049,0.060392141342163086,16.558445813906665,31.447950998791477,0,0,0,0,0,0,0,0,0,0,0,0,0,0,0,0,0,0,0,0,0,0,0,,24599.23634406599,10239.937359871547,
283,9.028897762298584,0.061699867248535156,16.207490300941313,31.34380380091419,0,0,0,0,0,0,0,0,0,0,0,0,0,0,0,0,0,0,0,0,0,0,0,,24599.23634406599,10239.937359871547,
284,9.088764905929565,0.059867143630981445,16.70365311169609,31.247370015558072,0,0,0,0,0,0,0,0,0,0,0,0,0,0,0,0,0,0,0,0,0,0,0,,24599.23634406599,10239.937359871547,
285,9.149198770523071,0.06043386459350586,16.54701394203836,31.15026868999876,0,0,0,0,0,0,0,0,0,0,0,0,0,0,0,0,0,0,0,0,0,0,0,,24599.23634406599,10239.937359871547,
286,9.208455801010132,0.05925703048706055,16.875634701579614,31.058410463199152,0,0,0,0,0,0,0,0,0,0,0,0,0,0,0,0,0,0,0,0,0,0,0,,24599.23634406599,10239.937359871547,
287,9.267639636993408,0.05918383598327637,16.896505327612946,30.967971483741035,0,0,0,0,0,0,0,0,0,0,0,0,0,0,0,0,0,0,0,0,0,0,0,,24599.23634406599,10239.937359871547,
288,9.326047897338867,0.058408260345458984,17.12086602280984,30.881248216854978,0,0,0,0,0,0,0,0,0,0,0,0,0,0,0,0,0,0,0,0,0,0,0,,24599.23634406599,10239.937359871547,
289,9.387324810028076,0.061276912689208984,16.319360034861916,30.786193707846746,0,0,0,0,0,0,0,0,0,0,0,0,0,0,0,0,0,0,0,0,0,0,0,,24599.23634406599,10239.937359871547,
290,9.448992729187012,0.06166791915893555,16.215886860439042,30.691102037174655,0,0,0,0,0,0,0,0,0,0,0,0,0,0,0,0,0,0,0,0,0,0,0,,24599.23634406599,10239.937359871547,
291,9.508687734603882,0.05969500541687012,16.75182024051538,30.603592012070912,0,0,0,0,0,0,0,0,0,0,0,0,0,0,0,0,0,0,0,0,0,0,0,,24599.23634406599,10239.937359871547,
292,9.568733930587769,0.06004619598388672,16.653844321268046,30.516053860227213,0,0,0,0,0,0,0,0,0,0,0,0,0,0,0,0,0,0,0,0,0,0,0,,24599.23634406599,10239.937359871547,
293,9.629673957824707,0.06094002723693848,16.409575862379256,30.4267830129305,0,0,0,0,0,0,0,0,0,0,0,0,0,0,0,0,0,0,0,0,0,0,0,,24599.23634406599,10239.937359871547,
294,9.690646648406982,0.06097269058227539,16.400785178581206,30.338532676591797,0,0,0,0,0,0,0,0,0,0,0,0,0,0,0,0,0,0,0,0,0,0,0,,24599.23634406599,10239.937359871547,
295,9.749332904815674,0.058686256408691406,17.03976469441149,30.258480542221,0,0,0,0,0,0,0,0,0,0,0,0,0,0,0,0,0,0,0,0,0,0,0,,24599.23634406599,10239.937359871547,
296,9.809191942214966,0.05985903739929199,16.705915154122206,30.175778162330637,0,0,0,0,0,0,0,0,0,0,0,0,0,0,0,0,0,0,0,0,0,0,0,,24599.23634406599,10239.937359871547,
297,9.869233846664429,0.06004190444946289,16.65503466569248,30.093521403424752,0,0,0,0,0,0,0,0,0,0,0,0,0,0,0,0,0,0,0,0,0,0,0,,24599.23634406599,10239.937359871547,
298,9.930349826812744,0.06111598014831543,16.362332692255176,30.009013297333798,0,0,0,0,0,0,0,0,0,0,0,0,0,0,0,0,0,0,0,0,0,0,0,,24599.23634406599,10239.937359871547,
299,9.990847826004028,0.06049799919128418,16.529472269622893,29.92739006811487,0,0,0,0,0,0,0,0,0,0,0,0,0,0,0,0,0,0,0,0,0,0,0,,24599.23634406599,10239.937359871547,
300,10.052732944488525,0.06188511848449707,16.158973667482133,29.842631019505685,0,0,0,0,0,0,0,0,0,0,0,0,0,0,0,0,0,0,0,0,0,0,0,,24599.23634406599,10239.937359871547,
301,10.113056659698486,0.06032371520996094,16.577228317576754,29.76350376830323,0,0,0,0,0,0,0,0,0,0,0,0,0,0,0,0,0,0,0,0,0,0,0,,24599.23634406599,10239.937359871547,
302,10.171164751052856,0.05810809135437012,17.20930728737132,29.69178136346074,0,0,0,0,0,0,0,0,0,0,0,0,0,0,0,0,0,0,0,0,0,0,0,,24599.23634406599,10239.937359871547,
303,10.231452941894531,0.060288190841674805,16.58699632613192,29.61456224455784,0,0,0,0,0,0,0,0,0,0,0,0,0,0,0,0,0,0,0,0,0,0,0,,24599.23634406599,10239.937359871547,
304,10.293216705322266,0.061763763427734375,16.190723241306898,29.534013389887356,0,0,0,0,0,0,0,0,0,0,0,0,0,0,0,0,0,0,0,0,0,0,0,,24599.23634406599,10239.937359871547,
305,10.354657649993896,0.06144094467163086,16.275791417994427,29.455343702278732,0,0,0,0,0,0,0,0,0,0,0,0,0,0,0,0,0,0,0,0,0,0,0,,24599.23634406599,10239.937359871547,
306,10.417313814163208,0.06265616416931152,15.960121613856979,29.374175095307915,0,0,0,0,0,0,0,0,0,0,0,0,0,0,0,0,0,0,0,0,0,0,0,,24599.23634406599,10239.937359871547,
307,10.47578477859497,0.058470964431762695,17.102505657607697,29.305680336931793,0,0,0,0,0,0,0,0,0,0,0,0,0,0,0,0,0,0,0,0,0,0,0,,24599.23634406599,10239.937359871547,
308,10.536358833312988,0.06057405471801758,16.50871820708005,29.23210996062426,0,0,0,0,0,0,0,0,0,0,0,0,0,0,0,0,0,0,0,0,0,0,0,,24599.23634406599,10239.937359871547,
309,10.59623384475708,0.0598750114440918,16.7014581856698,29.161304339549886,0,0,0,0,0,0,0,0,0,0,0,0,0,0,0,0,0,0,0,0,0,0,0,,24599.23634406599,10239.937359871547,
310,10.658015012741089,0.06178116798400879,16.186162104588835,29.08609151229488,0,0,0,0,0,0,0,0,0,0,0,0,0,0,0,0,0,0,0,0,0,0,0,,24599.23634406599,10239.937359871547,
311,10.716880798339844,0.05886578559875488,16.987796728243303,29.019637882710903,0,0,0,0,0,0,0,0,0,0,0,0,0,0,0,0,0,0,0,0,0,0,0,,24599.23634406599,10239.937359871547,
312,10.776572942733765,0.0596921443939209,16.752623149216948,28.951690083475917,0,0,0,0,0,0,0,0,0,0,0,0,0,0,0,0,0,0,0,0,0,0,0,,24599.23634406599,10239.937359871547,
313,10.837941646575928,0.061368703842163086,16.294950640833882,28.88002262854841,0,0,0,0,0,0,0,0,0,0,0,0,0,0,0,0,0,0,0,0,0,0,0,,24599.23634406599,10239.937359871547,
314,10.897666692733765,0.059725046157836914,16.743394343426278,28.81350740974357,0,0,0,0,0,0,0,0,0,0,0,0,0,0,0,0,0,0,0,0,0,0,0,,24599.23634406599,10239.937359871547,
315,10.957498788833618,0.059832096099853516,16.713437522414466,28.74743644243017,0,0,0,0,0,0,0,0,0,0,0,0,0,0,0,0,0,0,0,0,0,0,0,,24599.23634406599,10239.937359871547,
316,11.019868850708008,0.06237006187438965,16.033333460754818,28.675477383716554,0,0,0,0,0,0,0,0,0,0,0,0,0,0,0,0,0,0,0,0,0,0,0,,24599.23634406599,10239.937359871547,
317,11.07879090309143,0.05892205238342285,16.97157447084006,28.613230701153878,0,0,0,0,0,0,0,0,0,0,0,0,0,0,0,0,0,0,0,0,0,0,0,,24599.23634406599,10239.937359871547,
318,11.13802695274353,0.05923604965209961,16.881611887914865,28.550837715621608,0,0,0,0,0,0,0,0,0,0,0,0,0,0,0,0,0,0,0,0,0,0,0,,24599.23634406599,10239.937359871547,
319,11.200039863586426,0.06201291084289551,16.12567425730774,28.48204148247123,0,0,0,0,0,0,0,0,0,0,0,0,0,0,0,0,0,0,0,0,0,0,0,,24599.23634406599,10239.937359871547,
320,11.259317636489868,0.05927777290344238,16.869729597110553,28.42090527430587,0,0,0,0,0,0,0,0,0,0,0,0,0,0,0,0,0,0,0,0,0,0,0,,24599.23634406599,10239.937359871547,
321,11.319211721420288,0.05989408493041992,16.69613954636286,28.35886525494924,0,0,0,0,0,0,0,0,0,0,0,0,0,0,0,0,0,0,0,0,0,0,0,,24599.23634406599,10239.937359871547,
322,11.380037784576416,0.06082606315612793,16.440320943231303,28.29516088570574,0,0,0,0,0,0,0,0,0,0,0,0,0,0,0,0,0,0,0,0,0,0,0,,24599.23634406599,10239.937359871547,
323,11.441850900650024,0.0618131160736084,16.177796291796362,28.22969839448354,0,0,0,0,0,0,0,0,0,0,0,0,0,0,0,0,0,0,0,0,0,0,0,,24599.23634406599,10239.937359871547,
324,11.499698877334595,0.05784797668457031,17.286689307263675,28.17465078486445,0,0,0,0,0,0,0,0,0,0,0,0,0,0,0,0,0,0,0,0,0,0,0,,24599.23634406599,10239.937359871547,
325,11.55937385559082,0.059674978256225586,16.757442218182543,28.115709731354535,0,0,0,0,0,0,0,0,0,0,0,0,0,0,0,0,0,0,0,0,0,0,0,,24599.23634406599,10239.937359871547,
326,11.61994981765747,0.06057596206665039,16.50819839889166,28.05519861235684,0,0,0,0,0,0,0,0,0,0,0,0,0,0,0,0,0,0,0,0,0,0,0,,24599.23634406599,10239.937359871547,
327,11.680442810058594,0.06049299240112305,16.530840355343955,27.995513981576494,0,0,0,0,0,0,0,0,0,0,0,0,0,0,0,0,0,0,0,0,0,0,0,,24599.23634406599,10239.937359871547,
328,11.739617824554443,0.05917501449584961,16.899024166189896,27.93958073438806,0,0,0,0,0,0,0,0,0,0,0,0,0,0,0,0,0,0,0,0,0,0,0,,24599.23634406599,10239.937359871547,
329,11.799168586730957,0.05955076217651367,16.792396326278958,27.883320556160626,0,0,0,0,0,0,0,0,0,0,0,0,0,0,0,0,0,0,0,0,0,0,0,,24599.23634406599,10239.937359871547,
330,11.858128786087036,0.0589601993560791,16.960593941697635,27.8290113012758,0,0,0,0,0,0,0,0,0,0,0,0,0,0,0,0,0,0,0,0,0,0,0,,24599.23634406599,10239.937359871547,
331,11.919079780578613,0.06095099449157715,16.406623195265347,27.770600255511635,0,0,0,0,0,0,0,0,0,0,0,0,0,0,0,0,0,0,0,0,0,0,0,,24599.23634406599,10239.937359871547,
332,11.979253768920898,0.060173988342285156,16.61847631424632,27.714581091966203,0,0,0,0,0,0,0,0,0,0,0,0,0,0,0,0,0,0,0,0,0,0,0,,24599.23634406599,10239.937359871547,
333,12.038813829421997,0.05956006050109863,16.789774751514134,27.660532401138383,0,0,0,0,0,0,0,0,0,0,0,0,0,0,0,0,0,0,0,0,0,0,0,,24599.23634406599,10239.937359871547,
334,12.09918475151062,0.06037092208862305,16.564265798889476,27.605165708234935,0,0,0,0,0,0,0,0,0,0,0,0,0,0,0,0,0,0,0,0,0,0,0,,24599.23634406599,10239.937359871547,
335,12.160512685775757,0.06132793426513672,16.305783196230582,27.54818062826019,0,0,0,0,0,0,0,0,0,0,0,0,0,0,0,0,0,0,0,0,0,0,0,,24599.23634406599,10239.937359871547,
336,12.220277786254883,0.05976510047912598,16.732172990310087,27.4952833214582,0,0,0,0,0,0,0,0,0,0,0,0,0,0,0,0,0,0,0,0,0,0,0,,24599.23634406599,10239.937359871547,
337,12.282667636871338,0.06238985061645508,16.02824802623031,27.4370364780009,0,0,0,0,0,0,0,0,0,0,0,0,0,0,0,0,0,0,0,0,0,0,0,,24599.23634406599,10239.937359871547,
338,12.343770742416382,0.061103105545043945,16.36578028366857,27.382232467956065,0,0,0,0,0,0,0,0,0,0,0,0,0,0,0,0,0,0,0,0,0,0,0,,24599.23634406599,10239.937359871547,
339,12.402076959609985,0.058306217193603516,17.15082967360992,27.334131299461045,0,0,0,0,0,0,0,0,0,0,0,0,0,0,0,0,0,0,0,0,0,0,0,,24599.23634406599,10239.937359871547,
340,12.463220834732056,0.06114387512207031,16.354867891568144,27.280267637760236,0,0,0,0,0,0,0,0,0,0,0,0,0,0,0,0,0,0,0,0,0,0,0,,24599.23634406599,10239.937359871547,
341,12.52181887626648,0.05859804153442383,17.065416758212695,27.23246545646194,0,0,0,0,0,0,0,0,0,0,0,0,0,0,0,0,0,0,0,0,0,0,0,,24599.23634406599,10239.937359871547,
342,12.581770658493042,0.0599517822265625,16.680071264952915,27.182183595847107,0,0,0,0,0,0,0,0,0,0,0,0,0,0,0,0,0,0,0,0,0,0,0,,24599.23634406599,10239.937359871547,
343,12.641485691070557,0.05971503257751465,16.74620203383334,27.13288678104359,0,0,0,0,0,0,0,0,0,0,0,0,0,0,0,0,0,0,0,0,0,0,0,,24599.23634406599,10239.937359871547,
344,12.700108766555786,0.05862307548522949,17.05812927286555,27.08638219744092,0,0,0,0,0,0,0,0,0,0,0,0,0,0,0,0,0,0,0,0,0,0,0,,24599.23634406599,10239.937359871547,
