Index,Time,Difference,Hz,AveHz,0x6103 Linear-Acceleration-X,0x6103 Linear-Acceleration-Y,0x6103 Linear-Acceleration-Z,0x6103 Range,0x6103 Smoothed Range,0x6103 Velocity,
0,9.5367431640625e-07,9.5367431640625e-07,1048576.0,0.0,-15.0,9.0,37.0,1635,1646.5,-6029312.0,
1,0.02450394630432129,0.024502992630004883,40.81134150019947,40.80975315488874,-8.0,-5.0,21.0,1635,1640.75,-3014773.332606813,
2,0.05016493797302246,0.025660991668701172,38.96965530056676,39.868483463002654,-4.0,-17.0,18.0,1597,1618.875,-1507812.8969082565,
3,0.07694101333618164,0.02677607536315918,37.34677268558505,38.9909083584846,8.0,-26.0,1.0,1668,1643.4375,-753447.7834020834,
4,0.1047828197479248,0.027841806411743164,35.91720972451767,38.17419696876614,5.0,-25.0,-5.0,1654,1648.71875,-376629.0478191129,
5,0.13219666481018066,0.02741384506225586,36.477918282861665,37.82243680034916,-5.0,-18.0,-24.0,1672,1660.359375,-188102.21102580073,
6,0.15911483764648438,0.02691817283630371,37.14962401353374,37.708614034667114,-13.0,-4.0,-35.0,1630,1645.1796875,-94333.06535453434,
7,0.18706297874450684,0.02794814109802246,35.78055501053547,37.420552409574825,-11.0,7.0,-28.0,1621,1633.08984375,-47382.823336949994,
8,0.21456384658813477,0.02750086784362793,36.362488838027865,37.28493931858134,-8.0,17.0,-40.0,1640,1636.544921875,-23628.594048597584,
9,0.24232983589172363,0.027765989303588867,36.01528434899836,37.13946310771789,-8.0,25.0,-41.0,1658,1647.2724609375,-11621.119339448329,
10,0.27114081382751465,0.028810977935791016,34.708991906787375,36.881205226305276,3.0,6.0,-42.0,1635,1641.13623046875,-5917.050856563177,
11,0.3022017478942871,0.03106093406677246,32.19478196793037,36.39952474347666,14.0,-9.0,-35.0,1588,1614.568115234375,-3386.2027669163645,
12,0.3295927047729492,0.02739095687866211,36.5083996309385,36.40857284224963,14.0,-24.0,-33.0,1640,1627.2840576171875,-1460.9820303603287,
13,0.3554418087005615,0.025849103927612305,38.686060561340724,36.574200563309994,13.0,-17.0,-32.0,1672,1649.6420288085938,-298.02010141043763,
14,0.38504791259765625,0.029606103897094727,33.776818573487844,36.359111533812836,13.0,-12.0,-19.0,1640,1644.8210144042969,-230.42931514227237,
15,0.4130518436431885,0.028003931045532227,35.709272329448225,36.31505398377456,7.0,-5.0,-9.0,1663,1653.9105072021484,47.07492925638367,
16,0.438931941986084,0.025880098342895508,38.63972952307253,36.452120407558006,-4.0,6.0,-2.0,1663,1658.4552536010742,111.34135043091686,
17,0.4655170440673828,0.026585102081298828,37.61505210481947,36.51853399709094,-3.0,10.0,10.0,1630,1644.227626800537,-211.91578649960624,
18,0.4920670986175537,0.0265500545501709,37.66470604082292,36.58037704729783,4.0,21.0,24.0,1555,1599.6138134002686,-946.1409767904239,
19,0.5176389217376709,0.025571823120117188,39.10554188110689,36.70512243596092,11.0,11.0,39.0,1602,1600.8069067001343,-449.74220839222846,
20,0.5469727516174316,0.029333829879760742,34.09033201934409,36.5648927498834,18.0,0.0,54.0,1579,1589.9034533500671,-410.72227662672344,
21,0.5742588043212891,0.027286052703857422,36.6487601139402,36.56887772895306,26.0,-15.0,50.0,1602,1595.9517266750336,-94.53027921824263,
22,0.6009118556976318,0.026653051376342773,37.51915628270612,36.611026711162125,25.0,-21.0,55.0,1541,1568.4758633375168,-562.7007448904052,
23,0.6270408630371094,0.02612900733947754,38.27164143695309,36.68022509505703,19.0,-20.0,47.0,1560,1564.2379316687584,-362.4466730757173,
24,0.6530249118804932,0.02598404884338379,38.485149332476944,36.75204354897891,16.0,-12.0,65.0,1579,1571.6189658343792,-39.193235491843126,
25,0.6799728870391846,0.026947975158691406,37.10853947694377,36.76617182319996,12.0,0.0,65.0,1607,1589.3094829171896,308.6380080215874,
26,0.707406759262085,0.02743387222290039,36.4512888255436,36.75396037651846,1.0,14.0,59.0,1588,1588.6547414585948,142.38591900414534,
27,0.7345080375671387,0.02710127830505371,36.8986284980338,36.75929822283535,-6.0,26.0,54.0,1504,1546.3273707292974,-709.7180044173747,
28,0.7618858814239502,0.027377843856811523,36.52588586705681,36.75091071075964,3.0,21.0,46.0,1574,1560.1636853646487,-102.1671776129227,
29,0.7910630702972412,0.029177188873291016,34.273349785092094,36.65952954813486,9.0,17.0,51.0,1574,1567.0818426823243,67.47062400203467,
30,0.8165428638458252,0.025479793548583984,39.246785814541035,36.740263528485656,13.0,7.0,26.0,1602,1584.5409213411622,376.3416723223335,
31,0.8428058624267578,0.026262998580932617,38.07638327810812,36.78189887139517,13.0,2.0,24.0,1574,1579.270460670581,87.83079588854665,
32,0.8692018985748291,0.02639603614807129,37.88447607778671,36.81538207920187,14.0,-2.0,2.0,1635,1607.1352303352905,571.7364978321344,
33,0.8971428871154785,0.027940988540649414,35.78971440273737,36.783438261548966,4.0,-5.0,0.0,1668,1637.5676151676453,830.4514297881533,
34,0.9247469902038574,0.027604103088378906,36.22649853169805,36.76681336643747,-2.0,5.0,-17.0,1654,1645.7838075838226,564.0476561444756,
35,0.9555158615112305,0.030768871307373047,32.5003796860229,36.62942857342472,-4.0,20.0,-17.0,1682,1663.8919037919113,576.2838291491946,
36,0.9839129447937012,0.028397083282470703,35.21488422077813,36.58860287436119,-12.0,39.0,-26.0,1569,1616.4459518959557,-547.2599368057463,
37,1.0141289234161377,0.030215978622436523,33.09507239515524,36.48451310841612,-11.0,37.0,-41.0,1546,1581.2229759479778,-856.4834378884423,
38,1.0386219024658203,0.024492979049682617,40.82802659372536,36.58694266872591,-5.0,32.0,-29.0,1602,1591.611487973989,-216.17049631061298,
39,1.0671148300170898,0.02849292755126953,35.09642869096629,36.547144602399925,0.0,20.0,-43.0,1607,1599.3057439869945,26.93520558993734,
40,1.0929107666015625,0.025795936584472656,38.76579540833303,36.59951134380454,4.0,6.0,-37.0,1607,1603.1528719934972,88.03609139984593,
41,1.1179828643798828,0.025072097778320312,39.88497527577025,36.673191787015156,3.0,2.0,-45.0,1663,1633.0764359967486,640.7683509162281,
42,1.1458098888397217,0.027827024459838867,35.93628925159577,36.65529544567847,-5.0,-6.0,-25.0,1724,1678.5382179983744,1137.2480494098218,
43,1.174407958984375,0.02859807014465332,34.96739447598563,36.61419328014968,-21.0,12.0,-17.0,1663,1670.7691089991872,432.7912751541563,
44,1.2394459247589111,0.06503796577453613,15.375634648024663,35.49973348660499,-19.0,23.0,-1.0,1616,1643.3845544995936,5.868185084742578,
45,1.2652127742767334,0.025766849517822266,38.809556415048945,35.567140100782275,-18.0,25.0,10.0,1616,1629.692277249797,-262.7615106458667,
46,1.2929768562316895,0.027764081954956055,36.017758542219475,35.576816227062636,-16.0,14.0,31.0,1574,1601.8461386248985,-632.8585039853153,
47,1.3189427852630615,0.02596592903137207,38.51200543573075,35.63460107985345,-7.0,-6.0,36.0,1626,1613.9230693124491,-83.87584184971047,
48,1.3459429740905762,0.02700018882751465,37.03677801619469,35.66272934589412,-3.0,-16.0,43.0,1878,1745.9615346562246,2403.201744343358,
49,1.3727219104766846,0.0267789363861084,37.342782610244036,35.6955036748736,-3.0,-26.0,46.0,1551,1648.4807673281123,-618.5006793350592,
50,1.4003407955169678,0.027618885040283203,36.207109683879764,35.705594066865245,-7.0,-28.0,58.0,1710,1679.240383664056,247.6080615872579,
51,1.4353477954864502,0.03500699996948242,28.56571545324525,35.531458062201374,-15.0,-19.0,60.0,2080,1879.620191832028,2985.800322144707,
52,1.4610278606414795,0.025680065155029297,38.940711168879396,35.591381520383095,-21.0,-13.0,51.0,1850,1864.810095916014,1204.5423273479028,
53,1.4886069297790527,0.027579069137573242,36.259381888912905,35.60375740550029,-26.0,0.0,63.0,1841,1852.905047958007,386.43632351634994,
54,1.5159289836883545,0.027322053909301758,36.600469471277606,35.6217214533457,-12.0,6.0,59.0,1804,1828.4525239790034,-254.26876693642464,
55,1.5438308715820312,0.027901887893676758,35.83986875048065,35.62566406230696,-11.0,6.0,64.0,1855,1841.7262619895018,110.73013059405193,
56,1.5717658996582031,0.027935028076171875,35.79735081250853,35.62871545449471,-5.0,0.0,43.0,,1841.7262619895018,110.73013059405193,
57,1.593200922012329,0.021435022354125977,46.652622212335245,35.77703176822471,0.0,-9.0,43.0,1565,1703.363130994751,-3172.136373909958,
58,1.6212217807769775,0.028020858764648438,35.68769995235178,35.77548777577072,4.0,-27.0,25.0,1616,1659.6815654973755,-2365.5154884146477,
59,1.6490678787231445,0.027846097946166992,35.911674301125906,35.77778741629669,3.0,-32.0,22.0,1607,1633.3407827486876,-1655.7285496611207,
60,1.6761188507080078,0.02705097198486328,36.96724836946942,35.79698419038451,-1.0,-29.0,0.0,1658,1645.6703913743438,-599.9684226490679,
61,1.7059128284454346,0.029793977737426758,33.56382987236426,35.75798187506927,-5.0,-20.0,-3.0,1452,1548.835195687172,-1925.0642281752016,
62,1.7329299449920654,0.02701711654663086,37.01357242450449,35.77755706696146,-7.0,4.0,-14.0,1602,1575.417597843586,-470.577280370734,
63,1.7621879577636719,0.029258012771606445,34.17867125174181,35.75101039729666,-7.0,14.0,-29.0,1654,1614.708798921793,436.1718821836932,
64,1.7892658710479736,0.027077913284301758,36.93046762874979,35.76885975168977,-2.0,16.0,-26.0,1729,1671.8543994608965,1273.2928165092608,
65,1.8200738430023193,0.030807971954345703,32.45913108080917,35.71283673456823,11.0,9.0,-41.0,1920,1795.9271997304481,2650.294052010847,
66,1.8492588996887207,0.029185056686401367,34.26411025152968,35.68997289190256,12.0,0.0,-35.0,1485,1640.463599865224,-1338.2639369354429,
67,1.88006591796875,0.030807018280029297,32.46013589858684,35.63704833944745,16.0,-10.0,-41.0,1583,1611.731799932612,-1135.4510336795206,
68,1.9061839580535889,0.026118040084838867,38.2877121235634,35.67336704975476,14.0,-13.0,-40.0,1644,1627.865899966306,-258.8566281083343,
69,1.9343407154083252,0.028156757354736328,35.51545326762519,35.67106841642146,9.0,-16.0,-42.0,1621,1624.4329499831529,-190.38970140255134,
70,1.9636290073394775,0.029288291931152344,34.14333626387939,35.648281695962034,6.0,-10.0,-36.0,1691,1657.7164749915764,473.0104425036469,
71,1.9916749000549316,0.0280458927154541,35.65584487346238,35.648388197311604,3.0,8.0,-24.0,1701,1679.3582374957882,622.3328845710685,
72,2.0174548625946045,0.02577996253967285,38.789815868083494,35.68853079934704,4.0,17.0,-12.0,1967,1823.179118747894,3100.5591931628787,
73,2.047062873840332,0.02960801124572754,33.774642670209765,35.66084898166831,4.0,24.0,4.0,1494,1658.589559373947,-1229.1971809697307,
74,2.074306011199951,0.02724313735961914,36.70649186984755,35.674582053200645,15.0,16.0,15.0,1522,1590.2947796869735,-1868.029478151326,
75,2.1010427474975586,0.026736736297607422,37.401722815715786,35.6965607145921,21.0,8.0,24.0,1536,1563.1473898434867,-1441.6943141237975,
76,2.1285927295684814,0.02754998207092285,36.29766427526763,35.70434068681945,25.0,-2.0,31.0,1522,1542.5736949217435,-1094.2356926475063,
77,2.1547298431396484,0.026137113571166992,38.25977177155263,35.73533835118912,18.0,-8.0,45.0,1569,1555.7868474608717,-294.351746058874,
78,2.1797077655792236,0.024977922439575195,40.03535531904739,35.784613530187016,16.0,-12.0,45.0,,1555.7868474608717,-294.351746058874,
79,2.20216965675354,0.022461891174316406,44.51984885152635,35.87371198114798,10.0,-11.0,49.0,,1555.7868474608717,-294.351746058874,
80,2.235832691192627,0.033663034439086914,29.7061752353162,35.78085261707431,4.0,0.0,61.0,1658,1606.8934237304359,611.9145821409252,
81,2.2657957077026367,0.029963016510009766,33.37447682098127,35.749030561157035,4.0,9.0,64.0,1640,1623.4467118652178,582.1859566531148,
82,2.2921247482299805,0.02632904052734375,37.98087510866416,35.77466717870476,8.0,22.0,71.0,1635,1629.223355932609,400.7939767619507,
83,2.3169610500335693,0.024836301803588867,40.26364343243321,35.822786057969104,9.0,28.0,68.0,1616,1622.6116779663043,67.29186631829418,
84,2.3428196907043457,0.025858640670776367,38.67179302778008,35.85423169067963,5.0,19.0,62.0,1607,1614.8058389831522,-117.28696162317195,
85,2.3909218311309814,0.04810214042663574,20.78909568536096,35.5511413603147,22.0,28.0,75.0,1574,1594.402919491576,-270.72260359713164,
86,2.41753888130188,0.026617050170898438,37.56990326048012,35.57336788465125,-15.0,-39.0,16.0,1597,1595.701459745788,-110.96828593327457,
87,2.444244861602783,0.02670598030090332,37.44479658611054,35.59381523786894,-8.0,-40.0,7.0,1658,1626.8507298728941,527.7048988910113,
88,2.473280906677246,0.02903604507446289,34.43995204703332,35.580269011264264,11.0,4.0,10.0,1644,1635.425364936447,411.5074596502924,
89,2.506989002227783,0.03370809555053711,29.666463906296418,35.500754060313795,1.0,24.0,-7.0,1579,1607.2126824682236,-212.7315332465297,
90,2.537043809890747,0.030054807662963867,33.27254698196876,35.474357852683546,-10.0,31.0,-19.0,1607,1607.1063412341118,-108.13488847731794,
91,2.5629899501800537,0.02594614028930664,38.54137797952695,35.505406485736366,-10.0,30.0,-37.0,1583,1595.053170617056,-286.34034654049896,
92,2.592694044113159,0.02970409393310547,33.66539313577552,35.48432573789051,-19.0,16.0,-39.0,1536,1565.526585308528,-640.1822244545531,
93,2.622276782989502,0.029582738876342773,33.80349615970471,35.465363764528405,24.0,24.0,-35.0,1588,1576.763292654264,-130.17111542261992,
94,2.648784875869751,0.026508092880249023,37.72432835955137,35.487970675283435,40.0,24.0,-28.0,1579,1577.8816463271319,-43.99098712262053,
95,2.67567777633667,0.026892900466918945,37.184535049691036,35.50502263021619,-27.0,13.0,-62.0,1607,1592.440823163566,248.69261712320585,
96,2.7035539150238037,0.02787613868713379,35.87297405940763,35.50881654940281,-48.0,-46.0,-67.0,1644,1618.220411581783,586.7415618560575,
97,2.732057809829712,0.028503894805908203,35.082924870769695,35.50437316919219,-32.0,-62.0,-45.0,1677,1647.6102057908915,808.910752030796,
98,2.759960889816284,0.027903079986572266,35.838337577114345,35.507749534278126,-7.0,-4.0,-21.0,1644,1645.8051028954458,372.10943255119196,
99,2.788987874984741,0.02902698516845703,34.450701448894435,35.49674808125211,2.0,54.0,-4.0,1654,1649.902551447723,256.6347046639497,
100,2.8163859844207764,0.027398109436035156,36.49886873890494,35.506496820096274,-14.0,105.0,21.0,1687,1668.4512757238615,466.8210786464342,
101,2.8432559967041016,0.026870012283325195,37.2162092616747,35.52265435018129,-49.0,21.0,5.0,1719,1693.7256378619309,703.7185144660857,
102,2.8717880249023438,0.028532028198242188,35.04833210776121,35.51794182422937,-33.0,-6.0,11.0,1729,1711.3628189309654,660.9361470091642,
103,2.900122880935669,0.028334856033325195,35.29222096007405,35.51573648036908,-7.0,-66.0,-4.0,1630,1670.6814094654828,-387.40057240694784,
104,2.929839849472046,0.029716968536376953,33.65080791386531,35.49682076265728,28.0,-25.0,56.0,1593,1631.8407047327414,-847.2108333037943,
105,2.9582457542419434,0.02840590476989746,35.2039481967048,35.49400851820253,-33.0,-24.0,67.0,1536,1583.9203523663707,-1267.0982177886744,
106,2.986372709274292,0.028126955032348633,35.55308418027854,35.494564918442045,8.0,-85.0,-78.0,2361,1972.4601761831855,6273.345422880567,
107,3.0159716606140137,0.02959895133972168,33.78498070835381,35.47778694253916,36.0,27.0,-94.0,1303,1637.7300880915927,-2517.752072899732,
108,3.043484926223755,0.02751326560974121,36.34610351909462,35.48563657057519,-6.0,84.0,-98.0,1336,1486.8650440457964,-4000.5542906005085,
109,3.0726099014282227,0.029124975204467773,34.33479317938097,35.47472783620667,15.0,87.0,-58.0,1396,1441.4325220228982,-2780.2352689371946,
110,3.098043918609619,0.025434017181396484,39.31742252385684,35.5062752142543,9.0,23.0,-54.0,1466,1453.7162610114492,-1148.6351564757801,
111,3.1234617233276367,0.025417804718017578,39.342500703498736,35.537493279009716,-9.0,-78.0,-42.0,1504,1478.8581305057246,-79.74556910498848,
112,3.1497390270233154,0.02627730369567871,38.055654856417,35.55850152634596,-18.0,-84.0,-22.0,1672,1575.4290652528623,1797.662296396826,
113,3.175060987472534,0.02532196044921875,39.49141307622778,35.589867547694624,-4.0,-83.0,25.0,1640,1607.7145326264313,1536.3305124027563,
114,3.201072931289673,0.026011943817138672,38.443878205715755,35.61305926074943,63.0,-29.0,81.0,1663,1635.3572663132156,1299.5121997652652,
115,3.2280619144439697,0.026988983154296875,37.0521554770318,35.62509116861491,13.0,-8.0,54.0,1658,1646.6786331566077,859.4966221295705,
116,3.2562177181243896,0.028155803680419922,35.51665622300879,35.62415355531479,-83.0,-23.0,-22.0,1654,1650.3393165783039,494.75592837961005,
117,3.28420090675354,0.02798318862915039,35.7357416716367,35.6251043471197,-34.0,-22.0,10.0,1644,1647.1696582891518,190.74291928555542,
118,3.313894748687744,0.0296938419342041,33.67701633947569,35.60764868791513,38.0,6.0,21.0,1607,1627.084829144576,-242.82709999595244,
119,3.341653823852539,0.027759075164794922,36.02425491711758,35.611109430481584,45.0,17.0,15.0,1658,1642.542414572288,157.01044892753416,
120,3.370699882507324,0.029046058654785156,34.428078930951834,35.60091499772948,10.0,74.0,13.0,1588,1615.271207286144,-390.94241403108776,
121,3.401831865310669,0.031131982803344727,32.121307734133886,35.56907125065977,-8.0,38.0,7.0,1630,1622.635603643072,-77.19418618703523,
122,3.428900718688965,0.0270688533782959,36.94282820275686,35.579916133193414,-10.0,4.0,16.0,1687,1654.817801821536,555.8536161535171,
123,3.4560859203338623,0.02718520164489746,36.78471887250818,35.589392982486395,-14.0,11.0,55.0,1687,1670.908900910768,573.880086250292,
124,3.4847018718719482,0.028615951538085938,34.94554422448844,35.58410577412994,-44.0,-41.0,36.0,1658,1664.454450455384,174.1629012084514,
125,3.5114779472351074,0.02677607536315918,37.34677268558505,35.59754663942098,-50.0,-102.0,3.0,1705,1684.727225227692,465.64280616795327,
126,3.539684772491455,0.028206825256347656,35.45241234743212,35.59639010208053,-40.0,-59.0,33.0,1672,1678.363612613846,120.01869388128148,
127,3.5683648586273193,0.028680086135864258,34.867398768008115,35.59053096629094,-21.0,-35.0,11.0,1701,1689.6818063069231,257.3273333556774,
128,3.595566749572754,0.02720189094543457,36.76215017573383,35.59939473108369,15.0,-15.0,9.0,1672,1680.8409031534616,-33.84163803049776,
129,3.6255269050598145,0.029960155487060547,33.37766389202782,35.58103508209153,20.0,7.0,-10.0,1630,1655.4204515767308,-441.15846337109326,
130,3.6529316902160645,0.02740478515625,36.489977728285076,35.587854092149946,32.0,17.0,21.0,1630,1642.7102257883653,-452.4771596550126,
131,3.6798720359802246,0.026940345764160156,37.119048461892454,35.59906396720801,30.0,28.0,39.0,1640,1641.3551128941826,-251.38883042275666,
132,3.707669973373413,0.027797937393188477,35.973892086145824,35.601874208857964,1.0,47.0,52.0,1658,1649.6775564470913,24.000927921310137,
133,3.7351858615875244,0.027515888214111328,36.34263928602374,35.607331182034535,-41.0,26.0,67.0,1630,1639.8387782235457,-166.7831200360976,
134,3.762863874435425,0.02767801284790039,36.12976139202343,35.61117395459999,-27.0,-29.0,36.0,1687,1663.419389111773,342.58936241685194,
135,3.7919297218322754,0.029065847396850586,34.40463945009064,35.601925642959294,-20.0,-60.0,46.0,1658,1660.7096945558865,124.6816491008522,
136,3.8193228244781494,0.027393102645874023,36.50553984072414,35.60840658149453,-17.0,-59.0,11.0,1687,1673.8548472779432,302.2762727541494,
137,3.846106767654419,0.02678394317626953,37.33580202955314,35.62043600873582,13.0,0.0,21.0,1654,1663.9274236389715,-34.186025447002635,
138,3.8754918575286865,0.029385089874267578,34.030864097363086,35.60838341897575,46.0,2.0,-7.0,1649,1656.4637118194858,-144.0912940189024,
139,3.902953863143921,0.027462005615234375,36.41394638144187,35.61405152968737,36.0,-1.0,-23.0,1640,1648.231855909743,-221.92282686801536,
140,3.931088924407959,0.028135061264038086,35.542840678942774,35.61354186895802,47.0,33.0,-3.0,1654,1651.1159279548715,-59.707356830710125,
141,3.957731008529663,0.0266420841217041,37.53460110072039,35.62647377907144,45.0,24.0,1.0,1654,1652.5579639774357,-2.7905549754457404,
142,3.985024929046631,0.027293920516967773,36.63819565160422,35.63340318525229,23.0,0.0,0.0,1644,1648.278981988718,-79.78236713388878,
143,4.012932777404785,0.027907848358154297,35.83221419174056,35.63478581180718,14.0,-1.0,27.0,1705,1676.639490994359,468.2187330715135,
144,4.0407867431640625,0.027853965759277344,35.9015304550279,35.63662453694438,26.0,1.0,17.0,1672,1674.3197454971796,192.468159728307,
145,4.069305658340454,0.0285189151763916,35.06444736116104,35.63261454759679,4.0,22.0,6.0,1701,1687.6598727485898,330.11617476328485,
146,4.095524787902832,0.02621912956237793,38.140091478662555,35.64866715768585,-12.0,22.0,26.0,1677,1682.329936374295,63.41595693611312,
147,4.123116970062256,0.027592182159423828,36.24214983150436,35.65263878453111,-6.0,26.0,24.0,1677,1679.6649681871475,-16.58410969933869,
148,4.151542901992798,0.028425931930541992,35.179145663314515,35.649396740897934,0.0,3.0,7.0,1696,1687.8324840935738,135.37106104013677,
149,4.177310943603516,0.025768041610717773,38.80776098964646,35.6688793368747,-11.0,-1.0,21.0,1696,1691.916242046787,146.9262818139989,
150,4.206958055496216,0.029647111892700195,33.730098352218356,35.65521643459964,7.0,-28.0,40.0,1701,1696.4581210233935,150.06215319940517,
151,4.234985828399658,0.028027772903442383,35.678896195037304,35.65537315081425,11.0,-11.0,40.0,1733,1714.7290605116968,400.9745532941948,
152,4.265614748001099,0.03062891960144043,32.64888259241673,35.63378527590388,-16.0,-26.0,33.0,1710,1712.3645302558484,161.88764129239127,
153,4.293587923049927,0.027973175048828125,35.74853402427383,35.634532876018824,-39.0,-24.0,31.0,1705,1708.6822651279242,15.126030540197789,
154,4.321708917617798,0.028120994567871094,35.5606199342083,35.63405193075509,-11.0,4.0,14.0,1719,1713.8411325639622,99.28927736205452,
155,4.351178884506226,0.029469966888427734,33.932851156092745,35.6225299198632,-19.0,22.0,21.0,1715,1714.420566281981,59.47555773520547,
156,4.379040002822876,0.02786111831665039,35.89231374830992,35.624246387207506,-20.0,18.0,33.0,1696,1705.2102831409907,-135.55140723599638,
157,4.4068567752838135,0.0278167724609375,35.94953373560066,35.62629965206636,-27.0,19.0,29.0,1738,1721.6051415704953,226.91805448293923,
158,4.434236764907837,0.027379989624023438,36.52302333681644,35.63183663317174,-13.0,2.0,28.0,1705,1713.3025707852476,-38.15846603111794,
159,4.462217807769775,0.027981042861938477,35.738482119273016,35.63250537056785,18.0,-4.0,63.0,1705,1709.1512853926238,-93.25955240370101,
160,4.491400957107544,0.029183149337768555,34.26634968097187,35.623628691355975,-4.0,-19.0,37.0,1715,1712.075642696312,3.473748778289938,
161,4.51758885383606,0.026187896728515625,38.18557902403496,35.6384799965337,-26.0,-11.0,8.0,1733,1722.5378213481558,201.48904922592416,
162,4.54597282409668,0.028383970260620117,35.2311530352538,35.63593674412048,-12.0,-10.0,30.0,1743,1732.768910674078,280.97106149241836,
163,4.575033664703369,0.029060840606689453,34.410566904586105,35.62815313416244,3.0,-15.0,10.0,1710,1721.384455337039,-55.38725027751454,
164,4.600916862487793,0.025883197784423828,38.635102522061125,35.64506921155764,9.0,-10.0,6.0,1663,1692.1922276685195,-591.6159795490581,
165,4.6265809535980225,0.025664091110229492,38.964948951627136,35.66348490491277,6.0,-17.0,0.0,1733,1712.5961138342598,101.71020165691061,
166,4.654510021209717,0.027929067611694336,35.804990481718924,35.66433399940479,19.0,-5.0,17.0,1710,1711.29805691713,27.61664304717489,
167,4.6823890209198,0.027878999710083008,35.869292671871925,35.66555432576912,17.0,16.0,22.0,1701,1706.149028458565,-78.53768285444531,
168,4.709645986557007,0.02725696563720703,36.68786956369616,35.6714709512204,-6.0,29.0,8.0,1691,1698.5745142292826,-178.215236453359,
169,4.736559867858887,0.026913881301879883,37.155547681268544,35.67990370960828,-15.0,7.0,-7.0,1691,1694.7872571146413,-159.46642437881883,
170,4.762784957885742,0.02622509002685547,38.13142296083494,35.69340239024041,-25.0,-17.0,-38.0,1687,1690.8936285573207,-153.9680108751991,
171,4.792158842086792,0.029373884201049805,34.043846334910675,35.68329131710008,-16.0,-5.0,-52.0,1691,1690.9468142786604,-76.078682175348,
172,4.819766044616699,0.027607202529907227,36.22243140777076,35.68637946485193,-11.0,14.0,-46.0,1705,1697.9734071393302,89.22079787529742,
173,4.847127914428711,0.02736186981201172,36.547209926457775,35.69123882310212,17.0,21.0,-16.0,1677,1687.4867035696652,-147.01947946089166,
174,4.875614881515503,0.028486967086791992,35.103772084731716,35.687806405643556,31.0,-18.0,-22.0,1677,1682.2433517848326,-165.54045273786346,
175,4.902048826217651,0.026433944702148438,37.83014647521466,35.699358819938034,14.0,-24.0,-12.0,1687,1684.6216758924163,-37.78405169121906,
176,4.928985118865967,0.02693629264831543,37.12463378149922,35.70714777091741,7.0,-38.0,-3.0,1672,1678.3108379462083,-136.0357996492906,
177,4.95636773109436,0.027382612228393555,36.5195252979948,35.71163594048309,8.0,-20.0,20.0,1705,1691.6554189731041,175.65098237678717,
178,4.98356294631958,0.027195215225219727,36.77117433042564,35.717417822815925,-9.0,-12.0,119.0,1710,1700.827709486552,256.4634379280452,
179,5.011627912521362,0.028064966201782227,35.631612481204286,35.71693731547294,-48.0,-111.0,108.0,1635,1667.913854743276,-458.15513977350696,
180,5.041488885879517,0.029860973358154297,33.48852657969117,35.703738334949826,117.0,-15.0,677.0,1644,1655.956927371638,-429.28750993502365,
181,5.068482875823975,0.026993989944458008,37.04528311885604,35.710883203995266,30.0,-35.0,574.0,1804,1729.978463685819,1156.4306298582485,
182,5.093411684036255,0.024928808212280273,40.11423215600761,35.73243462145883,-21.0,-66.0,501.0,1710,1719.9892318429095,377.860132325797,
183,5.119204759597778,0.025793075561523438,38.77009539303409,35.74773985293343,-69.0,-50.0,414.0,1748,1733.9946159214546,460.42510453353657,
184,5.1465747356414795,0.027369976043701172,36.536385651317964,35.75193394662049,-64.0,-57.0,369.0,1701,1717.4973079607273,-71.16345066407723,
185,5.175113916397095,0.028539180755615234,35.039548211391626,35.748005355753925,-29.0,3.0,161.0,1654,1685.7486539803635,-591.810971227912,
186,5.202171802520752,0.027057886123657227,36.95780207773441,35.754297831892494,5.0,24.0,61.0,1630,1657.8743269901818,-810.9924155905501,
187,5.229939937591553,0.02776813507080078,36.012501287907405,35.7556687517363,-19.0,-44.0,-117.0,1359,1508.4371634950908,-3096.2992292093722,
188,5.258275032043457,0.028335094451904297,35.29192400249062,35.7531697855941,11.0,-12.0,-152.0,1593,1550.7185817475454,-802.0533147631122,
189,5.285508871078491,0.02723383903503418,36.719024398784875,35.758146398009,-72.0,-55.0,-425.0,1551,1550.8592908737728,-398.4433064620179,
190,5.31240177154541,0.026892900466918945,37.184535049691036,35.765367186211115,26.0,0.0,-445.0,1405,1477.9296454368864,-1555.1491316857303,
191,5.339187860488892,0.026786088943481445,37.332811150967075,35.773230871578804,121.0,227.0,-463.0,1303,1390.4648227184432,-2410.2284202930923,
192,5.365280866622925,0.026093006134033203,38.32444582518594,35.785638212235995,-24.0,137.0,-581.0,1874,1632.2324113592217,3427.6902164281323,
193,5.391734838485718,0.02645397186279297,37.80150690363748,35.79552885694292,-135.0,50.0,-654.0,1691,1661.6162056796109,2269.220960142693,
194,5.419965982437134,0.028231143951416016,35.42187315260536,35.7935825849531,-113.0,-15.0,-719.0,1701,1681.3081028398055,1483.3724217426293,
195,5.446457862854004,0.026491880416870117,37.74741484048058,35.80308613602637,-21.0,1.0,-676.0,1616,1648.6540514199028,125.38319828658769,
196,5.473407983779907,0.02695012092590332,37.10558489698064,35.80949941623818,37.0,70.0,-547.0,1569,1608.8270257099514,-676.210942694122,
197,5.50085186958313,0.027443885803222656,36.4379886715085,35.81263496465125,56.0,57.0,-449.0,1593,1600.9135128549756,-482.28171722778364,
198,5.526749849319458,0.025897979736328125,38.6130505229047,35.825757524448285,-37.0,25.0,-407.0,1602,1601.4567564274878,-230.6527128580632,
199,5.553477764129639,0.026727914810180664,37.41406716917176,35.8334017802965,-21.0,-7.0,-353.0,1386,1493.7283782137438,-2130.6047456865103,
200,5.579999923706055,0.026522159576416016,37.70432031067403,35.84229439687277,62.0,86.0,-137.0,1447,1470.364189106872,-1505.7678077855844,
201,5.607791900634766,0.027791976928710938,35.981607302175554,35.84298482567588,16.0,88.0,-10.0,1719,1594.682094553436,1483.6951233108375,
202,5.6347010135650635,0.02690911293029785,37.16213175032118,35.849284551869246,-86.0,-4.0,147.0,1724,1659.341047276718,1943.2798216256163,
203,5.660754919052124,0.026053905487060547,38.381961602518345,35.86094132370453,-90.0,-30.0,170.0,1696,1677.670523638359,1323.4005397661967,
204,5.686774015426636,0.02601909637451172,38.43331011985485,35.87271086324245,-83.0,-146.0,295.0,1724,1700.8352618191796,1106.8490530574559,
205,5.714462995529175,0.027688980102539062,36.11545085072673,35.87388704072209,12.0,-125.0,474.0,1771,1735.9176309095897,1186.9323148346084,
206,5.7408130168914795,0.026350021362304688,37.950633369525875,35.88341919408905,42.0,-102.0,582.0,1827,1781.4588154547948,1457.624556361804,
207,5.767787933349609,0.026974916458129883,37.071477183337606,35.888975529616246,64.0,-79.0,630.0,1776,1778.7294077273973,678.2206900357805,
208,5.794112920761108,0.026324987411499023,37.986722818457636,35.89850643999485,78.0,-67.0,644.0,1813,1795.8647038636987,664.567217388824,
209,5.821500778198242,0.02738785743713379,36.512531230141114,35.90139518364638,46.0,-31.0,661.0,1757,1776.4323519318493,-22.478569698958722,
210,5.849709987640381,0.028209209442138672,35.44941598066228,35.89921559251666,-8.0,-35.0,651.0,1785,1780.7161759659248,64.69024523647037,
211,5.878625869750977,0.028915882110595703,34.58307085964941,35.89274171804679,-27.0,-61.0,578.0,1766,1773.3580879829624,-94.88751643492637,
212,5.909146785736084,0.030520915985107422,32.76441639195713,35.87658382623707,-44.0,-64.0,463.0,1780,1776.6790439914812,6.960834523777855,
213,5.936446905136108,0.027300119400024414,36.62987642461028,35.88004801587903,-19.0,-13.0,380.0,1776,1776.3395219957406,-2.737907111818636,
214,5.9640069007873535,0.027559995651245117,36.28447597214412,35.8819168991485,-28.0,-29.0,317.0,1762,1769.1697609978703,-131.4444638825298,
215,5.992560863494873,0.02855396270751953,35.02140877058215,35.877816662609845,-32.0,-41.0,168.0,1743,1756.084880498935,-294.8477062749802,
216,6.01969575881958,0.02713489532470703,36.85291533405968,35.88221210075841,-86.0,-18.0,-44.0,1715,1735.5424402494675,-525.9482587717932,
217,6.047653913497925,0.027958154678344727,35.76773973478873,35.88168289783775,-51.0,-8.0,-181.0,1776,1755.7712201247336,98.7947374795288,
218,6.075483798980713,0.027829885482788086,35.932594858087676,35.88191610955723,-14.0,-21.0,-254.0,1897,1826.3856100623668,1318.0765011297624,
219,6.102838039398193,0.02735424041748047,36.55740333995747,35.884943789462874,124.0,12.0,-318.0,1935,1880.6928050311835,1651.7032659332517,
220,6.131511926651001,0.028673887252807617,34.87493659939967,35.880220511968055,69.0,114.0,-449.0,1597,1738.8464025155918,-1647.5905143254686,
221,6.159506797790527,0.027994871139526367,35.72082882668052,35.879496079016384,-86.0,128.0,-594.0,1513,1625.9232012577959,-2840.6504285079945,
222,6.186049938201904,0.026543140411376953,37.67451720111381,35.88719816648111,-118.0,94.0,-643.0,1541,1583.461600628898,-2220.1853658941172,
223,6.21166205406189,0.02561211585998535,39.04402141028625,35.90021447708626,-59.0,68.0,-633.0,1513,1548.230800314449,-1797.8687438364911,
224,6.242153882980347,0.03049182891845703,32.795671347699624,35.885049327404616,-7.0,44.0,-618.0,1551,1549.6154001572245,-876.2299312223744,
225,6.269808769226074,0.02765488624572754,36.15997517091549,35.88626197091707,-41.0,29.0,-625.0,1640,1594.8077000786122,378.96125592578636,
226,6.29745888710022,0.027650117874145508,36.166211100859684,35.887491137566734,-36.0,43.0,-523.0,1588,1591.4038500393062,127.92844842428788,
227,6.325456857681274,0.027997970581054688,35.71687444648818,35.886735947672165,-1.0,70.0,-451.0,1565,1578.2019250196531,-171.80152497730677,
228,6.352656841278076,0.027199983596801758,36.76472805364421,35.890495220599576,79.0,43.0,-278.0,1630,1604.1009625098266,390.18477260002794,
229,6.380965709686279,0.028308868408203125,35.3246193235413,35.88798473754199,49.0,47.0,-169.0,1644,1624.0504812549134,547.4469639790359,
230,6.409395933151245,0.02843022346496582,35.17383538093841,35.884816977895476,-59.0,74.0,-36.0,1696,1660.0252406274567,906.4086140088725,
231,6.43717885017395,0.027782917022705078,35.99334077061701,35.88528536748016,-98.0,1.0,113.0,1644,1652.0126203137283,309.00382029563997,
232,6.4645209312438965,0.02734208106994629,36.573660850533216,35.88819689309271,-67.0,-52.0,226.0,1743,1697.5063101568642,986.4373017289188,
233,6.4927637577056885,0.028242826461791992,35.40722106382799,35.88610469978564,7.0,-62.0,353.0,1855,1776.253155078432,1887.322123972925,
234,6.5204339027404785,0.02767014503479004,36.140034638151946,35.88718227810759,11.0,-105.0,432.0,1837,1806.626577539216,1492.5093318924407,
235,6.547269821166992,0.026835918426513672,37.26349082250928,35.89282348502835,33.0,-89.0,510.0,1733,1769.8132887696079,60.35884183988253,
236,6.575371980667114,0.02810215950012207,35.58445392766546,35.891505559516084,46.0,-68.0,632.0,1710,1739.906644384804,-501.92638370112405,
237,6.603471755981445,0.028099775314331055,35.58747316708949,35.89021180946593,40.0,-84.0,655.0,1682,1710.953322192402,-766.1509801606609,
238,6.631312847137451,0.02784109115600586,35.91813246099303,35.89032903231791,36.0,-59.0,628.0,1663,1686.976661096201,-813.673934693174,
239,6.660871744155884,0.029558897018432617,33.830761661249085,35.8811893067441,54.0,-35.0,634.0,1565,1625.9883305481005,-1438.4778047917198,
240,6.690127849578857,0.029256105422973633,34.1808995265221,35.873753894719364,56.0,-26.0,592.0,1546,1585.9941652740504,-1402.7571748355736,
241,6.720115900039673,0.02998805046081543,33.346615889774924,35.86247671689371,24.0,-32.0,477.0,1579,1582.4970826370252,-759.6865231336268,
242,6.747280836105347,0.027164936065673828,36.81216099984202,35.86630019978342,0.0,-46.0,364.0,1588,1585.2485413185127,-329.19969158314757,
243,6.775969982147217,0.028689146041870117,34.856387796993296,35.86202427700196,-79.0,9.0,190.0,1640,1612.6242706592564,312.50967327167024,
244,6.802762985229492,0.02679300308227539,37.32317713431455,35.867779096491425,-84.0,7.0,121.0,1654,1633.3121353296283,542.3232554473449,
245,6.831334829330444,0.02857184410095215,34.999490983736514,35.864147508637494,-47.0,-10.0,-43.0,1555,1594.1560676648141,-414.05959087294735,
246,6.860039949417114,0.028705120086669922,34.83699064768518,35.8598494781218,27.0,-37.0,-145.0,1522,1558.078033832407,-835.454859039691,
247,6.888109922409058,0.02806997299194336,35.625256935124945,35.85889348200382,82.0,93.0,-291.0,1466,1512.0390169162035,-1237.8033328600027,
248,6.915946006774902,0.027836084365844727,35.924592944078526,35.85915791665489,5.0,42.0,-448.0,1372,1442.0195084581019,-1876.612836180884,
249,6.945209741592407,0.029263734817504883,34.171988170212074,35.852049004197376,-18.0,58.0,-500.0,1386,1414.009754229051,-1416.88091317328,
250,6.976072788238525,0.030863046646118164,32.40120819782308,35.836782038956564,-36.0,141.0,-586.0,1461,1437.5048771145255,-327.805272463791,
251,7.00360894203186,0.02753615379333496,36.31589246287718,35.83866576182377,-11.0,82.0,-631.0,1490,1463.7524385572628,312.6991731517105,
252,7.031032085418701,0.02742314338684082,36.46554976917258,35.84111079831508,-28.0,42.0,-632.0,1513,1488.3762192786314,605.3094372759844,
253,7.0604400634765625,0.029407978057861328,34.004377928753264,35.83346048198343,-86.0,67.0,-628.0,1536,1512.1881096393158,707.5089781493668,
254,7.088114976882935,0.02767491340637207,36.13380773107506,35.83463316105785,-27.0,75.0,-556.0,1565,1538.594054819658,830.828162126578,
255,7.114551067352295,0.02643609046936035,37.82707587413533,35.84203663533462,103.0,6.0,-456.0,1574,1556.2970274098288,750.2399247463559,
256,7.144078016281128,0.029526948928833008,33.8673664661472,35.833875192373895,76.0,77.0,-343.0,1565,1560.6485137049144,448.80665288721815,
257,7.171357870101929,0.02727985382080078,36.65708792169201,35.837006694569986,-27.0,97.0,-254.0,1616,1588.3242568524572,731.6594013724297,
258,7.201044797897339,0.029686927795410156,33.684859777056765,35.82813428342154,-47.0,19.0,-127.0,1644,1616.1621284262287,834.6871009133188,
259,7.229766845703125,0.028722047805786133,34.816459006051346,35.82411515164306,-47.0,15.0,26.0,1724,1670.0810642131144,1355.9767591936688,
260,7.260337829589844,0.03057098388671875,32.71075617669079,35.8110057827279,-40.0,13.0,147.0,1780,1725.0405321065573,1576.8712565283731,
261,7.287732839584351,0.027395009994506836,36.502998181074474,35.813607022247254,-25.0,-53.0,343.0,1790,1757.5202660532786,1381.2394628536626,
262,7.314554691314697,0.02682185173034668,37.283033626965576,35.81899528498964,-30.0,-67.0,372.0,1809,1783.2601330266393,1170.4498943875446,
263,7.3427228927612305,0.028168201446533203,35.50102415655206,35.81777548207309,-36.0,-107.0,483.0,1823,1803.1300665133197,937.926441543633,
264,7.369408845901489,0.02668595314025879,37.47289799783792,35.82376897799938,-9.0,-87.0,571.0,1864,1833.5650332566597,1039.2064229422022,
265,7.3970818519592285,0.027673006057739258,36.13629823639387,35.82493817204561,-8.0,-74.0,611.0,1757,1795.2825166283299,-172.09100758941656,
266,7.424296855926514,0.027215003967285156,36.7444370466412,35.828308749220206,21.0,-87.0,663.0,2404,2099.641258314165,5505.699807940343,
267,7.453640937805176,0.02934408187866211,34.07842181380913,35.82141965623336,41.0,-108.0,638.0,2066,2082.8206291570823,2466.23965617581,
268,7.481722831726074,0.028081893920898438,35.61013380425185,35.82062661604519,27.0,-90.0,584.0,1850,1966.4103145785411,-839.5736110805449,
269,7.509743690490723,0.028020858764648438,35.68769995235178,35.82013063117235,-13.0,-38.0,516.0,1850,1908.2051572892706,-1458.390900049737,
270,7.53836989402771,0.028626203536987305,34.93302905877552,35.816761951931824,-57.0,-28.0,438.0,1729,1818.6025786446353,-2294.2401917919997,
271,7.564995765686035,0.026625871658325195,37.55745587721733,35.82288852417147,-116.0,-27.0,306.0,1696,1757.3012893223176,-2298.2803303657392,
272,7.593953847885132,0.02895808219909668,34.532673577091856,35.81796853766109,-93.0,-40.0,154.0,1640,1698.6506446611588,-2161.821948767771,
273,7.621781826019287,0.027827978134155273,35.93505770268765,35.81839604330196,-8.0,-10.0,29.0,1583,1640.8253223305794,-2119.8891216968277,
274,7.648273944854736,0.02649211883544922,37.747075128694334,35.82507660886408,-25.0,21.0,-66.0,1597,1618.9126611652896,-1473.5139944863226,
275,7.677892684936523,0.02961874008178711,33.76240843596555,35.817119525456555,33.0,-52.0,-240.0,1583,1600.9563305826448,-1039.8814808143977,
276,7.706730842590332,0.028838157653808594,34.67627897747941,35.81285056365519,-4.0,-8.0,-351.0,1499,1549.9781652913225,-1403.8072811081738,
277,7.735290765762329,0.02855992317199707,35.0140997921345,35.80990144883081,-36.0,118.0,-447.0,1949,1749.4890826456613,2790.9439443784713,
278,7.7639288902282715,0.028638124465942383,34.91848780772081,35.80661336941049,-16.0,97.0,-504.0,1687,1718.2445413228306,849.9659045696906,
279,7.789466857910156,0.025537967681884766,39.157383722015794,35.817598956297914,14.0,50.0,-570.0,1518,1618.1222706614153,-1535.2801334194364,
280,7.815932750701904,0.026465892791748047,37.78448011819181,35.82425910392522,-58.0,78.0,-636.0,1588,1603.0611353307077,-1052.178650939978,
281,7.843853950500488,0.027921199798583984,35.81507983946717,35.82422642916119,-149.0,70.0,-676.0,1607,1605.0305676653538,-490.8216373180986,
282,7.870691776275635,0.026837825775146484,37.26084252793916,35.82912506496865,-1.0,25.0,-610.0,1504,1554.515283832677,-1186.531836730812,
283,7.898502826690674,0.027811050415039062,35.956930251697415,35.82957507385887,42.0,89.0,-496.0,1396,1475.2576419163383,-2018.1966695153037,
284,7.92534875869751,0.026845932006835938,37.249591474245115,35.83438516675119,32.0,56.0,-428.0,1457,1466.1288209581692,-1179.1207604243161,
285,7.954826831817627,0.029478073120117188,33.923519896473636,35.827304104227665,3.0,2.0,-366.0,1612,1539.0644104790845,647.555580924744,
286,7.983824729919434,0.02899789810180664,34.48525808626445,35.82242968438588,-15.0,43.0,-256.0,1672,1605.5322052395422,1469.8573188319929,
287,8.012889862060547,0.02906513214111328,34.405486104275354,35.81729000905009,-32.0,64.0,-84.0,1663,1634.2661026197711,1229.230512934566,
288,8.041570901870728,0.028681039810180664,34.866239390841,35.81389799510466,-32.0,2.0,58.0,1682,1658.1330513098856,1030.6906297465075,
289,8.070566892623901,0.028995990753173828,34.487526517456295,35.809132598124144,-18.0,-34.0,182.0,1691,1674.5665256549428,798.7202559978031,
290,8.098041772842407,0.02747488021850586,36.39688297263056,35.81112670627904,-50.0,-38.0,327.0,1715,1694.7832628274714,767.2732364773784,
291,8.127677917480469,0.029636144638061523,33.7425806295906,35.803584117689574,-14.0,-45.0,464.0,1687,1690.8916314137357,317.979774859377,
292,8.154975891113281,0.0272979736328125,36.6327557294578,35.806359687488595,27.0,-58.0,551.0,1724,1707.445815706868,462.20258218505916,
293,8.182032823562622,0.02705693244934082,36.95910472749703,35.81017166739034,50.0,-59.0,587.0,1626,1666.722907853434,-521.4398169891092,
294,8.211474895477295,0.02944207191467285,33.96500093125704,35.80355584621332,74.0,-42.0,637.0,1597,1631.8614539267169,-852.7545660375149,
295,8.238606691360474,0.02713179588317871,36.857125282295975,35.807025514320976,75.0,-36.0,656.0,1565,1598.4307269633584,-1042.4575290021235,
296,8.265107870101929,0.026501178741455078,37.73417061014448,35.813204697635676,69.0,-40.0,649.0,1654,1626.215363481679,2.9863428605196987,
297,8.294291973114014,0.02918410301208496,34.26522992966088,35.807758029585514,22.0,-56.0,563.0,1640,1633.1076817408396,119.57660637952624,
298,8.322545766830444,0.028253793716430664,35.39347706847812,35.80635160790353,19.0,-37.0,468.0,1621,1627.0538408704197,-47.34493582194789,
299,8.350965023040771,0.02841925621032715,35.187409290346395,35.80424527884413,-5.0,-29.0,422.0,1649,1638.0269204352098,169.38465299992993,
300,8.379941701889038,0.0289766788482666,34.5105112023499,35.79977172542535,-14.0,18.0,277.0,1682,1660.013460217605,464.07569023059364,
301,8.407424926757812,0.027483224868774414,36.385831894719495,35.80168751100294,0.0,16.0,164.0,1658,1659.0067301088025,213.72248886417736,
302,8.436287879943848,0.028862953186035156,34.64648934412688,35.79773524774621,10.0,7.0,-40.0,1682,1670.5033650544012,306.02026450009095,
303,8.46421766281128,0.02792978286743164,35.80407354924624,35.79775616254208,12.0,21.0,-72.0,1555,1612.7516825272005,-880.8626121482614,
304,8.491468906402588,0.027251243591308594,36.69557305336833,35.800637481082134,15.0,42.0,-247.0,1565,1588.8758412636003,-878.5001447236652,
305,8.520548820495605,0.029079914093017578,34.38799704845454,35.79581625849535,62.0,45.0,-378.0,1504,1546.4379206318001,-1168.9276170762778,
306,8.548355102539062,0.02780628204345703,35.96309634050142,35.796360390914366,79.0,94.0,-442.0,1508,1527.2189603159,-930.0504692406348,
307,8.57731294631958,0.028957843780517578,34.532957894910176,35.79209502105551,-21.0,115.0,-574.0,1475,1501.10948015795,-915.844024096557,
308,8.604344844818115,0.027031898498535156,36.99333215734698,35.795868895874165,-30.0,67.0,-605.0,1396,1448.554740078975,-1430.009490140555,
309,8.632270097732544,0.02792525291442871,35.80988158153116,35.79591422668362,-45.0,84.0,-631.0,1419,1433.7773700394876,-979.5926806705354,
310,8.6613187789917,0.029048681259155273,34.42497065799949,35.79131630069023,-22.0,105.0,-613.0,1447,1440.3886850197437,-375.9991782322131,
311,8.689198732376099,0.027879953384399414,35.868065710596305,35.79156255699491,8.0,54.0,-561.0,1490,1465.1943425098718,256.86588730912473,
312,8.715484857559204,0.02628612518310547,38.04288357580815,35.79835259875335,18.0,44.0,-537.0,1457,1461.0971712549358,50.49883913372281,
313,8.743112802505493,0.027627944946289062,36.19523645150155,35.79960673849528,-14.0,59.0,-416.0,1583,1522.048585627468,1128.3248472004861,
314,8.771003723144531,0.027890920639038086,35.85396168674081,35.799779581831764,39.0,45.0,-285.0,1555,1538.524292813734,859.5221107094167,
315,8.79949164390564,0.0284879207611084,35.102596935231446,35.797522487354485,33.0,28.0,-216.0,1569,1553.762146406867,697.2051717736158,
316,8.827046871185303,0.027555227279663086,36.29075492104694,35.79906220182643,-52.0,33.0,0.0,1593,1573.3810732034335,704.5954179808853,
317,8.853790998458862,0.02674412727355957,37.39138651903756,35.80387204251588,-71.0,8.0,75.0,1640,1606.6905366017168,975.0412193239141,
318,8.882360696792603,0.028569698333740234,35.00211966953184,35.801293243453735,-64.0,-43.0,214.0,1738,1672.3452683008584,1636.5479975641372,
319,8.911423921585083,0.02906322479248047,34.40774405250205,35.79674839924563,-50.0,-65.0,280.0,1794,1733.172634150429,1864.7402165520348,
320,8.939491748809814,0.028067827224731445,35.6279804629433,35.79621850902252,-16.0,-55.0,476.0,1823,1778.0863170752145,1732.4620171575607,
321,8.966992855072021,0.02750110626220703,36.362173596421265,35.797954251567404,-17.0,-58.0,507.0,1874,1826.0431585376073,1738.1385057745692,
322,8.992311954498291,0.02531909942626953,39.495875550868206,35.8083662610174,-1.0,-88.0,608.0,1869,1847.5215792688036,1293.2237690015443,
323,9.021927833557129,0.02961587905883789,33.76567003171843,35.80166079345027,-5.0,-113.0,609.0,1902,1874.7607896344018,1106.4869790654484,
324,9.049096822738647,0.027168989181518555,36.806669299284806,35.80467822886479,-19.0,-114.0,617.0,1864,1869.3803948172008,454.22628316457224,
325,9.078147649765015,0.029050827026367188,34.422427943010966,35.80025491306176,-34.0,-95.0,601.0,1841,1855.1901974086004,-17.11738231503793,
326,9.104907989501953,0.026760339736938477,37.36873335055817,35.804864846067765,-45.0,-89.0,563.0,1809,1832.0950987043002,-440.0759837504268,
327,9.132133722305298,0.027225732803344727,36.72995717776046,35.807622834223324,-49.0,-97.0,456.0,1823,1827.54754935215,-303.55363835932616,
328,9.16189169883728,0.029757976531982422,33.604435399875015,35.800466844813926,-73.0,-61.0,331.0,1743,1785.273774676075,-862.0699842851832,
329,9.189048767089844,0.027157068252563477,36.82282603924323,35.80348829775487,-87.0,-33.0,269.0,1682,1733.6368873380375,-1381.7430519708691,
330,9.215286016464233,0.02623724937438965,38.113751397130315,35.810065950249914,-104.0,-13.0,128.0,1626,1679.8184436690187,-1716.4829172761556,
331,9.2444007396698,0.029114723205566406,34.3468832912968,35.805457738283096,-63.0,-22.0,-18.0,1607,1643.4092218345095,-1483.5131051764902,
332,9.270812749862671,0.026412010192871094,37.86156345910814,35.81131546475447,-6.0,-22.0,-176.0,1583,1613.2046109172547,-1313.5534490889006,
333,9.297882795333862,0.027070045471191406,36.94120133873525,35.81460503751627,0.0,24.0,-225.0,1583,1598.1023054586274,-935.7253778575673,
334,9.326031684875488,0.028148889541625977,35.52538008724008,35.81373206587591,-8.0,57.0,-355.0,1546,1572.0511527293138,-930.6012401385868,
335,9.35533881187439,0.029307126998901367,34.12139306720467,35.808430537523314,-35.0,38.0,-470.0,1504,1538.025576364657,-1045.8006528076169,
336,9.382215738296509,0.02687692642211914,37.20663532333895,35.812435929021404,-77.0,68.0,-572.0,1536,1537.0127881823284,-541.7415466836494,
337,9.411526918411255,0.029311180114746094,34.1166748007158,35.80715466485522,-68.0,49.0,-611.0,1527,1532.006394091164,-356.27153290806416,
338,9.439537763595581,0.028010845184326172,35.700457926901926,35.80683805339782,-36.0,69.0,-608.0,1532,1532.003197045582,-178.19283444967837,
339,9.466906785964966,0.027369022369384766,36.5376587626531,35.808950871110284,-68.0,88.0,-610.0,1518,1525.001598522791,-217.00742603425647,
340,9.495285987854004,0.028379201889038086,35.23707269534827,35.807241660221145,-32.0,91.0,-552.0,1513,1519.0007992613955,-214.2290129191212,
341,9.523139715194702,0.027853727340698242,35.90183776010682,35.807518339347205,27.0,38.0,-505.0,1377,1448.0003996306978,-1381.6369206815903,
342,9.551965951919556,0.028826236724853516,34.69061915868526,35.80414772429878,25.0,66.0,-379.0,1452,1450.0001998153489,-656.1313070411949,
343,9.580024719238281,0.028058767318725586,35.63948439504788,35.80366544474557,-1.0,60.0,-261.0,1480,1465.0000999076744,-60.77130088674039,
344,9.607804775238037,0.02778005599975586,35.99704766645497,35.80422459109316,-38.0,10.0,-142.0,1560,1512.5000499538373,824.5433325396076,
345,9.636646747589111,0.02884197235107422,34.67169262308634,35.800834983010226,-47.0,17.0,-73.0,1696,1604.2500249769187,2002.835132357866,
346,9.665120840072632,0.028474092483520508,35.11964430749651,35.798828149716115,-43.0,6.0,81.0,1752,1678.1250124884593,2298.6492084919605,
347,9.694443941116333,0.029323101043701172,34.10280510610619,35.793698133452956,15.0,-7.0,248.0,1696,1687.0625062442296,1301.7214080910167,
348,9.721439838409424,0.02699589729309082,37.04266574817405,35.797166446995995,28.0,-28.0,367.0,1630,1658.5312531221148,122.42386765598576,
349,9.749470949172974,0.028031110763549805,35.674647659712,35.79681418811806,36.0,-23.0,481.0,1705,1681.7656265610574,475.6509768422173,
350,9.777736902236938,0.028265953063964844,35.37825162792267,35.7956041872969,46.0,-6.0,517.0,1630,1655.8828132805288,-220.01885211743073,
351,9.80554485321045,0.027807950973510742,35.96093796887727,35.79607306421922,53.0,-15.0,605.0,1616,1635.9414066402644,-468.56526966006805,
352,9.832859754562378,0.02731490135192871,36.61005350580883,35.79833423706409,73.0,-44.0,621.0,1612,1623.970703320132,-453.4066793561377,
353,9.86131501197815,0.028455257415771484,35.14289065772937,35.79644292583949,77.0,-52.0,607.0,1560,1591.985351660066,-788.7321976974306,
354,9.889464855194092,0.028149843215942383,35.524176540836294,35.795667933849224,65.0,-27.0,577.0,1546,1568.992675830033,-802.7640365148716,
355,9.915664911270142,0.026200056076049805,38.167857240356355,35.801935944457654,59.0,-12.0,549.0,1579,1573.9963379150165,-305.892488188119,
356,9.944904804229736,0.029239892959594727,34.199851599383564,35.79722551477689,46.0,-1.0,451.0,1490,1531.9981689575084,-871.1118169903675,
357,9.972622871398926,0.027718067169189453,36.07755165235941,35.79800465771762,17.0,-12.0,306.0,1494,1512.9990844787542,-778.2761343100808,
358,9.999644756317139,0.02702188491821289,37.00704088655173,35.80127181756516,16.0,-2.0,248.0,1518,1515.4995422393772,-342.8707958638045,
359,10.028089761734009,0.028445005416870117,35.15555667312061,35.7994402253858,30.0,45.0,114.0,1490,1502.7497711196886,-395.5480485156668,
360,10.055296897888184,0.027207136154174805,36.755062875169784,35.80202590294547,36.0,67.0,-15.0,1485,1493.8748855598442,-360.8725126388423,
361,10.082186937332153,0.026890039443969727,37.18849137739948,35.805723722825974,79.0,10.0,-181.0,1480,1486.937442779922,-309.43277182058864,
362,10.111225843429565,0.02903890609741211,34.43655889259265,35.80179155381376,60.0,35.0,-253.0,1546,1516.468721389961,353.76142160378976,
363,10.139274835586548,0.028048992156982422,35.651904867143806,35.8013769116853,32.0,120.0,-397.0,1471,1493.7343606949805,-228.38092155449456,
364,10.16628384590149,0.027009010314941406,37.02468133187387,35.80462689390142,25.0,104.0,-428.0,1466,1479.8671803474904,-370.90442744597067,
365,10.19745683670044,0.031172990798950195,32.07905222984497,35.7932380440555,12.0,94.0,-552.0,1494,1486.9335901737452,-72.11034877602641,
366,10.22806978225708,0.030612945556640625,32.66591900311526,35.78387787644063,-18.0,106.0,-611.0,1494,1490.4667950868725,21.652518368799313,
367,10.255750894546509,0.02768111228942871,36.12571595910528,35.78480052544491,-20.0,79.0,-617.0,1508,1499.2333975434362,169.17615432050812,
368,10.283529996871948,0.027779102325439453,35.99828346808109,35.78537721112677,6.0,69.0,-582.0,1522,1510.6166987717181,289.4777293693774,
369,10.311657905578613,0.02812790870666504,35.55187875602872,35.784740279288236,15.0,118.0,-514.0,1527,1518.808349385859,290.35314940753017,
370,10.339523792266846,0.027865886688232422,35.88617190574787,35.78501364605699,35.0,33.0,-430.0,1551,1534.9041746929295,433.9853516709751,
371,10.36685585975647,0.027332067489624023,36.58706025000218,35.78712823047925,32.0,21.0,-407.0,1630,1582.4520873464649,1086.8118483438575,
372,10.394784927368164,0.027929067611694336,35.804990481718924,35.78717622339359,-16.0,59.0,-246.0,1640,1611.2260436732324,1058.5315403725833,
373,10.422741889953613,0.02795696258544922,35.76926488146,35.78712817972892,-38.0,27.0,-111.0,1710,1660.613021836616,1412.5337219967676,
374,10.450392961502075,0.027651071548461914,36.164963742811075,35.78812790846896,-40.0,-5.0,-41.0,1701,1680.806510918308,1071.4152612385042,
375,10.479361057281494,0.028968095779418945,34.52073645484399,35.78462445851453,-43.0,-29.0,133.0,1635,1657.903255459154,140.38900778754055,
376,10.507086753845215,0.027725696563720703,36.067624043339926,35.78537122693858,-55.0,-27.0,249.0,1663,1660.451627729577,116.15137037981472,
377,10.534235715866089,0.027148962020874023,36.83382072696297,35.78807330390217,-48.0,-54.0,380.0,1644,1652.2258138647885,-93.41839142458575,
378,10.562137842178345,0.02790212631225586,35.83956250534051,35.788209323543626,-46.0,-77.0,442.0,1672,1662.1129069323943,130.46534928399464,
379,10.590442895889282,0.0283050537109375,35.32938005390836,35.786983011551875,-51.0,-90.0,535.0,1635,1648.5564534661971,-174.23787370320343,
380,10.61753797531128,0.02709507942199707,36.907070262660035,35.78984138164661,-54.0,-82.0,590.0,1644,1646.2782267330986,-129.16027390797126,
381,10.646512746810913,0.02897477149963379,34.51278295715426,35.786365832711354,-56.0,-93.0,616.0,1626,1636.1391133665493,-239.54464645283412,
382,10.675413846969604,0.028901100158691406,34.60075895066821,35.78315608892644,-84.0,-125.0,587.0,1630,1633.0695566832746,-172.87681866811627,
383,10.7045419216156,0.029128074645996094,34.33113970467865,35.77920501451921,-105.0,-129.0,547.0,1616,1624.5347783416373,-232.94274313166636,
384,10.732388734817505,0.027846813201904297,35.91075189643658,35.779546332890966,-124.0,-116.0,468.0,1612,1618.2673891708187,-229.00470034167432,
385,10.76237177848816,0.029983043670654297,33.352184354076876,35.77278391084189,-132.0,-93.0,406.0,1621,1619.6336945854093,-91.71771513513643,
386,10.790403842926025,0.02803206443786621,35.673433978311714,35.77252581265102,-125.0,-63.0,296.0,1630,1624.8168472927046,46.59157038403364,
387,10.817174911499023,0.026771068572998047,37.353757369574126,35.776439150355785,-111.0,-49.0,235.0,1621,1622.9084236463523,-12.347611730083603,
388,10.845903873443604,0.028728961944580078,34.808079802154396,35.77387413049319,-88.0,-36.0,54.0,1658,1640.4542118231761,299.1937916602492,
389,10.873872756958008,0.027968883514404297,35.754019265194785,35.773823061437376,-59.0,14.0,-81.0,1687,1663.727105911588,565.6466476270836,
390,10.900481939315796,0.026609182357788086,37.58101194369529,35.7782345928532,-58.0,17.0,-176.0,1640,1651.8635529557941,59.90116115036534,
391,10.929173946380615,0.028692007064819336,34.85291209293436,35.775805373606154,-53.0,0.0,-288.0,1715,1683.431776477897,580.0728402481607,
392,10.956991910934448,0.027817964553833008,35.947993177747115,35.77624252955837,-44.0,60.0,-392.0,1658,1670.7158882389485,61.48108829272195,
393,10.98518180847168,0.028189897537231445,35.473701125705155,35.77546615540962,-100.0,54.0,-513.0,1612,1641.3579441194743,-489.9769235333306,
394,11.01456093788147,0.02937912940979004,34.03776831000203,35.77083119536325,-110.0,25.0,-579.0,1630,1635.6789720597371,-341.6382293708191,
395,11.044512033462524,0.029951095581054688,33.38776030057951,35.76436865687084,-86.0,49.0,-594.0,1677,1656.3394860298686,174.08502937535172,
396,11.073408842086792,0.028896808624267578,34.60589759244897,35.76134554834819,-47.0,88.0,-587.0,1733,1694.6697430149343,750.2689886463938,
397,11.100545883178711,0.027137041091918945,36.85000131785874,35.76400693965841,-19.0,68.0,-544.0,1780,1737.3348715074671,1161.239514911421,
398,11.129518747329712,0.028972864151000977,34.51505501106804,35.76075561178164,-5.0,85.0,-491.0,1743,1740.1674357537336,629.5028128468457,
399,11.156741857528687,0.02722311019897461,36.733495647299925,35.763129155018554,-14.0,52.0,-402.0,1546,1643.0837178768668,-1468.3607576033671,
400,11.183326959609985,0.026585102081298828,37.61505210481947,35.767531562356275,-9.0,27.0,-303.0,1536,1589.5418589384335,-1741.1702856807146,
401,11.21131682395935,0.027989864349365234,35.72721852161025,35.767430917930675,-14.0,39.0,-199.0,1546,1567.7709294692168,-1259.492520122993,
402,11.238706827163696,0.027390003204345703,36.509670792639405,35.769239840688364,-39.0,30.0,-105.0,1546,1556.8854647346084,-828.4586270042154,
403,11.266572952270508,0.027866125106811523,35.885864868795935,35.76952829465193,-28.0,12.0,41.0,1532,1544.4427323673042,-637.4884196679434,
404,11.29581880569458,0.029245853424072266,34.192881483051536,35.76544621947466,2.0,-15.0,180.0,1518,1531.2213661836522,-544.7825133147905,
405,11.324086904525757,0.028268098831176758,35.37556614515245,35.76447296939577,40.0,9.0,274.0,1522,1526.610683091826,-353.94401900201046,
406,11.350953817367554,0.026866912841796875,37.22050262672157,35.76791928963703,76.0,30.0,416.0,1536,1531.305341545913,-89.6032358400533,
407,11.378875732421875,0.02792191505432129,35.814162390170175,35.768032762703726,78.0,15.0,472.0,1546,1538.6526707729565,86.76760311566261,
408,11.407068729400635,0.028192996978759766,35.46980126849894,35.76729567241221,92.0,6.0,537.0,1574,1556.3263353864781,356.82448732168837,
409,11.434894800186157,0.02782607078552246,35.93752088492087,35.76770990436585,105.0,3.0,573.0,1602,1579.163167693239,588.7618126456724,
410,11.464512825012207,0.029618024826049805,33.76322377582973,35.76253140957723,99.0,7.0,587.0,1565,1572.0815838466197,174.83235627247987,
411,11.493849039077759,0.029336214065551758,34.08756146125401,35.75825631628252,85.0,6.0,560.0,1574,1573.0407919233098,103.76471027039372,
412,11.523666858673096,0.029817819595336914,33.536992763762846,35.75250873292255,88.0,0.0,496.0,1527,1550.020395961655,-334.13507125729126,
413,11.550118923187256,0.026452064514160156,37.804232613476586,35.757207587784094,99.0,9.0,419.0,1513,1531.5101979808273,-516.9494507230006,
414,11.57655382156372,0.026434898376464844,37.828781702081606,35.76193799823567,98.0,26.0,352.0,1480,1505.7550989904137,-745.6167340734308,
415,11.606648683547974,0.03009486198425293,33.22826336679157,35.75536843707937,108.0,64.0,261.0,1490,1497.877549495207,-503.6870116925479,
416,11.63339376449585,0.026745080947875977,37.39005321946566,35.759126564562564,91.0,50.0,115.0,1480,1488.9387747476035,-418.9541376111288,
417,11.66055178642273,0.027158021926879883,36.82153297807899,35.76160096347627,97.0,44.0,46.0,1485,1486.9693873738017,-245.7349998710909,
418,11.68860387802124,0.028052091598510742,35.64796573147825,35.76132824434145,116.0,81.0,-123.0,1443,1464.9846936869008,-514.7223035193917,
419,11.71672797203064,0.028124094009399414,35.556700943532185,35.760837069889114,95.0,92.0,-190.0,1429,1446.9923468434504,-577.2353997521311,
420,11.745195865631104,0.028467893600463867,35.12729160908855,35.75930148845008,81.0,99.0,-339.0,1429,1437.9961734217252,-446.6233034515019,
421,11.773195028305054,0.027999162673950195,35.71535376414588,35.75919697141124,57.0,101.0,-444.0,1461,1449.4980867108625,-17.914200682716398,
422,11.800293922424316,0.027098894119262695,36.90187487352742,35.761821084648204,34.0,99.0,-487.0,1386,1417.7490433554312,-594.7567129695186,
423,11.8281729221344,0.027878999710083008,35.869292671871925,35.762074395144154,28.0,95.0,-560.0,1433,1425.3745216777156,-160.61809963224263,
424,11.856204986572266,0.02803206443786621,35.673433978311714,35.761864819324636,56.0,95.0,-553.0,1546,1485.6872608388578,995.4722094419495,
425,11.88373589515686,0.027530908584594727,36.322811393139524,35.76316435753221,39.0,125.0,-540.0,1466,1475.8436304194288,318.9619391466292,
426,11.913245916366577,0.029510021209716797,33.88679367233829,35.75851644384806,20.0,108.0,-528.0,1485,1480.4218152097144,237.0509712644374,
427,11.940423965454102,0.027178049087524414,36.79439965611923,35.760874256675606,35.0,63.0,-454.0,1551,1515.7109076048573,767.745970176522,
428,11.966802835464478,0.026378870010375977,37.90912952702886,35.765609735926404,30.0,61.0,-433.0,1574,1544.8554538024287,936.2951734933653,
429,11.995120763778687,0.028317928314208984,35.31331772946941,35.76454197071852,11.0,52.0,-262.0,1569,1556.9277269012143,681.303594573855,
430,12.022812843322754,0.027692079544067383,36.11140862168421,35.765340906792375,-26.0,20.0,-186.0,1635,1595.9638634506073,1045.476736260423,
431,12.050254821777344,0.027441978454589844,36.4405212858384,35.76687849132389,-39.0,-6.0,-91.0,1626,1610.9819317253036,796.3714864483351,
432,12.079364776611328,0.029109954833984375,34.35250950072074,35.76347001594488,-57.0,-17.0,33.0,1602,1606.4909658626518,321.0477694920879,
433,12.106605052947998,0.027240276336669922,36.710347121326166,35.76560052188727,-56.0,-48.0,183.0,1630,1618.245482931326,376.2800856633356,
434,12.133681774139404,0.02707672119140625,36.93209354747816,35.76820359051999,-58.0,-53.0,274.0,1569,1593.622741465663,-266.54465277095017,
435,12.16147780418396,0.027796030044555664,35.97636059527383,35.76867935000015,-62.0,-58.0,364.0,1630,1611.8113707328316,193.90801623922948,
436,12.189067840576172,0.027590036392211914,36.24496850182767,35.76975743367349,-93.0,-68.0,437.0,1654,1632.9056853664158,479.2353928505655,
437,12.216413974761963,0.027346134185791016,36.56824007393329,35.77154481689992,-100.0,-78.0,476.0,1654,1643.452842683208,432.4631868542825,
438,12.245816707611084,0.029402732849121094,34.010444033602546,35.76731633813954,-137.0,-128.0,522.0,1649,1646.226421341604,263.3969142942269,
439,12.274186849594116,0.028370141983032227,35.24832553175397,35.76611676027377,-165.0,-148.0,515.0,1649,1647.613210670802,156.13945800687827,
440,12.300500869750977,0.02631402015686035,38.002555065281015,35.770901092494114,-180.0,-145.0,500.0,1607,1627.306605335401,-307.78171472031266,
441,12.329345941543579,0.02884507179260254,34.66796710335992,35.76832072770835,-189.0,-130.0,441.0,1621,1624.1533026677005,-208.55015393554487,
442,12.357818841934204,0.028472900390625,35.12111468381565,35.76682953954192,-194.0,-132.0,407.0,1621,1622.5766513338504,-131.96195312404296,
443,12.383760929107666,0.025942087173461914,38.5473995717266,35.77265440894789,-198.0,-121.0,308.0,1621,1621.7883256669252,-81.17492879982777,
444,12.412471055984497,0.028710126876831055,34.830915387106685,35.770476160420266,-195.0,-98.0,233.0,1579,1600.3941628334626,-413.17660211507285,
445,12.43999695777893,0.027525901794433594,36.329418286387416,35.77171292809154,-155.0,-51.0,91.0,1546,1573.1970814167312,-700.6153745362211,
446,12.467657804489136,0.027660846710205078,36.152183281904534,35.772557042703895,-130.0,-37.0,45.0,1541,1557.0985407083656,-641.3063843981276,
447,12.496323823928833,0.028666019439697266,34.884508541677064,35.77051989834428,-113.0,-35.0,-86.0,1499,1528.0492703541827,-827.3379520990538,
448,12.523256778717041,0.026932954788208008,37.12923471871819,35.773441998040376,-110.0,-1.0,-169.0,1504,1516.0246351770913,-636.9017269981168,
449,12.550644874572754,0.02738809585571289,36.51221338161812,35.77505414958088,-131.0,35.0,-293.0,1532,1524.0123175885456,-172.62688118325124,
450,12.580000877380371,0.029356002807617188,34.064583197972844,35.771062688010474,-153.0,4.0,-395.0,1522,1523.0061587942728,-103.45063057056417,
451,12.60807180404663,0.028070926666259766,35.62404661196895,35.77073536773871,-151.0,4.0,-460.0,1532,1527.5030793971364,28.373939298086306,
452,12.635047912597656,0.02697610855102539,37.069838969119544,35.773508982845854,-121.0,33.0,-511.0,1494,1510.7515396985682,-296.30146990632505,
453,12.661998748779297,0.026950836181640625,37.10460014154282,35.776342186392355,-110.0,45.0,-523.0,1588,1549.375769849284,568.4175728054553,
454,12.690584897994995,0.028586149215698242,34.981976496884876,35.77455283969836,-89.0,53.0,-534.0,1663,1606.187884924642,1277.9088235549732,
455,12.717567920684814,0.026983022689819336,37.06034018113541,35.77728091075917,-45.0,88.0,-478.0,1682,1644.0939424623211,1341.360105413526,
456,12.74525785446167,0.02768993377685547,36.11420699156191,35.778012905432924,-22.0,66.0,-428.0,2113,1878.5469712311606,4904.222658085006,
457,12.773900985717773,0.028643131256103516,34.91238409162796,35.77607189150456,-17.0,39.0,-366.0,1551,1714.7734856155803,-406.7500878754199,
458,12.80088186264038,0.026980876922607422,37.0632875598678,35.77878500204597,-24.0,67.0,-314.0,1508,1611.3867428077901,-2119.3013332193204,
459,12.830164909362793,0.02928304672241211,34.14945205256387,35.77506627876976,-45.0,50.0,-225.0,1518,1564.693371403895,-1856.9271905745961,
460,12.858235836029053,0.028070926666259766,35.62404661196895,35.774736586419586,-26.0,15.0,-102.0,1565,1564.8466857019475,-925.732757437247,
461,12.887142896652222,0.028907060623168945,34.593624479359974,35.772087242064885,35.0,19.0,28.0,1513,1538.9233428509738,-911.2575726367672,
462,12.914142847061157,0.026999950408935547,37.0371050633135,35.77473204930022,60.0,43.0,145.0,1475,1506.9616714254869,-1047.512677610815,
463,12.942537784576416,0.02839493751525879,35.21754536218376,35.77350962434552,78.0,41.0,226.0,1560,1533.4808357127436,-56.78640317857469,
464,12.971609830856323,0.029072046279907227,34.397303525591084,35.77042526335137,102.0,41.0,308.0,1522,1527.7404178563718,-127.12064927395883,
465,12.997070789337158,0.02546095848083496,39.275819123334365,35.7772922481493,123.0,51.0,387.0,1551,1539.370208928186,164.82446065239276,
466,13.024581909179688,0.027511119842529297,36.34893838287547,35.778499705358264,138.0,68.0,438.0,1565,1552.185104464093,315.3161544350311,
467,13.050748825073242,0.026166915893554688,38.216196515781036,35.78338731818932,169.0,64.0,465.0,1541,1546.5925522320465,50.79503965518607,
468,13.079548835754395,0.028800010681152344,34.72220934468029,35.7810506980692,178.0,54.0,475.0,1560,1553.2962761160234,141.78157187178198,
469,13.106286764144897,0.02673792839050293,37.400055284581846,35.784353603726395,153.0,40.0,457.0,1546,1549.6481380580117,2.670503408179016,
470,13.134294986724854,0.028008222579956055,35.7038008086827,35.78418182894782,203.0,64.0,436.0,1532,1540.8240690290058,-156.19114976275586,
471,13.163487911224365,0.02919292449951172,34.2548756982784,35.78079025684244,159.0,73.0,371.0,1494,1517.412034514503,-479.0837409504285,
472,13.190562009811401,0.027074098587036133,36.93567107267716,35.783160690872535,184.0,70.0,291.0,1485,1501.2060172572515,-538.831931881199,
473,13.217162847518921,0.02660083770751953,37.59280106119815,35.78680276976309,199.0,73.0,227.0,1494,1497.6030086286257,-337.1395592394532,
474,13.246993780136108,0.0298309326171875,33.522250639386186,35.78170322014976,208.0,96.0,129.0,1452,1474.8015043143128,-550.7486509094492,
475,13.275168895721436,0.02817511558532715,35.492312248783584,35.781089018994834,202.0,117.0,49.0,1499,1486.9007521571564,-60.65918424791104,
476,13.302250862121582,0.027081966400146484,36.92494057575491,35.783417778972975,172.0,123.0,-44.0,1433,1459.9503760785783,-527.9001097218265,
477,13.329797744750977,0.02754688262939453,36.30174831227281,35.784488942289734,120.0,112.0,-168.0,1429,1444.4751880392892,-544.8382455045978,
478,13.357865810394287,0.028068065643310547,35.62767782817729,35.78415944469581,157.0,111.0,-190.0,1438,1441.2375940196446,-330.0931010874641,
479,13.38671588897705,0.028850078582763672,34.66195064707535,35.78174094173615,104.0,122.0,-317.0,1429,1435.1187970098222,-271.0912705307002,
480,13.414885759353638,0.028169870376586914,35.498920890709506,35.7811470489278,125.0,86.0,-369.0,1433,1434.059398504911,-154.34938712413742,
481,13.443150043487549,0.028264284133911133,35.38034061864714,35.780304351584434,86.0,107.0,-433.0,1447,1440.5296992524554,37.28602861453433,
482,13.473037004470825,0.029886960983276367,33.459407283315386,35.77515595333521,98.0,124.0,-444.0,1461,1450.7648496262277,189.87404678827943,
483,13.500128984451294,0.02709197998046875,36.911292593635594,35.77743594570784,86.0,110.0,-451.0,1438,1444.3824248131139,-22.85475147272308,
484,13.52866506576538,0.028536081314086914,35.04335402585033,35.77588754301959,84.0,92.0,-438.0,1438,1441.191212406557,-67.34276880368968,
485,13.554986953735352,0.026321887969970703,37.99119581167008,35.780189361698234,72.0,94.0,-406.0,1536,1488.5956062032785,866.8034191305371,
486,13.581746816635132,0.026759862899780273,37.36939922843219,35.78332055231215,-28.0,60.0,-341.0,1579,1533.7978031016391,1277.9911805137872,
487,13.608378887176514,0.026632070541381836,37.54871400051923,35.78677548865951,-19.0,37.0,-300.0,1654,1593.8989015508196,1767.3550686495566,
488,13.63638973236084,0.028010845184326172,35.700457926901926,35.78659818162249,-35.0,25.0,-216.0,1630,1611.9494507754098,1205.883970899756,
489,13.664012908935547,0.02762317657470703,36.20148455031935,35.787436916150725,-43.0,8.0,-139.0,1668,1639.974725387705,1110.2202583976073,
490,13.692020893096924,0.028007984161376953,35.7041047380697,35.787266454365565,-69.0,-31.0,-13.0,1626,1632.9873626938524,430.37136446670934,
491,13.720809936523438,0.028789043426513672,34.73543685300207,35.785059502428254,-88.0,-28.0,80.0,1574,1603.4936813469262,-297.05227076100573,
492,13.750093936920166,0.029284000396728516,34.14833992802827,35.781573730121096,-87.0,-27.0,141.0,1597,1600.246840673463,-203.96324488528614,
493,13.780517816543579,0.030423879623413086,32.86891784933428,35.77514332648307,-140.0,-68.0,225.0,1588,1594.1234203367317,-202.61672244512738,
494,13.808931827545166,0.028414011001586914,35.19390486419359,35.7739473385335,-154.0,-79.0,280.0,1569,1581.5617101683658,-322.35617752108396,
495,13.835904836654663,0.02697300910949707,37.0740986272794,35.77648197526085,-201.0,-101.0,324.0,1593,1587.2808550841828,-55.16201742419106,
496,13.86448884010315,0.028584003448486328,34.984602552339645,35.774849381054416,-234.0,-111.0,332.0,1565,1576.1404275420914,-222.4527236236984,
497,13.895045757293701,0.030556917190551758,32.72581437990091,35.76814417751146,-278.0,-134.0,336.0,1607,1591.5702137710457,141.2497982133056,
498,13.923534870147705,0.028489112854003906,35.10112810899474,35.76677938787803,-286.0,-145.0,316.0,1546,1568.785106885523,-329.26657877628315,
499,13.951795816421509,0.02826094627380371,35.38451934027924,35.76600507675637,-271.0,-138.0,324.0,1574,1571.3925534427615,-118.50166782146614,
500,13.980527877807617,0.0287320613861084,34.804324916397675,35.76402868118371,-251.0,-121.0,271.0,1560,1565.6962767213809,-158.378366823055,
501,14.008425951004028,0.027898073196411133,35.844769384598294,35.76418947798284,-261.0,-109.0,246.0,1551,1558.3481383606904,-210.88534588406176,
502,14.035480976104736,0.027055025100708008,36.96171030252827,35.76649783891624,-251.0,-105.0,168.0,1560,1559.1740691803452,-90.17876509902592,
503,14.063994884490967,0.02851390838623047,35.070604368039064,35.76508695652911,-242.0,-75.0,125.0,1527,1543.0870345901726,-327.18039533296445,
504,14.092261791229248,0.02826690673828125,35.37705802968961,35.76430863026401,-234.0,-44.0,64.0,1532,1537.5435172950863,-261.64686418491027,
505,14.119219779968262,0.026957988739013672,37.09475546121872,35.76684886770246,-224.0,-37.0,3.0,1518,1527.7717586475433,-312.0639308207843,
506,14.148062944412231,0.028843164443969727,34.67025963612918,35.76461328932979,-208.0,-43.0,-113.0,1504,1515.8858793237716,-362.0752264898232,
507,14.175470113754272,0.027407169342041016,36.48680341701898,35.766009587792404,-219.0,-27.0,-177.0,1490,1502.9429396618857,-417.1608607856966,
508,14.201286792755127,0.025816679000854492,38.734649021545394,35.771406310811166,-218.0,-16.0,-227.0,1494,1498.4714698309429,-295.18083764884847,
509,14.230449914932251,0.029163122177124023,34.28988137574702,35.768370152928036,-185.0,-8.0,-296.0,1494,1496.2357349154713,-185.92196134399168,
510,14.257187843322754,0.02673792839050293,37.400055284581846,35.77143021503042,-118.0,26.0,-315.0,1522,1509.1178674577357,147.9352539600028,
511,14.285050868988037,0.027863025665283203,35.889856759023154,35.7716612062859,-100.0,42.0,-351.0,1536,1522.558933728868,315.166598559739,
512,14.314008951187134,0.02895808219909668,34.532673577091856,35.7691546614226,-92.0,41.0,-359.0,1555,1538.779466864434,437.6524872883215,
513,14.341645002365112,0.027636051177978516,36.18461963179599,35.76995525376622,-84.0,53.0,-362.0,1607,1572.8897334322169,835.9597542913565,
514,14.368936777114868,0.02729177474975586,36.641076264523456,35.771609825623145,-57.0,90.0,-338.0,1546,1559.4448667161084,171.66268379003714,
515,14.395872831344604,0.026936054229736328,37.12496238205669,35.77414207762892,-23.0,62.0,-308.0,1499,1529.2224333580543,-475.1720088609683,
516,14.42529582977295,0.029422998428344727,33.98701877496779,35.77049691660443,-1.0,46.0,-271.0,1560,1544.6112166790272,23.92342939642333,
517,14.452903747558594,0.02760791778564453,36.22149297039621,35.77135840867496,8.0,59.0,-226.0,1490,1517.3056083395136,-482.5632355628301,
518,14.480983972549438,0.028080224990844727,35.61225026957725,35.77104988044565,24.0,68.0,-180.0,1457,1487.1528041697568,-778.1862219928807,
519,14.508671998977661,0.027688026428222656,36.116694795577445,35.77170950150164,87.0,64.0,-94.0,1461,1474.0764020848783,-625.2313225583453,
520,14.536137819290161,0.0274658203125,36.40888888888889,35.772913442657014,137.0,91.0,-11.0,1466,1470.0382010424391,-386.1288678117536,
521,14.56364393234253,0.027506113052368164,36.35555478508091,35.77401386770916,156.0,100.0,44.0,1508,1489.0191005212196,151.96613152958105,
522,14.591645956039429,0.028002023696899414,35.71170465478633,35.77389429353212,143.0,96.0,83.0,1513,1501.0095502606098,290.08276565037204,
523,14.618743896484375,0.02709794044494629,36.9031735836772,35.77598757481311,163.0,101.0,137.0,1490,1495.504775130305,43.46954673881274,
524,14.647331714630127,0.028587818145751953,34.97993428185412,35.77443388385992,187.0,113.0,195.0,1504,1499.7523875651525,96.02537528228227,
525,14.674652814865112,0.02732110023498535,36.60174705261229,35.77597416602498,199.0,94.0,210.0,1504,1501.8761937825761,86.88019662059372,
526,14.701980829238892,0.027328014373779297,36.592486608155504,35.77749189782004,251.0,90.0,253.0,1490,1495.938096891288,-65.20476717589739,
527,14.731040000915527,0.029059171676635742,34.41254317665302,35.77479933305776,257.0,86.0,249.0,1480,1487.9690484456441,-169.7199954442292,
528,14.759325981140137,0.028285980224609375,35.35320296695887,35.773991351278006,265.0,103.0,263.0,1494,1490.984524222822,-31.556634125854977,
529,14.7863929271698,0.027066946029663086,36.94543148325949,35.776135708389674,244.0,119.0,229.0,1485,1487.992262111411,-71.05352447147241,
530,14.81486988067627,0.028476953506469727,35.11611590659824,35.77486702676369,289.0,125.0,241.0,1452,1469.9961310557055,-351.50387424697976,
