Index,Time,Difference,Hz,AveHz,0x6817 Pressure,0x6817 Acceleration-X,0x6817 Acceleration-Y,0x6817 Acceleration-Z,0x6817 Magnetic-X,0x6817 Magnetic-Y,0x6817 Magnetic-Z,0x6817 Angular-Vel-X,0x6817 Angular-Vel-Y,0x6817 Angular-Vel-Z,0x6817 Heading,0x6817 Roll,0x6817 Pitch,0x6817 Quaternion-X,0x6817 Quaternion-Y,0x6817 Quaternion-Z,0x6817 Quaternion-W,0x6817 Linear-Acceleration-X,0x6817 Linear-Acceleration-Y,0x6817 Linear-Acceleration-Z,0x6817 Gravity-X,0x6817 Gravity-Y,0x6817 Gravity-Z,0x6817 Range,0x6817 Smoothed Range,0x6817 Velocity,
0,9.5367431640625e-07,9.5367431640625e-07,1048576.0,0.0,102052.25,-50.0,977.0,-106.0,-4.5625,-50.5,-17.25,0.0,-0.0625,-0.0625,15.875,-2.3125,-96.5625,0.74310302734375,-0.072998046875,-0.09222412109375,0.65875244140625,-10.0,3.0,6.0,-40.0,973.0,-112.0,457,91.4,,
1,0.0678110122680664,0.06781005859375,14.747074707470746,14.74686730890936,102052.25,-50.0,975.0,-113.0,-4.1875,-49.0,-17.25,-0.0625,0.0,-0.0625,15.875,-2.3125,-96.5625,0.74310302734375,-0.072998046875,-0.09222412109375,0.65875244140625,-10.0,1.0,-1.0,-40.0,973.0,-112.0,452,163.52,106.35590279027905,
2,0.13358378410339355,0.06577277183532715,15.203859775039783,14.971877113856907,102050.5,-49.0,976.0,-115.0,-3.75,-50.5,-16.75,0.0625,0.125,0.0625,15.875,-2.3125,-96.5625,0.74310302734375,-0.072998046875,-0.09222412109375,0.65875244140625,-9.0,3.0,-2.0,-40.0,973.0,-112.0,,163.52,106.35590279027905,
3,0.18643403053283691,0.05285024642944336,18.92138764830604,16.09148282331216,102050.5,-50.0,977.0,-116.0,-3.0625,-50.1875,-16.75,0.0,0.0625,-0.0625,15.875,-2.3125,-96.5625,0.74310302734375,-0.072998046875,-0.09222412109375,0.65875244140625,-10.0,3.0,-3.0,-40.0,973.0,-112.0,,163.52,106.35590279027905,
4,0.24173688888549805,0.05530285835266113,18.0822480028626,16.546916022794743,102050.5,-49.0,975.0,-111.0,-3.75,-50.5,-16.75,0.1875,0.0,0.0625,15.875,-2.3125,-96.5625,0.74310302734375,-0.072998046875,-0.09222412109375,0.65875244140625,-9.0,1.0,0.0,-40.0,973.0,-112.0,424,215.616,189.92159170696414,
5,0.3070547580718994,0.06531786918640137,15.309746206604542,16.283740500869257,102050.5,-52.0,977.0,-107.0,-3.375,-50.875,-17.25,0.0,-0.0625,-0.0625,15.875,-2.3125,-96.5625,0.74310302734375,-0.072998046875,-0.09222412109375,0.65875244140625,-12.0,4.0,5.0,-40.0,973.0,-112.0,485,269.4928,253.41344597866686,
6,0.3706507682800293,0.06359601020812988,15.724256863399328,16.18774467362484,102050.5,-48.0,974.0,-116.0,-3.75,-49.75,-17.25,0.0,0.0625,0.125,15.875,-2.3125,-96.5625,0.74310302734375,-0.072998046875,-0.09222412109375,0.65875244140625,-8.0,1.0,-3.0,-40.0,973.0,-112.0,443,304.19424000000004,282.6375369897843,
7,0.43677282333374023,0.06612205505371094,15.123546888972221,16.026638165285448,102050.5,-51.0,975.0,-112.0,-2.25,-50.875,-17.25,0.125,0.0,-0.0625,15.875,-2.3125,-96.5625,0.74310302734375,-0.072998046875,-0.09222412109375,0.65875244140625,-9.0,2.0,0.0,-40.0,973.0,-112.0,443,331.9553920000001,296.3584916871944,
8,0.5028560161590576,0.06608319282531738,15.132440750000901,15.909126554965054,102050.5,-50.0,976.0,-109.0,-3.0625,-50.1875,-18.1875,-0.1875,0.125,-0.125,15.875,-2.3125,-96.5625,0.74310302734375,-0.072998046875,-0.09222412109375,0.65875244140625,-10.0,3.0,3.0,-40.0,973.0,-112.0,457,356.9643136000001,304.56724495181675,
9,0.5661880970001221,0.06333208084106445,15.78978594607618,15.895777476929297,102050.5,-49.0,975.0,-110.0,-3.75,-50.1875,-16.75,-0.0625,0.0625,0.0,15.875,-2.3125,-96.5625,0.74310302734375,-0.072998046875,-0.09222412109375,0.65875244140625,-9.0,1.0,2.0,-40.0,973.0,-112.0,443,374.1714508800001,301.2802218962299,
10,0.6308460235595703,0.06465792655944824,15.466007854127104,15.851728673146987,102050.5,-51.0,975.0,-111.0,-3.75,-50.1875,-18.1875,-0.375,0.0,-0.0625,15.875,-2.3125,-96.5625,0.74310302734375,-0.072998046875,-0.09222412109375,0.65875244140625,-11.0,1.0,1.0,-40.0,973.0,-112.0,419,383.1371607040001,285.0185735621877,
11,0.6960020065307617,0.0651559829711914,15.347784722120577,15.804552137471209,102050.5,-51.0,977.0,-112.0,-4.5625,-51.6875,-17.25,0.0625,0.0625,0.0,15.875,-2.3125,-96.5625,0.74310302734375,-0.072998046875,-0.09222412109375,0.65875244140625,-11.0,3.0,0.0,-40.0,973.0,-112.0,494,405.3097285632001,290.5466960299301,
12,0.759742021560669,0.06374001502990723,15.68873178851297,15.794835167007731,102050.5,-51.0,977.0,-110.0,-3.75,-49.75,-17.25,0.0625,0.0,0.0,15.875,-2.3125,-96.5625,0.74310302734375,-0.072998046875,-0.09222412109375,0.65875244140625,-11.0,3.0,2.0,-40.0,973.0,-112.0,400,404.2477828505601,259.8259682809801,
13,0.8240797519683838,0.06433773040771484,15.542979114477566,15.775172207481626,102050.5,-51.0,977.0,-118.0,-3.75,-50.5,-16.375,-0.125,0.0,0.0,15.875,-2.3125,-96.5625,0.74310302734375,-0.072998046875,-0.09222412109375,0.65875244140625,-11.0,3.0,-5.0,-40.0,973.0,-112.0,433,409.99822628044814,242.78127366585554,
14,0.8879909515380859,0.06391119956970215,15.6467099152065,15.765926415973778,102048.75,-52.0,978.0,-109.0,-4.1875,-49.0,-17.25,0.1875,0.0625,-0.0625,15.875,-2.3125,-96.5625,0.74310302734375,-0.072998046875,-0.09222412109375,0.65875244140625,-12.0,4.0,3.0,-40.0,973.0,-112.0,466,421.19858102435853,236.02801646180728,
15,0.9571998119354248,0.06920886039733887,14.44901699376126,15.670709305375354,102048.75,-51.0,977.0,-110.0,-4.1875,-49.75,-17.6875,0.125,0.0,0.0625,15.875,-2.3125,-96.5625,0.74310302734375,-0.072998046875,-0.09222412109375,0.65875244140625,-11.0,3.0,2.0,-40.0,973.0,-112.0,415,419.95886481948685,210.63394676446333,
16,1.0235729217529297,0.06637310981750488,15.066342420138726,15.631519415928906,102048.75,-51.0,975.0,-114.0,-3.0625,-50.1875,-17.25,-0.0625,-0.125,0.0,15.875,-2.3125,-96.5625,0.74310302734375,-0.072998046875,-0.09222412109375,0.65875244140625,-11.0,2.0,-2.0,-40.0,973.0,-112.0,419,419.7670918555895,189.28162037391678,
17,1.0867938995361328,0.06322097778320312,15.817534544138056,15.642340288490733,102048.75,-53.0,976.0,-113.0,-4.1875,-50.875,-16.375,0.0625,0.125,0.0,15.875,-2.3125,-96.5625,0.74310302734375,-0.072998046875,-0.09222412109375,0.65875244140625,-13.0,3.0,-1.0,-40.0,973.0,-112.0,443,424.41367348447164,177.70320487922515,
18,1.1512219905853271,0.06442809104919434,15.521180027457989,15.635559559497366,102048.75,-51.0,974.0,-108.0,-5.25,-50.5,-18.0625,0.0625,0.0625,-0.0625,15.875,-2.3125,-96.5625,0.74310302734375,-0.072998046875,-0.09222412109375,0.65875244140625,-11.0,1.0,4.0,-40.0,973.0,-112.0,433,426.13093878757735,162.59828278374374,
19,1.218564748764038,0.06734275817871094,14.849406633245533,15.592113606824142,102048.75,-50.0,975.0,-115.0,-3.75,-50.5,-17.6875,0.1875,0.0625,0.0625,15.875,-2.3125,-96.5625,0.74310302734375,-0.072998046875,-0.09222412109375,0.65875244140625,-10.0,2.0,-2.0,-40.0,973.0,-112.0,433,427.5047510300619,148.37848416800782,
20,1.285175085067749,0.06661033630371094,15.01268504996707,15.562081954728903,102051.75,-51.0,976.0,-108.0,-3.75,-50.5,-16.375,0.0625,-0.125,0.125,15.875,-2.3125,-96.5625,0.74310302734375,-0.072998046875,-0.09222412109375,0.65875244140625,-10.0,1.0,-1.0,-40.0,973.0,-112.0,429,427.8038008240496,133.98958978834645,
21,1.3517980575561523,0.06662297248840332,15.009837637821763,15.534864754847217,102051.75,-52.0,976.0,-111.0,-3.375,-50.875,-16.75,0.0,-0.0625,0.0,15.875,-2.3125,-96.5625,0.74310302734375,-0.072998046875,-0.09222412109375,0.65875244140625,-12.0,2.0,1.0,-40.0,973.0,-112.0,466,435.44304065923967,132.05700576977017,
22,1.4193990230560303,0.06760096549987793,14.792688131086024,15.499517501874141,102051.75,-51.0,977.0,-117.0,-3.75,-50.1875,-17.6875,0.0,-0.0625,-0.0625,15.875,-2.3125,-96.5625,0.74310302734375,-0.072998046875,-0.09222412109375,0.65875244140625,-11.0,3.0,-4.0,-40.0,973.0,-112.0,457,439.7544325273917,125.22901272444051,
23,1.4851458072662354,0.06574678421020508,15.209869380117638,15.486694900574765,102051.75,-48.0,975.0,-110.0,-4.1875,-50.1875,-16.75,-0.125,0.0,-0.0625,15.875,-2.3125,-96.5625,0.74310302734375,-0.072998046875,-0.09222412109375,0.65875244140625,-8.0,2.0,2.0,-40.0,973.0,-112.0,415,434.8035460219134,105.17587774558525,
24,1.5521190166473389,0.06697320938110352,14.931343581126782,15.462731750971843,102051.75,-51.0,976.0,-110.0,-3.375,-50.1875,-16.75,-0.0625,0.1875,0.0625,15.875,-2.3125,-96.5625,0.74310302734375,-0.072998046875,-0.09222412109375,0.65875244140625,-11.0,3.0,2.0,-40.0,973.0,-112.0,475,442.8428368175307,106.66203127282196,
25,1.6225368976593018,0.07041788101196289,14.200938534775219,15.407970096745046,102051.5,-50.0,978.0,-118.0,-3.75,-50.875,-16.75,0.125,-0.0625,0.0,15.875,-2.3125,-96.5625,0.74310302734375,-0.072998046875,-0.09222412109375,0.65875244140625,-10.0,4.0,-5.0,-40.0,973.0,-112.0,429,440.0742694540246,92.06420264968627,
26,1.6895627975463867,0.06702589988708496,14.91960572979472,15.388596409531308,102051.5,-48.0,974.0,-111.0,-3.375,-50.1875,-17.25,0.25,-0.125,0.0,15.875,-2.3125,-96.5625,0.74310302734375,-0.072998046875,-0.09222412109375,0.65875244140625,-8.0,1.0,0.0,-40.0,973.0,-112.0,415,435.0594155632197,75.37581810038404,
27,1.7521109580993652,0.06254816055297852,15.987680391543991,15.409982955239746,102051.5,-50.0,977.0,-110.0,-3.75,-50.1875,-16.375,-0.125,-0.0625,-0.0625,15.875,-2.3125,-96.5625,0.74310302734375,-0.072998046875,-0.09222412109375,0.65875244140625,-10.0,3.0,2.0,-40.0,973.0,-112.0,499,447.8475324505758,88.28346885082115,
28,1.8158137798309326,0.06370282173156738,15.697891754525823,15.420083441930391,102051.5,-50.0,977.0,-119.0,-4.1875,-50.875,-17.6875,0.125,-0.0625,0.0625,15.875,-2.3125,-96.5625,0.74310302734375,-0.072998046875,-0.09222412109375,0.65875244140625,-10.0,3.0,-6.0,-40.0,973.0,-112.0,475,453.27802596046064,87.97985189492178,
29,1.8843300342559814,0.06851625442504883,14.595076867401124,15.39008532093504,102051.5,-50.0,977.0,-111.0,-4.1875,-50.5,-16.75,0.0,0.0,-0.0625,15.875,-2.3125,-96.5625,0.74310302734375,-0.072998046875,-0.09222412109375,0.65875244140625,-11.0,1.0,0.0,-40.0,973.0,-112.0,429,448.42242076836857,72.09507360379602,
30,1.9514670372009277,0.06713700294494629,14.894915711683174,15.373049827697976,102051.5,-53.0,975.0,-107.0,-4.5625,-51.25,-17.25,0.0,0.0,-0.125,15.875,-2.3125,-96.5625,0.74310302734375,-0.072998046875,-0.09222412109375,0.65875244140625,-13.0,2.0,5.0,-40.0,973.0,-112.0,494,457.5379366146949,78.46305026337072,
31,2.0165560245513916,0.06508898735046387,15.363582085178551,15.37274423451555,102049.25,-55.0,974.0,-116.0,-4.875,-49.375,-17.25,0.0625,0.0625,0.125,15.875,-2.3125,-96.5625,0.74310302734375,-0.072998046875,-0.09222412109375,0.65875244140625,-15.0,3.0,2.0,-40.0,973.0,-112.0,447,455.430349291756,67.37873615326829,
32,2.082612991333008,0.06605696678161621,15.13844865608183,15.365312774467002,102049.25,-44.0,975.0,-112.0,-3.75,-50.5,-17.25,-0.1875,0.1875,0.125,15.875,-2.3125,-96.5625,0.74310302734375,-0.072998046875,-0.09222412109375,0.65875244140625,-4.0,1.0,0.0,-40.0,973.0,-112.0,461,456.5442794334048,62.32717996352275,
33,2.1494951248168945,0.06688213348388672,14.951676148921305,15.352442356812098,102049.25,-54.0,976.0,-115.0,-4.1875,-49.0,-17.25,0.0,-0.0625,0.125,15.875,-2.3125,-96.5625,0.74310302734375,-0.072998046875,-0.09222412109375,0.65875244140625,-14.0,3.0,-2.0,-40.0,973.0,-112.0,415,448.2354235467239,43.67132972859932,
34,2.2158589363098145,0.06636381149291992,15.068453386024789,15.343937036272704,102049.25,-45.0,975.0,-117.0,-4.5625,-50.875,-17.6875,0.0625,-0.0625,0.125,15.875,-2.3125,-96.5625,0.74310302734375,-0.072998046875,-0.09222412109375,0.65875244140625,-5.0,1.0,-4.0,-40.0,973.0,-112.0,480,454.5883388373791,48.87705754799964,
35,2.2840399742126465,0.06818103790283203,14.66683451526723,15.323724801298711,102049.25,-56.0,975.0,-113.0,-3.0625,-51.25,-16.75,0.1875,0.25,0.0625,15.875,-2.3125,-96.5625,0.74310302734375,-0.072998046875,-0.09222412109375,0.65875244140625,-16.0,2.0,-1.0,-40.0,973.0,-112.0,396,442.8706710699033,26.80324238815484,
36,2.349569082260132,0.06552910804748535,15.260393889008146,15.321958512226571,102049.25,-49.0,976.0,-105.0,-4.1875,-50.875,-17.6875,0.0625,0.0,0.0,15.875,-2.3125,-96.5625,0.74310302734375,-0.072998046875,-0.09222412109375,0.65875244140625,-9.0,2.0,7.0,-40.0,973.0,-112.0,447,443.69653685592266,25.383221868750393,
37,2.415273904800415,0.0657048225402832,15.219582997684933,15.319173500968818,102050.25,-51.0,976.0,-107.0,-3.375,-50.875,-19.75,-0.1875,0.0,0.0625,15.875,-2.3125,-96.5625,0.74310302734375,-0.072998046875,-0.09222412109375,0.65875244140625,-11.0,3.0,5.0,-40.0,973.0,-112.0,429,440.75722948473816,18.371396432730396,
38,2.48244309425354,0.067169189453125,14.887778282598818,15.307500940490415,102050.25,-48.0,976.0,-116.0,-4.5625,-51.6875,-17.6875,0.0625,0.125,0.0625,15.875,-2.3125,-96.5625,0.74310302734375,-0.072998046875,-0.09222412109375,0.65875244140625,-8.0,3.0,-3.0,-40.0,973.0,-112.0,443,441.20578358779056,17.20205419285677,
39,2.54885196685791,0.06640887260437012,15.058228829715048,15.301006298956285,102050.25,-51.0,976.0,-111.0,-4.5625,-50.1875,-17.6875,0.0625,0.0625,0.0,15.875,-2.3125,-96.5625,0.74310302734375,-0.072998046875,-0.09222412109375,0.65875244140625,-11.0,2.0,0.0,-40.0,973.0,-112.0,466,446.16462687023244,22.9489884613416,
40,2.6164801120758057,0.06762814521789551,14.786742957063737,15.287714137550113,102050.25,-49.0,975.0,-119.0,-4.1875,-50.875,-17.25,-0.125,-0.0625,0.125,15.875,-2.3125,-96.5625,0.74310302734375,-0.072998046875,-0.09222412109375,0.65875244140625,-9.0,1.0,-6.0,-40.0,973.0,-112.0,400,436.93170149618595,7.001600190429743,
41,2.6823129653930664,0.06583285331726074,15.189984173719683,15.285315520216283,102050.25,-52.0,976.0,-114.0,-3.0625,-50.875,-15.5,-0.125,-0.0625,0.125,15.875,-2.3125,-96.5625,0.74310302734375,-0.072998046875,-0.09222412109375,0.65875244140625,-12.0,3.0,-1.0,-40.0,973.0,-112.0,461,441.74536119694875,13.613381638612683,
42,2.7468760013580322,0.06456303596496582,15.488738796958607,15.290096815158586,102050.25,-49.0,974.0,-108.0,-4.1875,-50.1875,-17.6875,0.125,-0.0625,0.0625,15.875,-2.3125,-96.5625,0.74310302734375,-0.072998046875,-0.09222412109375,0.65875244140625,-9.0,1.0,4.0,-40.0,973.0,-112.0,386,430.596288957559,-5.016463299681588,
43,2.8131320476531982,0.06625604629516602,15.092962165974566,15.285453818590538,102051.0,-53.0,978.0,-107.0,-4.5625,-50.5,-17.6875,-0.0625,0.0,-0.0625,15.875,-2.3125,-96.5625,0.74310302734375,-0.072998046875,-0.09222412109375,0.65875244140625,-13.0,5.0,5.0,-40.0,973.0,-112.0,480,440.47703116604725,10.398149862732673,
44,2.8827409744262695,0.06960892677307129,14.365973537561525,15.263251325852123,102051.0,-48.0,976.0,-113.0,-4.1875,-50.875,-16.75,-0.0625,-0.0625,0.0,15.875,-2.3125,-96.5625,0.74310302734375,-0.072998046875,-0.09222412109375,0.65875244140625,-8.0,3.0,-1.0,-40.0,973.0,-112.0,391,430.5816249328378,-4.857379532511395,
45,2.9484729766845703,0.06573200225830078,15.21328980776206,15.262137505021512,102051.0,-51.0,976.0,-109.0,-4.5625,-50.875,-16.375,0.0625,0.0625,0.0625,15.875,-2.3125,-96.5625,0.74310302734375,-0.072998046875,-0.09222412109375,0.65875244140625,-11.0,2.0,3.0,-40.0,973.0,-112.0,461,436.6652999462703,4.883629528298633,
46,3.016174077987671,0.06770110130310059,14.770808461784975,15.25110912387731,102051.0,-50.0,975.0,-116.0,-3.75,-50.5,-16.75,0.0625,0.0,0.0,15.875,-2.3125,-96.5625,0.74310302734375,-0.072998046875,-0.09222412109375,0.65875244140625,-10.0,2.0,-3.0,-40.0,973.0,-112.0,490,447.33223995701627,20.15119935267671,
47,3.0831611156463623,0.0669870376586914,14.928261271906722,15.244094692776635,102051.0,-52.0,977.0,-112.0,-3.375,-50.5,-16.75,0.125,-0.0625,0.125,15.875,-2.3125,-96.5625,0.74310302734375,-0.072998046875,-0.09222412109375,0.65875244140625,-12.0,4.0,0.0,-40.0,973.0,-112.0,475,452.865791965613,26.3967104320107,
48,3.149556875228882,0.06639575958251953,15.061202798006349,15.240239151582804,102049.25,-50.0,978.0,-109.0,-4.5625,-50.5,-17.6875,-0.125,0.0625,0.0625,15.875,-2.3125,-96.5625,0.74310302734375,-0.072998046875,-0.09222412109375,0.65875244140625,-10.0,4.0,3.0,-40.0,973.0,-112.0,499,462.09263357249046,37.653772651436,
49,3.2133240699768066,0.0637671947479248,15.682044724611997,15.24900661524428,102049.25,-48.0,976.0,-109.0,-3.375,-51.25,-17.25,0.0625,0.0625,0.125,15.875,-2.3125,-96.5625,0.74310302734375,-0.072998046875,-0.09222412109375,0.65875244140625,-8.0,2.0,3.0,-40.0,973.0,-112.0,443,458.2741068579924,27.900164714404013,
50,3.278122901916504,0.06479883193969727,15.432376943624764,15.252631306400463,102049.25,-50.0,976.0,-113.0,-3.75,-50.875,-17.6875,0.0,-0.0625,0.0625,15.875,-2.3125,-96.5625,0.74310302734375,-0.072998046875,-0.09222412109375,0.65875244140625,-10.0,3.0,-1.0,-40.0,973.0,-112.0,471,460.81928548639394,29.037963841198618,
51,3.345025062561035,0.06690216064453125,14.947200364921883,15.246522536053323,102049.25,-50.0,978.0,-110.0,-4.5625,-50.1875,-17.6875,0.0625,-0.0625,0.0,15.875,-2.3125,-96.5625,0.74310302734375,-0.072998046875,-0.09222412109375,0.65875244140625,-10.0,4.0,2.0,-40.0,973.0,-112.0,433,455.2554283891152,17.817758773596957,
52,3.411371946334839,0.06634688377380371,15.072297945586984,15.24313408740684,102049.25,-53.0,976.0,-108.0,-4.1875,-49.375,-16.75,0.25,0.0625,0.125,15.875,-2.3125,-96.5625,0.74310302734375,-0.072998046875,-0.09222412109375,0.65875244140625,-13.0,2.0,4.0,-40.0,973.0,-112.0,,455.2554283891152,17.817758773596957,
53,3.476820945739746,0.06544899940490723,15.279072393657131,15.243810603747802,102049.25,-50.0,977.0,-111.0,-3.375,-50.5,-17.25,-0.25,-0.0625,0.125,15.875,-2.3125,-96.5625,0.74310302734375,-0.072998046875,-0.09222412109375,0.65875244140625,-10.0,3.0,0.0,-40.0,973.0,-112.0,424,449.00434271129217,6.484903835196132,
54,3.54658579826355,0.06976485252380371,14.333865317909199,15.225911079449716,102049.0,-52.0,976.0,-108.0,-3.375,-50.875,-17.6875,0.0625,0.125,0.0625,15.875,-2.3125,-96.5625,0.74310302734375,-0.072998046875,-0.09222412109375,0.65875244140625,-12.0,3.0,4.0,-40.0,973.0,-112.0,490,457.20347416903377,17.58893805558658,
55,3.61296010017395,0.06637430191040039,15.066071826260623,15.222974645458155,102049.0,-48.0,975.0,-111.0,-4.5625,-48.6875,-18.1875,0.0625,0.125,-0.0625,15.875,-2.3125,-96.5625,0.74310302734375,-0.072998046875,-0.09222412109375,0.65875244140625,-8.0,2.0,1.0,-40.0,973.0,-112.0,485,462.76277933522704,24.20573334382488,
56,3.6804919242858887,0.06753182411193848,14.807833390409145,15.215357390266645,102049.0,-52.0,975.0,-112.0,-3.375,-50.5,-17.6875,0.0625,-0.0625,-0.0625,15.875,-2.3125,-96.5625,0.74310302734375,-0.072998046875,-0.09222412109375,0.65875244140625,-12.0,2.0,0.0,-40.0,973.0,-112.0,415,453.21022346818165,7.639894436264045,
57,3.748405933380127,0.06791400909423828,14.724502548691952,15.206464031124884,102049.0,-50.0,975.0,-107.0,-4.5625,-50.5,-16.75,0.125,0.0,-0.0625,15.875,-2.3125,-96.5625,0.74310302734375,-0.072998046875,-0.09222412109375,0.65875244140625,-10.0,2.0,5.0,-40.0,973.0,-112.0,382,438.9681787745453,-14.094797346365645,
58,3.8162240982055664,0.06781816482543945,14.745312005624891,15.198268892875626,102049.0,-48.0,979.0,-118.0,-4.5625,-50.1875,-17.6875,0.0,0.0,0.0,15.875,-2.3125,-96.5625,0.74310302734375,-0.072998046875,-0.09222412109375,0.65875244140625,-8.0,6.0,-5.0,-40.0,973.0,-112.0,513,453.7745430196363,9.147128434550469,
59,3.9076709747314453,0.0914468765258789,10.935310619570545,15.09850762295942,102049.75,-50.0,974.0,-111.0,-4.1875,-49.75,-16.375,0.0625,0.0625,-0.125,15.875,-2.3125,-96.5625,0.74310302734375,-0.072998046875,-0.09222412109375,0.65875244140625,-10.0,1.0,1.0,-40.0,973.0,-112.0,475,458.0196344157091,12.874554893547646,
60,3.972332000732422,0.06466102600097656,15.46526651131235,15.104477669272647,102049.75,-49.0,975.0,-115.0,-4.1875,-51.25,-18.1875,0.0,-0.0625,0.0625,15.875,-2.3125,-96.5625,0.74310302734375,-0.072998046875,-0.09222412109375,0.65875244140625,-9.0,2.0,-5.0,-40.0,973.0,-112.0,457,457.81570753256733,11.271721044532,
61,4.038777828216553,0.06644582748413086,15.049853961692753,15.103579002001315,102049.75,-52.0,977.0,-110.0,-3.0625,-50.875,-16.75,0.0625,0.125,-0.0625,15.875,-2.3125,-96.5625,0.74310302734375,-0.072998046875,-0.09222412109375,0.65875244140625,-12.0,4.0,2.0,-40.0,973.0,-112.0,400,446.2525660260539,-7.257810161062709,
62,4.103622913360596,0.06484508514404297,15.421369218324877,15.108600694800707,102049.75,-50.0,976.0,-110.0,-4.5625,-50.1875,-17.25,-0.125,-0.0625,0.0,15.875,-2.3125,-96.5625,0.74310302734375,-0.072998046875,-0.09222412109375,0.65875244140625,-10.0,3.0,2.0,-40.0,973.0,-112.0,410,439.0020528208431,-17.713313260945995,
63,4.170734882354736,0.06711196899414062,14.900471778548287,15.105251658775087,102049.75,-51.0,975.0,-119.0,-4.1875,-50.875,-16.75,0.25,-0.0625,-0.125,15.875,-2.3125,-96.5625,0.74310302734375,-0.072998046875,-0.09222412109375,0.65875244140625,-11.0,2.0,-6.0,-40.0,973.0,-112.0,471,445.4016422566745,-6.406291756561261,
64,4.236996173858643,0.06626129150390625,15.091767415083478,15.1050407821622,102049.75,-50.0,977.0,-106.0,-3.0625,-50.5,-18.1875,0.0,-0.1875,-0.0625,15.875,-2.3125,-96.5625,0.74310302734375,-0.072998046875,-0.09222412109375,0.65875244140625,-10.0,3.0,6.0,-40.0,973.0,-112.0,447,445.7213138053396,-5.283221714737815,
65,4.302830934524536,0.06583476066589355,15.189544093202139,15.10633371124597,102051.25,-51.0,974.0,-110.0,-3.0625,-49.75,-18.5,0.125,-0.0625,0.0625,15.875,-2.3125,-96.5625,0.74310302734375,-0.072998046875,-0.09222412109375,0.65875244140625,-10.0,4.0,2.0,-40.0,973.0,-112.0,499,456.3770510442717,11.430679520369466,
66,4.370861053466797,0.06803011894226074,14.69937162462895,15.099999563621765,102051.25,-52.0,976.0,-115.0,-3.375,-50.5,-16.75,-0.0625,-0.125,-0.0625,15.875,-2.3125,-96.5625,0.74310302734375,-0.072998046875,-0.09222412109375,0.65875244140625,-12.0,2.0,-2.0,-40.0,973.0,-112.0,480,461.10164083541736,17.232461679730335,
67,4.4346020221710205,0.06374096870422363,15.688497058152452,15.108458361095327,102051.25,-51.0,973.0,-109.0,-3.375,-49.375,-17.25,0.0625,0.1875,0.125,15.875,-2.3125,-96.5625,0.74310302734375,-0.072998046875,-0.09222412109375,0.65875244140625,-9.0,1.0,-1.0,-40.0,973.0,-112.0,443,457.48131266833394,9.829464731873841,
68,4.4999189376831055,0.06531691551208496,15.309969739997591,15.111383325276407,102051.25,-50.0,977.0,-109.0,-3.75,-49.375,-17.25,0.0,0.0,0.125,15.875,-2.3125,-96.5625,0.74310302734375,-0.072998046875,-0.09222412109375,0.65875244140625,-10.0,3.0,3.0,-40.0,973.0,-112.0,405,446.9850501346672,-7.223227918664405,
69,4.5683979988098145,0.06847906112670898,14.603003948165531,15.103762854719813,102051.25,-50.0,977.0,-117.0,-4.5625,-50.875,-16.0,0.125,0.0,-0.125,15.875,-2.3125,-96.5625,0.74310302734375,-0.072998046875,-0.09222412109375,0.65875244140625,-10.0,4.0,-4.0,-40.0,973.0,-112.0,461,449.78804010773376,-2.4076977624619875,
70,4.636994123458862,0.06859612464904785,14.578083020231967,15.095986351560235,102051.25,-51.0,976.0,-112.0,-5.25,-50.1875,-18.1875,0.0625,0.125,0.1875,15.875,-2.3125,-96.5625,0.74310302734375,-0.072998046875,-0.09222412109375,0.65875244140625,-11.0,3.0,0.0,-40.0,973.0,-112.0,433,446.43043208618707,-7.061676834966242,
71,4.704099178314209,0.06710505485534668,14.902007041878214,15.09321919216933,102050.25,-50.0,977.0,-107.0,-3.375,-50.1875,-16.375,-0.1875,0.0,0.0625,15.875,-2.3125,-96.5625,0.74310302734375,-0.072998046875,-0.09222412109375,0.65875244140625,-10.0,3.0,9.0,-40.0,973.0,-112.0,410,439.14434566894965,-17.21324026121013,
72,4.7689337730407715,0.0648345947265625,15.423864438691457,15.09771437947466,102050.25,-50.0,974.0,-117.0,-4.5625,-50.1875,-16.375,0.0,-0.0625,0.0625,15.875,-2.3125,-96.5625,0.74310302734375,-0.072998046875,-0.09222412109375,0.65875244140625,-10.0,1.0,-4.0,-40.0,973.0,-112.0,419,435.11547653515976,-21.705989371169483,
73,4.834419012069702,0.06548523902893066,15.270616933355178,15.100056453060196,102050.25,-52.0,975.0,-110.0,-4.5625,-50.1875,-17.25,-0.0625,-0.0625,-0.125,15.875,-2.3125,-96.5625,0.74310302734375,-0.072998046875,-0.09222412109375,0.65875244140625,-12.0,2.0,2.0,-40.0,973.0,-112.0,438,435.69238122812783,-18.654421376715504,
74,4.9234349727630615,0.08901596069335938,11.233940432826227,15.030156874088002,102050.25,-48.0,976.0,-113.0,-3.0625,-50.1875,-16.375,-0.125,0.0,0.0625,15.875,-2.3125,-96.5625,0.74310302734375,-0.072998046875,-0.09222412109375,0.65875244140625,-8.0,2.0,0.0,-40.0,973.0,-112.0,485,445.5539049825023,-5.710602195689615,
75,4.994007110595703,0.0705721378326416,14.169898074668666,15.018000242905888,102050.25,-53.0,975.0,-106.0,-3.75,-50.875,-16.375,0.0625,-0.0625,-0.0625,15.875,-2.3125,-96.5625,0.74310302734375,-0.072998046875,-0.09222412109375,0.65875244140625,-13.0,2.0,6.0,-40.0,973.0,-112.0,396,435.64312398600185,-19.183017632198066,
76,5.059173822402954,0.06516671180725098,15.345257912625444,15.022215616205553,102050.0,-49.0,976.0,-109.0,-4.875,-50.1875,-16.375,-0.1875,0.0625,0.0625,15.875,-2.3125,-96.5625,0.74310302734375,-0.072998046875,-0.09222412109375,0.65875244140625,-9.0,2.0,3.0,-40.0,973.0,-112.0,471,442.7144991888015,-6.413508240587824,
77,5.125406980514526,0.06623315811157227,15.098177838892449,15.023197239308823,102050.0,-52.0,977.0,-114.0,-4.5625,-50.875,-16.75,0.0625,-0.0625,0.0,15.875,-2.3125,-96.5625,0.74310302734375,-0.072998046875,-0.09222412109375,0.65875244140625,-12.0,3.0,-1.0,-40.0,973.0,-112.0,457,445.5715993510412,-1.4584567812266904,
78,5.190425872802734,0.06501889228820801,15.380145136390805,15.027668617465764,102050.0,-49.0,976.0,-107.0,-3.75,-50.875,-17.6875,0.0625,0.125,0.0625,15.875,-2.3125,-96.5625,0.74310302734375,-0.072998046875,-0.09222412109375,0.65875244140625,-9.0,2.0,5.0,-40.0,973.0,-112.0,536,463.657279480833,26.50342742554969,
79,5.258020877838135,0.06759500503540039,14.793992536523769,15.02466457160233,102050.0,-50.0,977.0,-111.0,-3.75,-50.875,-16.0,-0.0625,0.0625,-0.125,15.875,-2.3125,-96.5625,0.74310302734375,-0.072998046875,-0.09222412109375,0.65875244140625,-10.0,3.0,1.0,-40.0,973.0,-112.0,,463.657279480833,26.50342742554969,
80,5.311976909637451,0.053956031799316406,18.533609063753822,15.06030642845172,102050.0,-50.0,980.0,-116.0,-4.875,-49.375,-16.75,0.0,-0.0625,0.0625,15.875,-2.3125,-96.5625,0.74310302734375,-0.072998046875,-0.09222412109375,0.65875244140625,-10.0,6.0,-3.0,-40.0,973.0,-112.0,461,463.1258235846664,22.868105101576923,
81,5.381663084030151,0.0696861743927002,14.350048753784833,15.051109431276725,102050.0,-41.0,991.0,-140.0,-4.875,-49.375,-16.75,0.625,0.9375,-0.1875,15.875,-2.3125,-96.5625,0.7431640625,-0.072998046875,-0.0921630859375,0.65875244140625,-1.0,17.0,-27.0,-40.0,973.0,-112.0,499,470.30065886773315,30.877218202657545,
82,5.445288896560669,0.06362581253051758,15.716891623511426,15.058888804190445,102052.75,-60.0,992.0,-97.0,-3.75,-50.1875,-19.0,-0.8125,0.375,-0.0625,15.875,-2.3125,-96.5625,0.74298095703125,-0.0728759765625,-0.092041015625,0.65899658203125,-20.0,18.0,14.0,-39.0,973.0,-112.0,494,475.04052709418653,35.239095904881104,
83,5.508188009262085,0.06289911270141602,15.898475464145736,15.068476214035268,102052.75,-42.0,974.0,-123.0,-4.1875,-50.1875,-17.6875,0.0625,-0.125,0.1875,15.875,-2.3125,-96.5625,0.74298095703125,-0.0728759765625,-0.092041015625,0.65899658203125,-2.0,0.0,-11.0,-39.0,973.0,-112.0,485,477.03242167534927,34.88199502697106,
84,5.571743011474609,0.06355500221252441,15.73440272499803,15.076072214208006,102052.75,-52.0,979.0,-122.0,-5.25,-50.875,-18.1875,0.125,0.0,0.1875,15.875,-2.3125,-96.5625,0.74298095703125,-0.0728759765625,-0.092041015625,0.65899658203125,-12.0,5.0,-10.0,-39.0,973.0,-112.0,499,481.42593734027946,38.30673000933387,
85,5.635739803314209,0.06399679183959961,15.625783281549202,15.082314472718215,102052.75,-48.0,976.0,-122.0,-4.1875,-49.0,-16.0,0.125,0.0,0.0,15.875,-2.3125,-96.5625,0.74298095703125,-0.0728759765625,-0.092041015625,0.65899658203125,-8.0,3.0,-9.0,-39.0,973.0,-112.0,480,481.1407498722236,34.03042925135499,
86,5.72251296043396,0.08677315711975098,11.524301214717285,15.02836264323258,102052.75,-54.0,975.0,-108.0,-3.75,-50.1875,-16.375,-0.125,0.125,-0.0625,15.875,-2.3125,-96.5625,0.74298095703125,-0.0728759765625,-0.092041015625,0.65899658203125,-15.0,2.0,3.0,-39.0,973.0,-112.0,382,461.3125998977789,7.776829042610569,
87,5.784745931625366,0.06223297119140625,16.068652690940297,15.039554204856014,102052.75,-53.0,975.0,-102.0,-4.875,-50.875,-17.25,0.1875,0.0,0.0,15.875,-2.3125,-96.5625,0.74298095703125,-0.0728759765625,-0.092041015625,0.65899658203125,-13.0,2.0,9.0,-39.0,973.0,-112.0,485,466.05007991822316,14.611638246228255,
88,5.850379943847656,0.06563401222229004,15.236002891506743,15.041758115648893,102051.75,-53.0,976.0,-107.0,-3.0625,-50.5,-17.6875,0.25,0.0,0.0,15.875,-2.3125,-96.5625,0.74298095703125,-0.0728759765625,-0.092041015625,0.65899658203125,-13.0,3.0,5.0,-39.0,973.0,-112.0,457,464.24006393457853,10.392733545557125,
89,5.915321111679077,0.0649411678314209,15.398552773117265,15.04567517463767,102051.75,-49.0,976.0,-115.0,-3.0625,-51.25,-16.75,0.0625,0.0,0.0625,15.875,-2.3125,-96.5625,0.74298095703125,-0.0728759765625,-0.092041015625,0.65899658203125,-9.0,3.0,-3.0,-39.0,973.0,-112.0,386,448.59205114766286,-14.742214878372062,
90,5.9793479442596436,0.0640268325805664,15.618451822393018,15.051808464567236,102051.75,-53.0,973.0,-120.0,-3.0625,-50.1875,-16.75,-0.125,-0.125,0.0,15.875,-2.3125,-96.5625,0.74298095703125,-0.0728759765625,-0.092041015625,0.65899658203125,-13.0,0.0,-7.0,-39.0,973.0,-112.0,443,447.47364091813034,-15.014777019297366,
91,6.045529842376709,0.06618189811706543,15.109871859993444,15.052444098799572,102051.75,-46.0,971.0,-113.0,-4.5625,-49.375,-17.6875,0.125,0.0,0.0,15.875,-2.3125,-96.5625,0.74298095703125,-0.0728759765625,-0.092041015625,0.65899658203125,-6.0,-1.0,-1.0,-39.0,973.0,-112.0,400,437.9789127345043,-27.85971193737338,
92,6.111760854721069,0.06623101234436035,15.09866699304878,15.052945000119564,102051.75,-55.0,974.0,-107.0,-4.5625,-50.1875,-18.1875,0.1875,0.0,0.0625,15.875,-2.3125,-96.5625,0.74298095703125,-0.0728759765625,-0.092041015625,0.65899658203125,-15.0,1.0,4.0,-39.0,973.0,-112.0,485,447.38313018760346,-10.874625978179921,
93,6.175513744354248,0.06375288963317871,15.68556352117996,15.059475834706394,102053.0,-47.0,974.0,-109.0,-3.75,-50.875,-16.75,-0.25,0.0,-0.0625,15.875,-2.3125,-96.5625,0.74298095703125,-0.0728759765625,-0.092041015625,0.65899658203125,-7.0,0.0,3.0,-39.0,973.0,-112.0,424,442.7065041500828,-17.122714857995334,
94,6.242043972015381,0.06653022766113281,15.030761732748488,15.05916978820161,102053.0,-52.0,974.0,-114.0,-4.5625,-49.75,-17.6875,0.0625,-0.125,-0.0625,15.875,-2.3125,-96.5625,0.74298095703125,-0.0728759765625,-0.092041015625,0.65899658203125,-12.0,1.0,-1.0,-39.0,973.0,-112.0,429,439.9652033200663,-19.53082733357223,
95,6.30614709854126,0.0641031265258789,15.599863129862982,15.064666033872797,102053.0,-46.0,975.0,-109.0,-3.0625,-49.75,-17.25,0.25,0.0,0.125,15.875,-2.3125,-96.5625,0.74298095703125,-0.0728759765625,-0.092041015625,0.65899658203125,-6.0,1.0,2.0,-39.0,973.0,-112.0,391,430.17216265605305,-32.8547539985939,
96,6.371526002883911,0.06537890434265137,15.295453633774464,15.067034169922247,102053.0,-52.0,978.0,-113.0,-4.5625,-50.875,-17.6875,-0.0625,-0.0625,-0.0625,15.875,-2.3125,-96.5625,0.74298095703125,-0.0728759765625,-0.092041015625,0.65899658203125,-12.0,4.0,-1.0,-39.0,973.0,-112.0,447,433.5377301248425,-24.421490481713658,
97,6.438606023788452,0.06708002090454102,14.907568401373359,15.065372790572695,102053.0,-49.0,976.0,-110.0,-4.1875,-50.875,-18.1875,0.0625,0.0,0.0,15.875,-2.3125,-96.5625,0.74298095703125,-0.0728759765625,-0.092041015625,0.65899658203125,-10.0,3.0,4.0,-39.0,973.0,-112.0,410,428.83018409987403,-28.997147870525335,
98,6.504534006118774,0.06592798233032227,15.168066193648245,15.066413659735195,102053.0,-50.0,975.0,-109.0,-3.0625,-50.1875,-17.25,-0.125,0.0,0.0,15.875,-2.3125,-96.5625,0.74298095703125,-0.0728759765625,-0.092041015625,0.65899658203125,-13.0,0.0,4.0,-39.0,973.0,-112.0,471,437.26414727989925,-13.304741904531348,
99,6.572587966918945,0.0680539608001709,14.694221882784062,15.062559907647547,102050.75,-49.0,975.0,-118.0,-2.6875,-50.1875,-16.375,0.1875,0.0,0.1875,15.875,-2.3125,-96.5625,0.74298095703125,-0.0728759765625,-0.092041015625,0.65899658203125,-9.0,2.0,-1.0,-39.0,973.0,-112.0,461,442.0113178239194,-4.998669985153331,
100,6.641515016555786,0.06892704963684082,14.508092327594854,15.056805525655328,102050.75,-49.0,976.0,-113.0,-3.375,-49.75,-18.1875,0.125,-0.0625,0.0,15.875,-2.3125,-96.5625,0.74298095703125,-0.0728759765625,-0.092041015625,0.65899658203125,-10.0,2.0,1.0,-39.0,973.0,-112.0,,442.0113178239194,-4.998669985153331,
101,6.69352912902832,0.05201411247253418,19.225551537153414,15.089200039779593,102050.75,-53.0,972.0,-107.0,-4.5625,-49.75,-17.6875,0.0,0.0625,0.0625,15.875,-2.3125,-96.5625,0.74298095703125,-0.0728759765625,-0.092041015625,0.65899658203125,-15.0,11.0,3.0,-39.0,973.0,-112.0,452,444.0090542591355,-0.658044507348376,
102,6.761531829833984,0.06800270080566406,14.705298291868846,15.085339027754662,102050.75,-56.0,977.0,-107.0,-4.1875,-50.875,-16.75,-0.0625,0.0,0.0625,15.875,-2.3125,-96.5625,0.74298095703125,-0.0728759765625,-0.092041015625,0.65899658203125,-16.0,4.0,-1.0,-39.0,973.0,-112.0,405,436.2072434073084,-12.065035635899227,
103,6.830263137817383,0.06873130798339844,14.549410295545997,15.079946104816358,102050.75,-48.0,977.0,-115.0,-4.875,-50.1875,-17.6875,0.0,0.0,0.25,15.875,-2.3125,-96.5625,0.74298095703125,-0.0728759765625,-0.092041015625,0.65899658203125,-8.0,4.0,3.0,-39.0,973.0,-112.0,457,440.36579472584674,-4.808085135459487,
104,6.893862962722778,0.06359982490539551,15.723313727474817,15.085881538748268,102050.75,-48.0,977.0,-115.0,-4.875,-49.75,-17.6875,-0.125,0.0,-0.125,15.875,-2.3125,-96.5625,0.74298095703125,-0.0728759765625,-0.092041015625,0.65899658203125,-10.0,-1.0,2.0,-39.0,973.0,-112.0,429,438.0926357806774,-7.9014357466448235,
105,6.960163831710815,0.06630086898803711,15.082758571089519,15.085851790099442,102049.75,-49.0,978.0,-110.0,-5.25,-50.875,-16.375,0.125,0.0,0.0625,15.875,-2.3125,-96.5625,0.74298095703125,-0.0728759765625,-0.092041015625,0.65899658203125,-9.0,4.0,2.0,-39.0,973.0,-112.0,443,439.07410862454196,-5.630960377171396,
106,7.029127836227417,0.06896400451660156,14.500318057360953,15.080107016077681,102049.75,-52.0,979.0,-102.0,-4.1875,-50.5,-17.25,-0.0625,0.125,0.125,15.875,-2.3125,-96.5625,0.74298095703125,-0.0728759765625,-0.092041015625,0.65899658203125,-6.0,4.0,-1.0,-39.0,973.0,-112.0,,439.07410862454196,-5.630960377171396,
107,7.0835888385772705,0.054461002349853516,18.36176267149974,15.105337483349867,102049.75,-50.0,962.0,-124.0,-4.1875,-49.75,-16.75,0.0625,0.0625,-0.1875,15.875,-2.3125,-96.5625,0.74298095703125,-0.0728759765625,-0.092041015625,0.65899658203125,-21.0,-1.0,18.0,-39.0,973.0,-112.0,447,440.65928689963357,-2.1571976115293143,
108,7.149144172668457,0.06555533409118652,15.25428882124244,15.106703318823742,102049.75,-45.0,979.0,-117.0,-3.75,-49.375,-16.75,0.0,-0.0625,-0.1875,15.875,-2.3125,-96.5625,0.74298095703125,-0.0728759765625,-0.092041015625,0.65899658203125,-12.0,0.0,6.0,-39.0,973.0,-112.0,429,438.32742951970687,-5.498560446711142,
109,7.215296030044556,0.06615185737609863,15.116733522909525,15.106795278547553,102049.75,-50.0,981.0,-111.0,-4.1875,-50.1875,-17.25,0.0,-0.0625,0.0625,15.875,-2.3125,-96.5625,0.74298095703125,-0.0728759765625,-0.092041015625,0.65899658203125,-11.0,1.0,-5.0,-39.0,973.0,-112.0,480,446.6619436157655,7.650358461265115,
110,7.280242919921875,0.06494688987731934,15.397196107295334,15.109385938069828,102049.75,-48.0,976.0,-115.0,-4.875,-50.875,-16.375,0.0625,0.0,0.125,15.875,-2.3125,-96.5625,0.74298095703125,-0.0728759765625,-0.092041015625,0.65899658203125,-8.0,2.0,-2.0,-39.0,973.0,-112.0,461,449.5295548926124,11.300639934048935,
111,7.345947980880737,0.0657050609588623,15.219527771629286,15.11037109014373,102050.25,-50.0,977.0,-109.0,-4.5625,-49.375,-16.75,0.0,-0.0625,0.0,15.875,-2.3125,-96.5625,0.74298095703125,-0.0728759765625,-0.092041015625,0.65899658203125,-9.0,1.0,3.0,-39.0,973.0,-112.0,499,459.42364391408995,25.22891220437905,
112,7.412185192108154,0.06623721122741699,15.097253967511222,15.11025387213042,102050.25,-49.0,982.0,-105.0,-4.5625,-49.375,-17.6875,-0.0625,0.125,0.1875,15.875,-2.3125,-96.5625,0.74298095703125,-0.0728759765625,-0.092041015625,0.65899658203125,-12.0,5.0,2.0,-39.0,973.0,-112.0,396,446.738915131272,3.5555637896209262,
113,7.478816032409668,0.06663084030151367,15.008065266397109,15.109343445581652,102050.25,-51.0,976.0,-118.0,-3.375,-49.75,-16.375,0.0,0.125,0.1875,15.875,-2.3125,-96.5625,0.74298095703125,-0.0728759765625,-0.092041015625,0.65899658203125,-9.0,2.0,-2.0,-39.0,973.0,-112.0,480,453.3911321050176,13.183698061479733,
114,7.544202089309692,0.06538605690002441,15.29378046957327,15.110941972450687,102050.25,-52.0,978.0,-110.0,-3.75,-50.5,-17.6875,-0.0625,-0.0625,0.0625,15.875,-2.3125,-96.5625,0.74298095703125,-0.0728759765625,-0.092041015625,0.65899658203125,-11.0,0.0,-3.0,-39.0,973.0,-112.0,438,450.31290568401414,7.157556343485017,
115,7.611752986907959,0.0675508975982666,14.803652291152689,15.108214914198788,102050.25,-48.0,976.0,-101.0,-3.75,-49.75,-16.375,0.0625,0.0625,0.125,15.875,-2.3125,-96.5625,0.74298095703125,-0.0728759765625,-0.092041015625,0.65899658203125,-6.0,2.0,0.0,-39.0,973.0,-112.0,513,462.85032454721136,25.00175965706756,
116,7.6797239780426025,0.06797099113464355,14.712158573929026,15.104709535350503,102050.25,-56.0,977.0,-116.0,-3.75,-50.1875,-17.6875,0.0625,0.0625,0.0,15.875,-2.3125,-96.5625,0.74298095703125,-0.0728759765625,-0.092041015625,0.65899658203125,-13.0,3.0,4.0,-39.0,973.0,-112.0,471,464.4802596377691,24.899570043110504,
117,7.7449951171875,0.06527113914489746,15.320707024586602,15.106529859567829,102049.75,-47.0,974.0,-110.0,-4.5625,-50.1875,-16.375,0.0,0.0,0.0,15.875,-2.3125,-96.5625,0.74298095703125,-0.0728759765625,-0.092041015625,0.65899658203125,-7.0,1.0,7.0,-39.0,973.0,-112.0,410,453.5842077102153,5.716091108126065,
118,7.811918020248413,0.06692290306091309,14.942567555531806,15.105125232259885,102049.75,-52.0,974.0,-112.0,-3.75,-49.375,-17.6875,-0.125,0.0625,-0.0625,15.875,-2.3125,-96.5625,0.74298095703125,-0.0728759765625,-0.092041015625,0.65899658203125,-15.0,1.0,-11.0,-39.0,973.0,-112.0,386,440.06736616817227,-15.053149790626225,
119,7.879070043563843,0.06715202331542969,14.891584059988071,15.103305255828667,102049.75,-48.0,976.0,-111.0,-4.1875,-51.25,-16.75,0.0,0.0625,0.1875,15.875,-2.3125,-96.5625,0.74298095703125,-0.0728759765625,-0.092041015625,0.65899658203125,-1.0,2.0,2.0,-39.0,973.0,-112.0,461,444.2538929345378,-7.313433285491347,
120,7.947623014450073,0.06855297088623047,14.587259852816382,15.098854057599418,102049.75,-54.0,977.0,-111.0,-4.875,-49.375,-16.75,0.25,0.0625,0.0625,15.875,-2.3125,-96.5625,0.74298095703125,-0.0728759765625,-0.092041015625,0.65899658203125,-13.0,0.0,2.0,-39.0,973.0,-112.0,443,444.0031143476303,-6.947907198216435,
121,8.013284921646118,0.06566190719604492,15.2295302208376,15.099924835212741,102049.75,-46.0,976.0,-105.0,-3.375,-50.1875,-16.0,-0.0625,0.0,0.0625,15.875,-2.3125,-96.5625,0.74298095703125,-0.0728759765625,-0.092041015625,0.65899658203125,-5.0,3.0,0.0,-39.0,973.0,-112.0,461,447.40249147810425,-1.0760248043370462,
122,8.080096006393433,0.06681108474731445,14.967576170662252,15.098830496997392,102050.0,-63.0,973.0,-111.0,-2.6875,-49.75,-17.25,-0.25,-0.125,0.125,15.875,-2.3125,-96.5625,0.74298095703125,-0.0728759765625,-0.092041015625,0.65899658203125,-23.0,0.0,0.0,-39.0,973.0,-112.0,400,437.92199318248345,-15.158430361457146,
123,8.145699739456177,0.06560373306274414,15.243035012101961,15.099991889488885,102050.0,-39.0,976.0,-108.0,-3.0625,-49.75,-17.25,-0.125,-0.125,0.1875,15.875,-2.3125,-96.5625,0.74298095703125,-0.0728759765625,-0.092041015625,0.65899658203125,1.0,3.0,7.0,-39.0,973.0,-112.0,485,447.3375945459868,0.7096467990762321,
124,8.21279788017273,0.06709814071655273,14.903542621611058,15.09838690896799,102050.0,-58.0,975.0,-107.0,-4.5625,-49.0,-18.1875,-0.125,0.0625,-0.0625,15.875,-2.3125,-96.5625,0.74298095703125,-0.0728759765625,-0.092041015625,0.65899658203125,-17.0,0.0,-3.0,-39.0,973.0,-112.0,400,437.87007563678947,-13.471275039244508,
125,8.280312061309814,0.06751418113708496,14.811703010505871,15.096049409063815,102050.0,-39.0,978.0,-105.0,-3.75,-49.375,-16.75,0.375,-0.125,-0.125,15.875,-2.3125,-96.5625,0.74298095703125,-0.0728759765625,-0.092041015625,0.65899658203125,-1.0,4.0,9.0,-39.0,973.0,-112.0,386,427.4960605094316,-27.48983064461209,
126,8.349080085754395,0.06876802444458008,14.54164210876665,15.091482978464574,102050.0,-58.0,974.0,-112.0,-3.75,-50.5,-16.375,0.4375,-0.0625,-0.0625,15.875,-2.3125,-96.5625,0.74298095703125,-0.0728759765625,-0.092041015625,0.65899658203125,-17.0,2.0,0.0,-39.0,973.0,-112.0,466,435.19684840754525,-13.54263742316184,
127,8.41421103477478,0.06513094902038574,15.353683848319234,15.093512567622373,102050.0,-47.0,981.0,-108.0,-3.0625,-49.0,-17.6875,0.125,-0.5625,-0.1875,15.875,-2.3125,-96.5625,0.74298095703125,-0.0728759765625,-0.092041015625,0.65899658203125,-9.0,7.0,-2.0,-39.0,973.0,-112.0,466,441.3574787260362,-2.729536659197594,
128,8.48140001296997,0.06718897819519043,14.883393480027394,15.091848020876172,102051.75,-23.0,1074.0,-171.0,-4.1875,-49.75,-17.25,1.8125,-34.5,5.0625,16.4375,-2.3125,-96.5625,0.74261474609375,-0.076171875,-0.09521484375,0.6585693359375,2380.0,2872.0,-2787.0,-40.0,973.0,-112.0,363,425.685982980829,-25.781086752927237,
129,8.546726942062378,0.06532692909240723,15.307622964879691,15.093497297208785,102051.75,43.0,-205.0,70.0,-4.1875,-50.875,-16.75,97.75,-10.4375,-50.75,18.625,-4.0,-101.1875,0.76947021484375,-0.0704345703125,-0.1029052734375,0.62640380859375,111.0,-1165.0,260.0,-68.0,959.0,-190.0,1532,646.9487863846632,315.4977789881848,
130,8.611259937286377,0.06453299522399902,15.495948956482223,15.096513279909914,102051.75,14.0,-87.0,119.0,-2.25,-52.75,-10.0,30.4375,-27.0625,-15.4375,23.875,-6.5625,-105.8125,0.794189453125,-0.0709228515625,-0.12506103515625,0.59039306640625,129.0,-1015.0,373.0,-112.0,937.0,-266.0,2633,1044.1590291077305,899.4629657122227,
131,8.675837993621826,0.06457805633544922,15.48513623274016,15.099405970501827,102051.75,17.0,-71.0,84.0,-0.75,-53.1875,-8.6875,-14.25,-41.0625,-3.1875,26.9375,-7.5625,-105.75,0.79302978515625,-0.07781982421875,-0.140869140625,0.5875244140625,152.0,-1010.0,341.0,-129.0,935.0,-264.0,3753,1585.9272232861845,1648.4520984828991,
132,8.742285013198853,0.06644701957702637,15.049583959755866,15.09902729100117,102051.75,27.0,-71.0,25.0,0.25,-52.375,-8.25,-39.5625,-57.5,10.75,30.0625,-8.0625,-103.5625,0.77972412109375,-0.09222412109375,-0.1607666015625,0.59808349609375,165.0,-1014.0,254.0,-137.0,943.0,-228.0,4737,2216.1417786289476,2432.0535749637215,
133,8.810057878494263,0.06777286529541016,14.755167804122985,15.096382093545472,102051.75,22.0,-69.0,-7.0,-2.25,-53.375,-10.375,-39.375,-71.5,29.625,34.0625,-7.375,-99.5625,0.75286865234375,-0.12640380859375,-0.189453125,0.6175537109375,140.0,-1025.0,148.0,-126.0,958.0,-162.0,5768,2926.5134229031582,3237.0134989230237,
134,8.876397132873535,0.06633925437927246,15.074031346249914,15.096215051457538,102028.25,0.0,-60.0,-20.0,-3.375,-51.875,-12.0625,-26.375,-76.3125,35.375,36.375,-6.3125,-97.5625,0.73626708984375,-0.15380859375,-0.2059326171875,0.6259765625,100.0,-1020.0,99.0,-108.0,966.0,-128.0,,2926.5134229031582,3237.0134989230237,
135,8.92962098121643,0.05322384834289551,18.788569995117296,15.11822285447212,102028.25,-18.0,-45.0,-15.0,-5.25,-50.375,-13.375,-12.0,-82.25,30.1875,39.0625,-5.1875,-96.3125,0.721923828125,-0.18365478515625,-0.22308349609375,0.62872314453125,65.0,-1017.0,79.0,-89.0,970.0,-107.0,,2926.5134229031582,3237.0134989230237,
136,8.984256029129028,0.054635047912597656,18.303269388538812,15.137591755962504,102028.25,-27.0,-37.0,-20.0,-7.5625,-50.0625,-13.0,3.8125,-93.125,13.125,44.3125,-4.4375,-95.625,0.7061767578125,-0.2249755859375,-0.2532958984375,0.6217041015625,46.0,-1008.0,78.0,-76.0,972.0,-96.0,8016,3944.4107383225264,4776.397026429837,
137,9.05123782157898,0.06698179244995117,14.929430273864357,15.136051300450802,102028.25,-26.0,-30.0,-5.0,-9.75,-50.75,-13.375,10.5,-100.75,0.875,49.25,-4.625,-95.6875,0.69677734375,-0.25311279296875,-0.2799072265625,0.6099853515625,53.0,-1003.0,91.0,-79.0,972.0,-97.0,,3944.4107383225264,4776.397026429837,
138,9.103056907653809,0.0518190860748291,19.297908854586026,15.159742644690075,102028.25,-21.0,-24.0,5.0,-12.0625,-51.875,-11.6875,11.6875,-107.1875,-11.9375,56.4375,-5.625,-95.875,0.68560791015625,-0.284423828125,-0.3170166015625,0.59039306640625,75.0,-994.0,105.0,-96.0,970.0,-99.0,9511,5057.728590658021,6447.227967842238,
139,9.169318914413452,0.06626200675964355,15.09160450916261,15.159250245021239,102028.25,-10.0,-29.0,7.0,-13.875,-51.1875,-10.375,5.0625,-110.0,-23.125,65.8125,-7.625,-95.5625,0.66998291015625,-0.3153076171875,-0.36517333984375,0.564208984375,120.0,-997.0,102.0,-130.0,967.0,-94.0,10229,6091.982872526417,7363.360829444597,
140,9.237566947937012,0.06824803352355957,14.652436830356363,15.155505858744075,101956.5,-4.0,-25.0,12.0,-13.75,-52.25,-9.5,-2.1875,-111.5,-23.75,75.5,-9.875,-94.5,0.64947509765625,-0.34234619140625,-0.41571044921875,0.53680419921875,164.0,-987.0,89.0,-169.0,962.0,-76.0,10951,7063.786298021134,8050.953576858665,
141,9.303791761398315,0.06622481346130371,15.100080283114984,15.155111336972613,101956.5,2.0,-23.0,12.0,-11.5625,-51.875,-7.0,-9.0625,-113.5,-20.125,83.3125,-11.625,-92.875,0.62738037109375,-0.36248779296875,-0.45819091796875,0.51483154296875,200.0,-982.0,61.0,-197.0,959.0,-49.0,11551,7961.229038416908,8601.003962120289,
142,9.370832920074463,0.06704115867614746,14.916209978270997,15.15340218005633,101956.5,13.0,-17.0,11.0,-11.5625,-52.6875,-6.0625,-14.375,-114.75,-17.4375,89.5625,-12.6875,-91.125,0.60504150390625,-0.37908935546875,-0.49334716796875,0.496826171875,230.0,-974.0,30.0,-216.0,956.0,-19.0,,7961.229038416908,8601.003962120289,
143,9.424077987670898,0.05324506759643555,18.781082363898516,15.173898198537886,101956.5,16.0,-19.0,6.0,-11.1875,-53.0625,-3.875,-17.6875,-115.1875,-6.25,98.8125,-13.5625,-87.75,0.56219482421875,-0.4061279296875,-0.54718017578125,0.4686279296875,246.0,-969.0,-25.0,-230.0,952.0,37.0,12653,8899.583230733528,9503.234303149049,
144,9.491765022277832,0.0676870346069336,14.77387812610074,15.171045602374479,101956.5,19.0,-18.0,9.0,-10.75,-51.5625,-4.6875,-19.8125,-115.5625,3.3125,104.75,-13.1875,-85.0,0.5250244140625,-0.42706298828125,-0.58306884765625,0.44940185546875,243.0,-970.0,-72.0,-224.0,951.0,82.0,13145,9748.666584586823,9807.33627170709,
145,9.560228824615479,0.06846380233764648,14.60625857541841,15.16700098502423,101956.5,15.0,-13.0,10.0,-10.6875,-52.6875,-5.1875,-20.0625,-116.1875,16.3125,111.0,-11.25,-81.5,0.4698486328125,-0.455078125,-0.62347412109375,0.42828369140625,205.0,-963.0,-132.0,-192.0,951.0,141.0,13591,10517.133267669458,9949.04495250629,
146,9.627624034881592,0.06739521026611328,14.837849693642191,15.164696863009112,101910.0,9.0,-8.0,5.0,-11.5,-51.1875,-4.25,-17.6875,-115.5,23.3125,115.1875,-8.9375,-79.25,0.42364501953125,-0.4781494140625,-0.649658203125,0.412109375,162.0,-959.0,-174.0,-153.0,951.0,180.0,14135,11240.706614135566,10027.76771297464,
147,9.695827960968018,0.06820392608642578,14.661912552260302,15.161160098113347,101910.0,12.0,-3.0,10.0,-13.375,-51.5625,-4.6875,-16.625,-115.875,27.5625,118.8125,-6.125,-77.375,0.375732421875,-0.5006103515625,-0.67138671875,0.396728515625,117.0,-955.0,-201.0,-105.0,951.0,212.0,14463,11885.165291308454,9969.8906185026,
148,9.817023038864136,0.12119507789611816,8.251160173824433,15.075853383871056,0,0,0,0,0,0,0,0,0,0,0,0,0,0,0,0,0,0,0,0,0,0,0,,11885.165291308454,9969.8906185026,
149,9.970724821090698,0.1537017822265625,6.506105430358383,14.94374808989071,101876.0,8.0,8.0,8.0,-21.1875,-48.1875,1.75,-10.4375,-115.9375,40.3125,133.5,11.75,-74.9375,0.1171875,-0.59942626953125,-0.72760009765625,0.31231689453125,-190.0,-918.0,-241.0,199.0,927.0,248.0,15701,12648.332233046765,9469.426015043704,
150,10.03692102432251,0.06619620323181152,15.106606590382752,14.94482218565877,101876.0,12.0,8.0,11.0,-23.0625,-48.5625,2.75,-10.25,-114.625,42.5,136.125,15.75,-75.75,0.060791015625,-0.6151123046875,-0.72930908203125,0.2933349609375,-254.0,-905.0,-219.0,266.0,914.0,231.0,15819,13282.465786437413,9480.444025222732,
151,10.156386137008667,0.11946511268615723,8.370644596695492,14.867493019960506,0,0,0,0,0,0,0,0,0,0,0,0,0,0,0,0,0,0,0,0,0,0,0,,13282.465786437413,9480.444025222732,
152,10.256293773651123,0.09990763664245605,10.009244874631005,14.82016831367436,101876.0,18.0,10.0,12.0,-27.0625,-44.75,10.875,-5.4375,-114.3125,57.0625,143.8125,29.5,-82.5,-0.134765625,-0.65203857421875,-0.7093505859375,0.23138427734375,-464.0,-835.0,-98.0,483.0,845.0,111.0,,13282.465786437413,9480.444025222732,
153,10.310178995132446,0.05388522148132324,18.557963992903,14.839703565983971,101876.0,24.0,10.0,12.0,-27.75,-42.1875,16.5625,-2.625,-115.25,62.25,145.6875,33.625,-86.125,-0.19610595703125,-0.6585693359375,-0.6942138671875,0.2142333984375,-519.0,-803.0,-41.0,543.0,814.0,64.0,,13282.465786437413,9480.444025222732,
154,10.362618923187256,0.05243992805480957,19.06943882445476,14.861108098398917,101861.0,28.0,9.0,7.0,-26.6875,-41.375,19.5625,2.25,-115.1875,68.25,147.5,38.25,-91.8125,-0.26873779296875,-0.6634521484375,-0.67041015625,0.1953125,-576.0,-759.0,26.0,607.0,769.0,-24.0,16006,13827.172629149933,9571.125004137288,
155,10.429451942443848,0.0668330192565918,14.962663831791037,14.861758878164036,101861.0,35.0,9.0,2.0,-27.5,-39.5625,21.25,7.125,-115.625,73.5625,148.8125,42.3125,-99.125,-0.341064453125,-0.66522216796875,-0.6397705078125,0.178466796875,-622.0,-705.0,116.0,660.0,723.0,-101.0,15809,14223.538103319948,9207.080838176998,
156,10.493365049362183,0.06391310691833496,15.646242972943735,14.866537022790618,101861.0,41.0,9.0,-5.0,-26.0,-37.75,23.875,12.125,-118.5,77.375,149.625,44.6875,-105.625,-0.39337158203125,-0.6641845703125,-0.613525390625,0.16650390625,-649.0,-660.0,182.0,690.0,670.0,-188.0,15701,14519.03048265596,8748.70731073375,
157,10.55922794342041,0.06586289405822754,15.18305586626558,14.86851130037672,101861.0,51.0,9.0,-9.0,-26.6875,-34.25,29.5,25.125,-125.375,83.5625,150.125,47.0,-118.625,-0.4764404296875,-0.6607666015625,-0.5604248046875,0.14935302734375,-666.0,-576.0,299.0,717.0,586.0,-320.0,15565,14728.22438612477,8191.456851985285,
158,10.627538919448853,0.06831097602844238,14.638935909562086,14.867035651203611,101861.0,61.0,7.0,-25.0,-25.1875,-32.75,33.375,37.125,-125.1875,86.5,149.625,46.9375,-130.0,-0.53717041015625,-0.6563720703125,-0.51129150390625,0.13848876953125,-655.0,-505.0,405.0,717.0,512.0,-430.0,15326,14847.779508899817,7547.32714478313,
159,10.692749977111816,0.06521105766296387,15.334822587426649,14.869888507665918,101861.0,64.0,4.0,-32.0,-23.25,-28.6875,36.875,50.0625,-119.0625,89.8125,147.5625,45.4375,-141.625,-0.5933837890625,-0.6502685546875,-0.4554443359375,0.1324462890625,-634.0,-422.0,506.0,699.0,426.0,-539.0,15082,14894.623607119855,6864.429023852043,
160,10.757202863693237,0.0644528865814209,15.515208907466661,14.873755011167251,101866.25,69.0,-3.0,-52.0,-18.5,-22.6875,40.25,71.9375,-104.4375,96.0625,139.875,41.75,-156.5625,-0.66015625,-0.63751220703125,-0.3731689453125,0.1361083984375,-581.0,-294.0,613.0,653.0,290.0,-671.0,14782,14872.098885695885,6143.038545619301,
161,10.823822021484375,0.0666191577911377,15.010697120116241,14.874597871290618,101866.25,65.0,-9.0,-69.0,-16.5,-19.1875,45.5,90.0,-95.4375,99.125,95.875,38.75,-165.6875,-0.69586181640625,-0.62738037109375,-0.31695556640625,0.1475830078125,-549.0,-198.0,663.0,614.0,188.0,-740.0,,14872.098885695885,6143.038545619301,
162,10.901571989059448,0.07774996757507324,12.861741698276946,14.860242189161275,101866.25,74.0,-19.0,-86.0,-10.1875,-8.375,48.5,122.4375,-85.8125,99.625,101.3125,32.8125,179.625,-0.74176025390625,-0.60809326171875,-0.2171630859375,0.18133544921875,-457.0,-15.0,737.0,532.0,-4.0,-823.0,14027,14703.079108556709,5311.345819510929,
163,10.967797040939331,0.06622505187988281,15.100025920912415,14.861690035981916,0,0,0,0,0,0,0,0,0,0,0,0,0,0,0,0,0,0,0,0,0,0,0,13600,14482.463286845368,4447.080774919373,
164,11.126191854476929,0.15839481353759766,6.31333802961063,14.739993894138191,101887.25,12.0,-41.0,-108.0,6.5625,16.6875,47.375,186.25,-111.375,57.25,108.875,8.1875,139.1875,-0.76092529296875,-0.5439453125,0.13848876953125,0.3255615234375,-127.0,589.0,632.0,140.0,-633.0,-735.0,12452,14076.370629476294,3745.992675696054,
165,11.193232774734497,0.06704092025756836,14.91626302500089,14.741049643177263,101887.25,22.0,-53.0,-82.0,11.375,24.1875,43.0625,197.25,-121.4375,34.625,292.1875,1.625,128.25,-0.72784423828125,-0.529052734375,0.24334716796875,0.3621826171875,-6.0,715.0,524.0,28.0,-769.0,-607.0,11865,13634.096503581037,2711.6856890258473,
166,11.26124119758606,0.0680084228515625,14.704061027597039,14.74082626305735,101887.25,2.0,-57.0,-36.0,20.375,36.25,30.25,199.0,-127.3125,5.1875,274.875,-4.3125,112.5625,-0.65655517578125,-0.51031494140625,0.37554931640625,0.40924072265625,74.0,847.0,339.0,-73.0,-902.0,-375.0,11307,13168.67720286483,1756.1617400079983,
167,11.329829931259155,0.0685887336730957,14.579653923429342,14.739850554971238,101887.25,0.0,-55.0,0.0,25.5625,40.25,22.0625,186.0625,-135.0625,-19.6875,265.5,-6.0625,98.6875,-0.57177734375,-0.49835205078125,0.47833251953125,0.44256591796875,107.0,912.0,153.0,-103.0,-963.0,-147.0,10670,12668.941762291865,851.9485883245654,
168,11.394542932510376,0.0647130012512207,15.452845342745352,14.743899864615917,101887.25,10.0,-41.0,32.0,27.0625,44.0625,11.875,167.625,-140.1875,-34.625,260.6875,-5.125,89.5,-0.5023193359375,-0.49346923828125,0.541015625,0.45989990234375,98.0,934.0,24.0,-87.0,-976.0,8.0,9980,12131.153409833492,-64.2822942747963,
169,11.460875034332275,0.06633210182189941,15.075656771512884,14.745819973932395,101887.25,31.0,-45.0,62.0,25.5,46.1875,-6.75,118.5,-145.8125,-41.75,254.625,-0.6875,77.875,-0.3873291015625,-0.4951171875,0.6185302734375,0.471435546875,45.0,910.0,-138.0,-12.0,-958.0,205.0,9282,11561.322727866795,-916.9112427680219,
170,11.527384042739868,0.06650900840759277,15.035557196577274,14.747491657230656,101920.75,59.0,-48.0,87.0,23.25,46.0625,-14.1875,77.25,-151.1875,-25.5,250.5625,2.625,73.4375,-0.3216552734375,-0.50439453125,0.6539306640625,0.46319580078125,19.0,887.0,-195.0,45.0,-939.0,278.0,,11561.322727866795,-916.9112427680219,
171,11.581192970275879,0.05380892753601074,18.58427673234644,14.76531825683987,101920.75,59.0,-55.0,105.0,20.25,45.0,-21.0,26.25,-158.5,21.0,242.75,5.875,71.0,-0.24713134765625,-0.52667236328125,0.6942138671875,0.42376708984375,-42.0,864.0,-209.0,101.0,-922.0,316.0,8035,10856.058182293436,-2135.9032669360045,
172,11.647758960723877,0.06656599044799805,15.02268640892843,14.766789094793447,101920.75,73.0,-68.0,100.0,14.0,43.375,-27.375,-10.625,-168.0625,62.0,233.3125,6.5,71.9375,-0.1993408203125,-0.55340576171875,0.72259521484375,0.363037109375,-38.0,857.0,-201.0,111.0,-926.0,301.0,7239,10132.646545834748,-3009.0715561512648,
173,11.715736150741577,0.0679771900177002,14.71081696286086,14.76646433259335,101920.75,59.0,-82.0,50.0,11.5625,43.0,-29.5,-31.0625,-177.0,107.9375,216.5625,3.625,75.25,-0.15338134765625,-0.5911865234375,0.75177001953125,0.24859619140625,-11.0,861.0,-205.0,71.0,-943.0,256.0,6517,9409.5172366678,-3771.9466912996386,
174,11.782458782196045,0.06672263145446777,14.987418484572368,14.767715569090193,101920.75,23.0,-72.0,52.0,9.375,41.75,-29.0625,-28.6875,-183.5,119.1875,204.125,0.1875,77.0625,-0.12762451171875,-0.6097412109375,0.76495361328125,0.16351318359375,18.0,889.0,-168.0,4.0,-955.0,219.0,,9409.5172366678,-3771.9466912996386,
175,11.835166931152344,0.05270814895629883,18.97239838244208,14.786441206787519,101920.75,-13.0,-54.0,41.0,8.5625,41.75,-30.75,-24.6875,-186.9375,106.9375,188.8125,-3.875,78.125,-0.09197998046875,-0.6240234375,0.773681640625,0.0596923828125,52.0,903.0,-158.0,-66.0,-957.0,200.0,4995,8526.61378933424,-5069.831615774051,
176,11.901378154754639,0.06621122360229492,15.1031795758165,14.788203324981103,101964.25,-59.0,-51.0,48.0,6.375,42.1875,-29.0625,-29.75,-185.8125,80.4375,174.4375,-7.0,78.625,-0.04852294921875,-0.63232421875,0.77227783203125,-0.0374755859375,60.0,902.0,-142.0,-120.0,-954.0,191.0,4184,7658.091031467393,-5874.593971971285,
177,11.971359968185425,0.06998181343078613,14.28942679499191,14.78528759225248,101964.25,-66.0,-59.0,42.0,5.5625,42.1875,-30.75,-43.125,-186.3125,34.375,160.1875,-8.125,79.25,0.017578125,-0.63836669921875,0.758056640625,-0.13232421875,71.0,886.0,-126.0,-139.0,-953.0,180.0,,7658.091031467393,-5874.593971971285,
178,12.025102853775024,0.05374288558959961,18.607114021311897,14.802368192977301,101964.25,-48.0,-72.0,30.0,1.875,42.5625,-29.0625,-55.5625,-184.6875,5.4375,150.0,-7.25,80.75,0.08563232421875,-0.6427001953125,0.7354736328125,-0.19677734375,79.0,889.0,-106.0,-124.0,-960.0,156.0,2947,6715.872825173914,-7040.330734520031,
179,12.088657855987549,0.06355500221252441,15.73440272499803,14.807268278450016,101964.25,-35.0,-94.0,22.0,-1.0625,45.875,-27.875,-62.75,-190.9375,-5.9375,140.3125,-5.5625,83.0,0.16259765625,-0.6427001953125,0.70428466796875,-0.25384521484375,59.0,874.0,-96.0,-95.0,-968.0,118.0,2582,5889.0982601391315,-7637.178057972262,
180,12.156048774719238,0.06739091873168945,14.838794585683052,14.807443054551035,101964.25,-1688.0,1182.0,831.0,-6.25,46.25,-27.0,-142.375,-228.5625,357.8125,127.125,-8.4375,85.75,0.209716796875,-0.64764404296875,0.65606689453125,-0.3258056640625,-1544.0,2149.0,760.0,-143.0,-967.0,71.0,,5889.0982601391315,-7637.178057972262,
181,12.212216138839722,0.0561673641204834,17.803933220987933,14.821224742685953,101964.25,42.0,-69.0,32.0,-8.1875,50.75,-15.0,-136.875,-199.5,216.625,92.75,-24.625,93.8125,0.23583984375,-0.6890869140625,0.49627685546875,-0.4725341796875,449.0,811.0,86.0,-409.0,-889.0,-59.0,2637,5238.678608111305,-8031.463057207199,
182,12.280731916427612,0.06851577758789062,14.595178442180279,14.819963601399309,102096.5,51.0,-71.0,30.0,-0.375,53.0625,-6.75,-92.25,-197.9375,238.125,60.9375,-41.125,93.375,0.22698974609375,-0.686279296875,0.35064697265625,-0.59539794921875,693.0,659.0,76.0,-645.0,-737.0,-44.0,2820,4754.942886489044,-7934.337669079853,
183,12.348228931427002,0.06749701499938965,14.815469987954915,14.819939038727549,102096.5,57.0,-63.0,30.0,18.75,50.375,-0.875,-50.25,-197.8125,249.9375,36.125,-55.3125,84.125,0.19390869140625,-0.65826416015625,0.22576904296875,-0.69140625,863.0,490.0,-26.0,-806.0,-554.0,56.0,2994,4402.754309191236,-7662.687831877491,
184,12.43818712234497,0.08995819091796875,11.116275125095411,14.793152586476806,102096.5,44.0,-51.0,24.0,26.5,45.0625,-4.75,18.4375,-199.5625,247.4375,7.5,-67.0625,35.75,0.1029052734375,-0.57562255859375,0.05316162109375,-0.80950927734375,947.0,171.0,-285.0,-903.0,-223.0,310.0,3135,4149.203447352989,-7178.273162529642,
185,12.526233911514282,0.08804678916931152,11.357597584586848,14.769004100262372,102096.5,43.0,-34.0,8.0,40.1875,30.75,-14.6875,87.0,-206.875,218.0625,347.625,-50.5625,-14.875,-0.04425048828125,-0.43731689453125,-0.0968017578125,-0.89300537109375,802.0,-191.0,-568.0,-783.0,123.0,576.0,3275,3974.3627578823916,-6659.022865518554,
186,12.591417789459229,0.06518387794494629,15.341216747561274,14.771966359158371,102096.5,38.0,-24.0,7.0,43.1875,20.6875,-22.75,114.0625,-210.4375,194.8125,341.3125,-37.625,-25.625,-0.12921142578125,-0.355712890625,-0.14996337890625,-0.91339111328125,638.0,-360.0,-692.0,-599.0,336.0,699.0,3359,3851.2902063059137,-6181.928847907715,
187,12.657757043838501,0.06633925437927246,15.074031346249914,14.773549480555657,102101.5,35.0,-10.0,14.0,34.5,1.1875,-38.375,144.5625,-218.625,149.8125,335.25,-16.6875,-34.6875,-0.23529052734375,-0.2515869140625,-0.19207763671875,-0.9189453125,402.0,-530.0,-733.0,-364.0,518.0,747.0,3495,3780.0321650447313,-5671.150557881287,
188,12.721458911895752,0.06370186805725098,15.698126766098396,14.778179240448786,102101.5,35.0,-2.0,10.0,27.75,-8.5,-44.0,157.375,-224.4375,116.6875,333.375,-2.0,-45.9375,-0.375244140625,-0.1087646484375,-0.2117919921875,-0.89581298828125,72.0,-706.0,-667.0,-35.0,704.0,681.0,3617,3747.425732035785,-5155.221493969631,
189,12.78770399093628,0.06624507904052734,15.095460892849431,14.779822877817644,102101.5,38.0,3.0,18.0,17.25,-17.0625,-45.25,163.0,-225.75,87.875,333.3125,10.625,-55.875,-0.4737548828125,-0.0042724609375,-0.20294189453125,-0.85699462890625,-143.0,-794.0,-522.0,181.0,797.0,540.0,3716,3741.1405856286283,-4649.187062752176,
190,12.853742122650146,0.06603813171386719,15.14276636917656,14.78168755736842,102101.5,45.0,4.0,14.0,-4.5625,-31.6875,-41.875,164.0,-227.0,66.4375,334.8125,20.625,-68.125,-0.56304931640625,0.0947265625,-0.17864990234375,-0.80133056640625,-300.0,-847.0,-326.0,346.0,851.0,341.0,3786,3750.1124685029026,-4170.682443851283,
191,12.92175006866455,0.0680079460144043,14.704164125000876,14.781279546891875,102101.5,-213.0,-1188.0,535.0,-14.0,-36.1875,-35.75,189.5,-67.75,360.0,327.25,37.6875,-87.3125,-0.64605712890625,0.2532958984375,-0.202880859375,-0.69085693359375,-533.0,-1015.0,-36.0,600.0,774.0,36.0,4015,3803.089974802322,-3675.7152047101617,
192,12.988281965255737,0.06653189659118652,15.030384691189909,14.78255557691225,102101.5,62.0,-204.0,0.0,-25.1875,-37.25,-26.75,209.25,-54.3125,343.5625,299.8125,57.75,-104.75,-0.66180419921875,0.36065673828125,-0.32940673828125,-0.5687255859375,-767.0,-709.0,134.0,829.0,505.0,-133.0,4086,3859.671979841858,-3223.0987540048386,
193,13.054226875305176,0.06594491004943848,15.164172629097628,14.7844833588039,102096.75,55.0,-198.0,5.0,-45.75,-23.5,-13.5625,238.8125,-52.8125,318.75,267.125,71.875,-147.8125,-0.6610107421875,0.44110107421875,-0.439697265625,-0.41845703125,-874.0,-361.0,258.0,932.0,162.0,-258.0,4142,3916.1375838734866,-2815.163461890166,
194,13.120814085006714,0.06658720970153809,15.017899150336392,14.785667927547708,102096.75,51.0,-196.0,-1.0,-50.1875,-12.1875,-8.0,255.875,-50.4375,289.0625,217.8125,64.0,133.5,-0.63262939453125,0.5006103515625,-0.55902099609375,-0.191650390625,-831.0,114.0,296.0,881.0,-311.0,-295.0,4062,3945.3100670987897,-2489.8361745969014,
195,13.187142848968506,0.06632876396179199,15.076415423270058,14.787130330908097,0,0,0,0,0,0,0,0,0,0,0,0,0,0,0,0,0,0,0,0,0,0,0,4756,4107.448053679032,-1996.4065929795802,
196,13.356258153915405,0.16911530494689941,5.9131253691911,14.674768766920122,0,0,0,0,0,0,0,0,0,0,0,0,0,0,0,0,0,0,0,0,0,0,0,,4107.448053679032,-1996.4065929795802,
197,13.469061851501465,0.11280369758605957,8.864957633477268,14.626111467298623,0,0,0,0,0,0,0,0,0,0,0,0,0,0,0,0,0,0,0,0,0,0,0,4372,4160.358442943225,-1749.861097761836,
198,13.581575870513916,0.11251401901245117,8.887781351845025,14.578573347284761,102054.75,185.0,-223.0,-1037.0,26.5,-7.6875,44.0625,-79.9375,582.9375,-102.1875,217.4375,-2.4375,169.875,0.943115234375,-0.32000732421875,0.00775146484375,-0.090087890625,296.0,-112.0,-400.0,-42.0,-171.0,-964.0,,4160.358442943225,-1749.861097761836,
199,13.635258913040161,0.05368304252624512,18.627856264128653,14.594515679470168,0,0,0,0,0,0,0,0,0,0,0,0,0,0,0,0,0,0,0,0,0,0,0,,4160.358442943225,-1749.861097761836,
200,13.787417888641357,0.1521589756011963,6.5720736883834405,14.505979409296662,0,0,0,0,0,0,0,0,0,0,0,0,0,0,0,0,0,0,0,0,0,0,0,,4160.358442943225,-1749.861097761836,
201,13.93959093093872,0.15217304229736328,6.571466173659637,14.419361442944743,102055.25,1002.0,-44.0,-143.0,-48.0,-15.75,4.5625,1.625,76.875,-5.5,195.5625,72.8125,156.1875,0.7701416015625,-0.20477294921875,0.5985107421875,0.08184814453125,65.0,72.0,121.0,936.0,-116.0,-264.0,,4160.358442943225,-1749.861097761836,
202,14.035749912261963,0.09615898132324219,10.399444609739165,14.391820975915795,0,0,0,0,0,0,0,0,0,0,0,0,0,0,0,0,0,0,0,0,0,0,0,,4160.358442943225,-1749.861097761836,
203,14.181105852127075,0.1453559398651123,6.879663816476864,14.314821574338033,0,0,0,0,0,0,0,0,0,0,0,0,0,0,0,0,0,0,0,0,0,0,0,4732,4274.6867543545795,-1496.2209532640927,
204,14.317346096038818,0.13624024391174316,7.339975115192857,14.248450699703398,0,0,0,0,0,0,0,0,0,0,0,0,0,0,0,0,0,0,0,0,0,0,0,,4274.6867543545795,-1496.2209532640927,
205,14.472089767456055,0.15474367141723633,6.4622998203506095,14.165196823266768,0,0,0,0,0,0,0,0,0,0,0,0,0,0,0,0,0,0,0,0,0,0,0,,4274.6867543545795,-1496.2209532640927,
206,14.627609014511108,0.1555192470550537,6.430072283246077,14.082957768124693,0,0,0,0,0,0,0,0,0,0,0,0,0,0,0,0,0,0,0,0,0,0,0,,4274.6867543545795,-1496.2209532640927,
207,14.781991958618164,0.15438294410705566,6.477399467823063,14.003525409802116,0,0,0,0,0,0,0,0,0,0,0,0,0,0,0,0,0,0,0,0,0,0,0,,4274.6867543545795,-1496.2209532640927,
208,14.934807062149048,0.1528151035308838,6.543855789738093,13.92719699253147,102058.25,936.0,-64.0,-201.0,-48.25,-16.5,2.5,0.25,0.25,-0.0625,200.25,75.375,160.4375,0.7593994140625,-0.20587158203125,0.6075439453125,0.108642578125,-13.0,16.0,28.0,948.0,-82.0,-233.0,,4274.6867543545795,-1496.2209532640927,
209,15.031785011291504,0.09697794914245605,10.311622475445906,13.903871020175208,0,0,0,0,0,0,0,0,0,0,0,0,0,0,0,0,0,0,0,0,0,0,0,,4274.6867543545795,-1496.2209532640927,
210,15.197473049163818,0.16568803787231445,6.035438724735447,13.818086685901669,0,0,0,0,0,0,0,0,0,0,0,0,0,0,0,0,0,0,0,0,0,0,0,,4274.6867543545795,-1496.2209532640927,
211,15.351006031036377,0.1535329818725586,6.513258505133828,13.745027496791034,0,0,0,0,0,0,0,0,0,0,0,0,0,0,0,0,0,0,0,0,0,0,0,,4274.6867543545795,-1496.2209532640927,
212,15.50367784500122,0.15267181396484375,6.549997501374244,13.67417474224377,102058.75,945.0,-64.0,-203.0,-48.0,-15.375,0.75,0.0,0.125,0.0625,200.1875,75.9375,161.1875,0.7584228515625,-0.19903564453125,0.61102294921875,0.10882568359375,-6.0,11.0,21.0,951.0,-76.0,-225.0,,4274.6867543545795,-1496.2209532640927,
213,15.65347409248352,0.1497962474822998,6.675734651618438,13.607203023530621,0,0,0,0,0,0,0,0,0,0,0,0,0,0,0,0,0,0,0,0,0,0,0,,4274.6867543545795,-1496.2209532640927,
214,15.805377960205078,0.15190386772155762,6.583110851614503,13.539695193548114,102057.75,946.0,-64.0,-205.0,-46.875,-16.5,1.1875,-0.0625,-0.125,0.0625,200.1875,76.0625,161.3125,0.75799560546875,-0.19805908203125,0.61175537109375,0.10919189453125,-7.0,9.0,15.0,951.0,-75.0,-223.0,,4274.6867543545795,-1496.2209532640927,
215,15.933987140655518,0.12860918045043945,7.775494692506479,13.493170171540315,102057.75,946.0,-66.0,-213.0,-48.25,-16.1875,2.0625,-0.0625,0.125,-0.0625,200.0625,76.125,161.375,0.75799560546875,-0.19647216796875,0.6124267578125,0.1085205078125,-5.0,9.0,12.0,952.0,-74.0,-221.0,,4274.6867543545795,-1496.2209532640927,
216,16.041200876235962,0.10721373558044434,9.327163115678239,13.465326048001215,0,0,0,0,0,0,0,0,0,0,0,0,0,0,0,0,0,0,0,0,0,0,0,,4274.6867543545795,-1496.2209532640927,
217,16.141653060913086,0.10045218467712402,9.954985082845392,13.443480613857584,0,0,0,0,0,0,0,0,0,0,0,0,0,0,0,0,0,0,0,0,0,0,0,,4274.6867543545795,-1496.2209532640927,
218,16.294108867645264,0.15245580673217773,6.559277874910469,13.3790685806007,0,0,0,0,0,0,0,0,0,0,0,0,0,0,0,0,0,0,0,0,0,0,0,,4274.6867543545795,-1496.2209532640927,
219,16.416383028030396,0.12227416038513184,8.178342806446267,13.340332010167234,102060.25,1907.0,-1378.0,927.0,-47.5625,-15.75,-1.375,222.375,132.75,23.625,186.25,81.4375,46.875,0.66119384765625,-0.10943603515625,0.74102783203125,0.04052734375,996.0,-1248.0,898.0,969.0,-106.0,99.0,4821,4383.949403483663,-1257.240117885873,
220,16.482764959335327,0.06638193130493164,15.06434025557958,13.347275201870717,102058.0,1895.0,-1479.0,1207.0,-48.375,-15.0,-9.5,295.75,197.125,-47.375,175.375,73.1875,7.625,0.59722900390625,-6.103515625e-05,0.8013916015625,-0.0321044921875,956.0,-1442.0,926.0,938.0,-37.0,281.0,4193,4345.7595227869315,-1189.0466418108417,
221,16.546969175338745,0.06420421600341797,15.575301160079022,13.355920208600724,102058.0,1625.0,-1099.0,1249.0,-44.25,-22.1875,-15.5,325.0625,318.125,-35.5,165.5,57.9375,-14.8125,0.4735107421875,0.13909912109375,0.86279296875,-0.109619140625,794.0,-1233.0,746.0,831.0,133.0,502.0,4170,4310.607618229546,-1124.8921276129215,
222,16.613322973251343,0.06635379791259766,15.07072739554738,13.36276916769969,102058.0,1244.0,-479.0,942.0,-38.6875,-28.5,-18.875,232.5625,474.25,67.75,149.625,29.1875,-25.0,0.197998046875,0.2557373046875,0.91326904296875,-0.24774169921875,720.0,-763.0,165.0,478.0,361.0,775.0,3842,4216.886094583637,-1153.6480682479132,
223,16.680857181549072,0.06753420829772949,14.807310623846021,13.368617546025357,102058.0,847.0,-225.0,917.0,-32.375,-33.6875,-25.75,174.875,449.1875,152.5,134.3125,7.75,-30.25,-0.0357666015625,0.26641845703125,0.8878173828125,-0.37353515625,714.0,-715.0,79.0,132.0,490.0,838.0,3584,4090.30887566691,-1225.7100812633753,
224,16.747206926345825,0.06634974479675293,15.071648023112497,13.375364679325422,102058.0,697.0,-260.0,713.0,-16.0625,-37.6875,-31.25,172.1875,264.25,221.5,116.6875,-2.3125,-39.4375,-0.195556640625,0.275634765625,0.80120849609375,-0.4937744140625,737.0,-882.0,-42.0,-40.0,622.0,756.0,3476,3967.447100533528,-1288.3120161675504,
225,16.81373381614685,0.06652688980102539,15.031515872617673,13.381917571689174,102052.25,586.0,-323.0,181.0,-17.1875,-39.5,-29.5625,201.1875,58.875,267.125,92.875,5.3125,-54.8125,-0.2784423828125,0.36865234375,0.64276123046875,-0.611083984375,501.0,-1110.0,-483.0,90.0,798.0,562.0,3415,3856.9576804268227,-1325.563161759822,
226,16.88307499885559,0.06934118270874023,14.421444240436257,13.386187055102182,102052.25,543.0,-666.0,33.0,-22.375,-39.5,-25.75,125.3125,53.0,262.375,74.75,17.0,-62.1875,-0.29083251953125,0.43890380859375,0.51611328125,-0.675537109375,256.0,-1495.0,-403.0,287.0,829.0,436.0,3308,3747.166144341458,-1351.3420971565326,
227,16.949862957000732,0.0667879581451416,14.972758978899007,13.392438663124596,102052.25,805.0,-284.0,334.0,-35.5,-31.6875,-19.75,38.125,182.75,259.375,54.4375,26.5625,-61.0625,-0.28997802734375,0.44708251953125,0.38726806640625,-0.75238037109375,365.0,-1051.0,-88.0,439.0,767.0,423.0,3083,3614.332915473167,-1415.0958794642652,
228,17.017018795013428,0.06715583801269531,14.890738163537732,13.398351541270664,102052.25,1077.0,564.0,997.0,-38.75,-26.0,-26.5625,-34.5,2.125,144.0625,31.75,28.9375,-47.6875,-0.27484130859375,0.3609619140625,0.243896484375,-0.857177734375,718.0,-127.0,591.0,475.0,634.0,577.0,3420,3575.4663323785335,-1331.4615027351954,
229,17.08392095565796,0.06690216064453125,14.947200364921883,13.404416971629592,102052.25,1072.0,758.0,994.0,-35.1875,-17.0625,-33.375,77.9375,-2.625,-17.25,28.125,31.375,-48.3125,-0.27764892578125,0.3731689453125,0.21551513671875,-0.85858154296875,561.0,132.0,438.0,511.0,625.0,556.0,3411,3542.573065902827,-1247.4815769285915,
230,17.149884939193726,0.0659639835357666,15.159787908469566,13.411168693870728,102052.25,-3.0,142.0,151.0,-37.0625,-16.6875,-32.0625,70.9375,-1.1875,-111.375,31.625,27.75,-55.1875,-0.32958984375,0.372802734375,0.23651123046875,-0.83453369140625,-381.0,-569.0,-343.0,457.0,712.0,494.0,3697,3573.458452722262,-1075.9118278703645,
231,17.216733932495117,0.0668489933013916,14.959088396312213,13.417178943795326,102047.5,741.0,965.0,539.0,-36.25,-22.5625,-30.0,-3.9375,36.3125,-74.125,38.625,19.375,-59.6875,-0.383544921875,0.33941650390625,0.2841796875,-0.810546875,108.0,99.0,-113.0,325.0,798.0,466.0,3495,3557.7667621778096,-991.7939836775319,
232,17.282607793807983,0.06587386131286621,15.180528058777755,13.423900071557547,102047.5,278.0,970.0,326.0,-31.875,-27.75,-29.5,113.4375,-197.9375,57.1875,40.0625,22.25,-62.0,-0.37652587890625,0.37579345703125,0.29022216796875,-0.79547119140625,-93.0,169.0,-99.0,371.0,801.0,425.0,3683,3582.8134097422476,-854.5924516967518,
233,17.35095977783203,0.06835198402404785,14.630153232248185,13.428651958359442,102047.5,96.0,335.0,-609.0,-34.0625,-27.375,-24.875,55.0,-90.5625,103.8125,33.75,27.8125,-70.625,-0.41217041015625,0.41302490234375,0.244140625,-0.76934814453125,-426.0,-499.0,-1118.0,422.0,826.0,317.0,3397,3545.6507277937985,-823.5027796697881,
234,17.41657280921936,0.0656130313873291,15.240874851472197,13.435479101613693,102047.5,518.0,784.0,-141.0,-37.375,-29.25,-21.375,9.875,-78.8125,201.125,27.0,38.6875,-73.5,-0.3717041015625,0.501220703125,0.1827392578125,-0.75970458984375,-56.0,28.0,-355.0,613.0,733.0,216.0,3271,3490.720582235039,-824.8708491062301,
235,17.484766960144043,0.06819415092468262,14.66401423641824,13.440270638760863,102047.5,744.0,640.0,99.0,-41.875,-24.375,-18.875,0.4375,59.0,192.625,15.375,50.0,-70.0625,-0.31768798828125,0.5382080078125,0.1044921875,-0.77362060546875,-7.0,47.0,-114.0,751.0,592.0,214.0,3303,3453.1764657880312,-797.4385100028735,
236,17.550940990447998,0.06617403030395508,15.11166836003084,13.446572473147832,102047.5,1116.0,706.0,349.0,-47.875,-8.75,-19.75,28.25,159.75,144.375,2.0,55.125,-56.3125,-0.2840576171875,0.51104736328125,0.01446533203125,-0.8111572265625,200.0,178.0,-1.0,804.0,466.0,310.0,3060,3374.541172630425,-836.5257061617408,
237,17.616766929626465,0.0658259391784668,15.191579679384557,13.453092780686815,102047.25,1368.0,896.0,472.0,-44.875,-3.5625,-25.25,76.75,125.625,71.4375,348.0625,53.375,-41.25,-0.27862548828125,0.4453125,-0.088134765625,-0.8463134765625,601.0,503.0,66.0,787.0,385.0,439.0,3088,3317.23293810434,-839.9333966543545,
238,17.68390989303589,0.06714296340942383,14.893593449282362,13.458562130184056,102047.25,1279.0,620.0,576.0,-41.1875,-0.25,-31.75,108.4375,54.3125,27.8125,340.875,51.0625,-39.375,-0.30303955078125,0.40673828125,-0.14306640625,-0.849853515625,516.0,229.0,100.0,762.0,391.0,476.0,2849,3223.5863504834724,-895.4134773826992,
239,17.75177502632141,0.06786513328552246,14.735106992169248,13.463442368192657,102047.25,901.0,295.0,623.0,-37.75,-3.5625,-35.25,74.9375,83.8125,-35.3125,336.75,46.8125,-44.25,-0.3558349609375,0.35858154296875,-0.173583984375,-0.84539794921875,145.0,-197.0,120.0,715.0,467.0,480.0,2773,3133.469080386778,-938.66089131613,
240,17.816627025604248,0.06485199928283691,15.419725082625943,13.47056317983737,102047.25,399.0,183.0,442.0,-35.1875,-8.0625,-36.875,38.0625,118.625,-40.0,335.4375,40.9375,-44.6875,-0.375732421875,0.3009033203125,-0.18603515625,-0.8565673828125,-335.0,-319.0,-119.0,642.0,521.0,526.0,2717,3050.175264309423,-973.2315766840795,
241,17.882431983947754,0.06580495834350586,15.196423266160881,13.476914114161582,102047.25,302.0,-33.0,269.0,-30.375,-10.0,-38.6875,-18.875,77.25,-27.875,335.5625,35.8125,-43.25,-0.37408447265625,0.2548828125,-0.18865966796875,-0.87152099609375,-271.0,-578.0,-309.0,574.0,545.0,578.0,2666,2973.3402114475384,-992.6702175123758,
242,17.947739839553833,0.0653078556060791,15.312093632835744,13.483591926526161,102050.5,31.0,38.0,34.0,-24.75,-11.5,-43.375,-73.375,-25.25,36.8125,335.6875,36.1875,-39.1875,-0.345458984375,0.2608642578125,-0.189697265625,-0.8812255859375,-547.0,-461.0,-578.0,579.0,500.0,613.0,2609,2900.472169158031,-1004.9794243989752,
243,18.01348900794983,0.0657491683959961,15.209317842275503,13.489890819749448,102050.5,319.0,915.0,565.0,-25.875,-7.6875,-45.0625,-75.125,51.5625,68.625,334.1875,38.875,-30.75,-0.28924560546875,0.28668212890625,-0.2037353515625,-0.89031982421875,-306.0,-51.0,-314.0,616.0,390.0,655.0,2427,2805.777735326425,-1048.505256163,
244,18.08033585548401,0.06684684753417969,14.95956857933632,13.495324531042465,102050.5,455.0,-601.0,620.0,-26.25,-4.375,-45.0625,-137.875,-8.125,95.625,330.0,35.75,-19.5,-0.21966552734375,0.2635498046875,-0.24267578125,-0.90740966796875,-117.0,-867.0,-129.0,573.0,265.0,749.0,2329,2710.4221882611405,-1086.3025151210256,
245,18.146013975143433,0.06567811965942383,15.225770853147665,13.501587750103308,102050.5,679.0,-573.0,766.0,-22.5,8.375,-44.6875,-116.3125,-72.1875,73.375,328.75,41.875,-9.0625,-0.1572265625,0.3282470703125,-0.25048828125,-0.8970947265625,24.0,-689.0,45.0,654.0,115.0,720.0,2235,2615.3377506089123,-1122.4456495482464,
246,18.217147827148438,0.07113385200500488,14.058004337086109,13.503760431333493,102050.5,602.0,-887.0,911.0,-24.75,14.25,-43.0,-159.375,-61.125,-46.5,332.5625,48.125,0.6875,-0.09234619140625,0.397216796875,-0.21636962890625,-0.88702392578125,-121.0,-970.0,379.0,730.0,-7.0,654.0,2253,2542.8702004871298,-1112.0759979844242,
247,18.28395700454712,0.06680917739868164,14.96800348300252,13.509110743291098,102050.5,396.0,-786.0,1221.0,-28.5,19.1875,-39.5625,-312.3125,79.8125,-73.875,343.125,46.5625,9.875,0.00555419921875,0.4019775390625,-0.1341552734375,-0.90576171875,-315.0,-670.0,557.0,712.0,-115.0,663.0,2052,2444.696160389704,-1147.8153355978518,
248,18.3496310710907,0.0656740665435791,15.226710521061364,13.51525810187632,102049.25,688.0,-1040.0,1745.0,-30.0,31.5,-29.1875,-426.875,116.375,-7.375,355.8125,41.125,28.5,0.18408203125,0.36785888671875,-0.03289794921875,-0.910888671875,32.0,-741.0,1097.0,645.0,-352.0,648.0,1972,2350.1569283117633,-1176.9859540114905,
249,18.41547179222107,0.0658407211303711,15.188169005924188,13.521239249769359,102049.25,651.0,-555.0,1371.0,-27.0,40.875,-19.75,-259.875,41.25,43.5,5.4375,34.375,53.9375,0.40216064453125,0.30914306640625,0.04119873046875,-0.86077880859375,84.0,171.0,865.0,554.0,-654.0,475.0,1986,2277.3255426494106,-1169.904898047887,
250,18.481707096099854,0.06623530387878418,15.097688716429515,13.526888977304312,102049.25,535.0,-248.0,986.0,-24.375,46.75,-9.5,-117.0,147.125,-17.4375,11.375,31.1875,61.25,0.47491455078125,0.26251220703125,0.08355712890625,-0.8358154296875,27.0,486.0,583.0,508.0,-735.0,403.0,2028,2227.4604341195286,-1128.1991968826117,
251,18.54808497428894,0.06637787818908691,15.065260102942075,13.532394333319704,102049.25,532.0,-323.0,635.0,-23.5625,48.5625,-1.875,-44.8125,72.75,-13.4375,18.125,28.875,61.3125,0.49517822265625,0.2117919921875,0.13275146484375,-0.83209228515625,57.0,429.0,223.0,474.0,-752.0,411.0,2019,2185.7683472956232,-1078.1894904180083,
252,18.616675853729248,0.06859087944030762,14.579197819883138,13.536251153533405,102049.25,592.0,-104.0,752.0,-24.0,47.75,-0.1875,0.25,-32.8125,0.875,18.75,28.75,62.8125,0.50689697265625,0.20782470703125,0.13629150390625,-0.82537841796875,157.0,661.0,354.0,471.0,-765.0,392.0,1967,2142.014677836499,-1034.159881615243,
253,18.681140899658203,0.06446504592895508,15.51228244065891,13.543070059742924,102049.25,706.0,-89.0,816.0,-24.5,46.5625,0.6875,25.4375,-4.5625,23.375,16.8125,28.8125,62.75,0.502685546875,0.21673583984375,0.12249755859375,-0.827880859375,233.0,674.0,423.0,472.0,-764.0,392.0,1906,2094.8117422691994,-1003.9664203085359,
254,18.744443893432617,0.06330299377441406,15.797041188345537,13.550682081797717,102050.0,1021.0,-218.0,1159.0,-22.5625,47.6875,-1.0625,58.5625,27.3125,5.875,15.625,27.3125,60.0625,0.4859619140625,0.20623779296875,0.11553955078125,-0.8414306640625,570.0,537.0,725.0,450.0,-755.0,434.0,1748,2025.4493938153596,-1013.1417658222506,
255,18.812541007995605,0.06809711456298828,14.6849100203067,13.554787728655118,102050.0,967.0,-295.0,1184.0,-21.875,48.75,-4.0625,150.6875,47.5,-42.8125,16.1875,27.375,50.125,0.4176025390625,0.20263671875,0.12506103515625,-0.87689208984375,477.0,368.0,553.0,450.0,-668.0,558.0,1654,1951.1595150522878,-1020.9216077455458,
256,18.879101991653442,0.06656098365783691,15.023816431869388,13.559967000187775,102050.0,826.0,-651.0,1240.0,-23.6875,47.25,-7.5,192.625,-2.9375,-52.6875,16.5,28.875,38.125,0.32904052734375,0.21807861328125,0.1322021484375,-0.90924072265625,352.0,-121.0,565.0,474.0,-530.0,675.0,1480,1856.9276120418303,-1060.4017282564746,
257,18.942008018493652,0.06290602684020996,15.896728027985915,13.567727336462067,102050.0,582.0,-738.0,1283.0,-26.0,39.5,-21.25,176.75,-6.125,-31.0,16.0625,29.8125,26.125,0.23773193359375,0.23309326171875,0.1319580078125,-0.93365478515625,93.0,-363.0,520.0,488.0,-375.0,763.0,1359,1757.3420896334644,-1112.669951955896,
258,19.008739948272705,0.06673192977905273,14.985330160703695,13.57270396155028,102050.0,469.0,-731.0,1162.0,-27.5,36.875,-28.5625,201.125,43.3125,-9.6875,13.875,28.9375,12.8125,0.13092041015625,0.2374267578125,0.11669921875,-0.9554443359375,-59.0,-520.0,245.0,474.0,-190.0,836.0,1350,1675.8736717067716,-1123.4860707904747,
259,19.076156854629517,0.06741690635681152,14.833074580838641,13.577158228133584,102048.25,264.0,-635.0,485.0,-27.0625,30.1875,-33.6875,232.5625,-39.375,23.25,9.1875,29.5625,-2.4375,0.00103759765625,0.2562255859375,0.07745361328125,-0.9635009765625,-219.0,-672.0,-366.0,484.0,36.0,851.0,1355,1611.6989373654174,-1106.3283257805087,
260,19.14674210548401,0.07058525085449219,14.167265652444133,13.57933368338057,102048.25,177.0,-479.0,89.0,-26.6875,16.25,-40.0625,156.125,-99.75,38.5625,4.3125,34.3125,-12.8125,-0.08514404296875,0.300537109375,0.03582763671875,-0.94927978515625,-371.0,-658.0,-700.0,553.0,179.0,789.0,1355,1560.359149892334,-1068.4299339695774,
261,19.214390993118286,0.06764888763427734,14.782209064636639,13.58356869564475,102048.25,260.0,-445.0,623.0,-30.5,10.6875,-41.5,43.75,-65.4375,22.75,1.0,42.0,-19.0,-0.128173828125,0.3642578125,0.00811767578125,-0.92242431640625,-396.0,-657.0,-60.0,656.0,237.0,688.0,1341,1516.4873199138674,-1026.4391968516084,
262,19.281704902648926,0.06731390953063965,14.85577062709193,13.588010050086721,102048.25,578.0,-154.0,1093.0,-34.1875,10.0,-38.5,-12.25,-111.6875,62.0,358.9375,46.9375,-19.375,-0.12847900390625,0.40203857421875,-0.00799560546875,-0.90655517578125,-138.0,-377.0,462.0,716.0,222.0,631.0,1238,1460.7898559310938,-1006.5381521103275,
263,19.349753856658936,0.06804895401000977,14.695303029241323,13.591904163137063,102048.25,1137.0,255.0,1390.0,-37.5,11.75,-33.6875,-66.6875,22.0625,-24.8125,358.75,47.375,-14.0,-0.09454345703125,0.40325927734375,-0.009521484375,-0.91015625,282.0,-128.0,617.0,721.0,161.0,644.0,1167,1402.0318847448752,-992.230956095786,
264,19.417230129241943,0.06747627258300781,14.82002430957967,13.596171969060691,102048.25,948.0,495.0,1168.0,-37.5,12.5,-34.0625,-47.3125,56.9375,-141.5,8.875,42.25,-16.4375,-0.08489990234375,0.371337890625,0.0718994140625,-0.92181396484375,288.0,311.0,345.0,659.0,205.0,696.0,1238,1369.2255077959003,-941.6269908755119,
265,19.483217000961304,0.06598687171936035,15.154529589657802,13.601449903623456,102049.25,781.0,386.0,677.0,-35.6875,11.6875,-35.5,-6.25,46.375,-106.25,16.1875,36.9375,-20.25,-0.1011962890625,0.33892822265625,0.13189697265625,-0.926025390625,192.0,115.0,-58.0,589.0,271.0,735.0,1368,1368.9804062367202,-847.8357316710673,
266,19.550529956817627,0.06731295585632324,14.855981100197994,13.605769285412181,102049.25,571.0,309.0,583.0,-34.5,4.6875,-38.5,-42.1875,62.0,-57.0,21.875,31.0625,-21.375,-0.10992431640625,0.29888916015625,0.17987060546875,-0.93072509765625,47.0,21.0,-185.0,506.0,306.0,781.0,1555,1406.1843249893761,-707.7820871196848,
267,19.616141080856323,0.06561112403869629,15.241317911429434,13.611239789693865,102049.25,491.0,434.0,722.0,-33.75,3.5625,-39.25,-50.4375,61.625,-35.4375,24.5,26.4375,-18.6875,-0.09661865234375,0.2581787109375,0.2039794921875,-0.9393310546875,53.0,162.0,-107.0,436.0,281.0,831.0,1266,1378.147459991501,-679.7357556749608,
268,19.684298992156982,0.06815791130065918,14.671811106252733,13.614912073159527,102049.25,349.0,477.0,687.0,-30.5,5.75,-41.0,-20.625,-69.5625,-54.1875,27.25,25.5625,-18.125,-0.08892822265625,0.25250244140625,0.22723388671875,-0.93634033203125,-74.0,201.0,-152.0,424.0,275.0,840.0,1228,1348.1179679932006,-655.8208835290437,
