Index,Time,Difference,Hz,AveHz,0x6103 Pressure,0x6103 Acceleration-X,0x6103 Acceleration-Y,0x6103 Acceleration-Z,0x6103 Magnetic-X,0x6103 Magnetic-Y,0x6103 Magnetic-Z,0x6103 Angular-Vel-X,0x6103 Angular-Vel-Y,0x6103 Angular-Vel-Z,0x6103 Heading,0x6103 Roll,0x6103 Pitch,0x6103 Quaternion-X,0x6103 Quaternion-Y,0x6103 Quaternion-Z,0x6103 Quaternion-W,0x6103 Linear-Acceleration-X,0x6103 Linear-Acceleration-Y,0x6103 Linear-Acceleration-Z,0x6103 Gravity-X,0x6103 Gravity-Y,0x6103 Gravity-Z,0x6103 Range,0x6103 Smoothed Range,0x6103 Velocity,
0,0.0010001659393310547,0.0010001659393310547,999.8340882002384,0.0,102321.0,658.0,-720.0,-67.0,-27.75,40.875,21.1875,-6.125,6.875,-2.0,21.4375,42.125,94.6875,0.62115478515625,0.38037109375,0.127685546875,-0.67315673828125,10.0,1.0,-19.0,657.0,-724.0,-59.0,1835,1759.8000000000002,3759.3761716329327,
1,0.04400444030761719,0.04300427436828613,23.25350246433779,22.724979411382254,102321.0,655.0,-719.0,-76.0,-27.75,40.875,21.1875,-6.625,5.25,-6.3125,22.25,42.4375,94.8125,0.62176513671875,0.38031005859375,0.13214111328125,-0.6717529296875,-7.0,1.0,-15.0,662.0,-720.0,-61.0,1788,1765.44,3033.7308880861187,
2,0.09800982475280762,0.05400538444519043,18.51667218506501,20.40611749938577,102321.0,637.0,-696.0,-81.0,-30.0625,39.75,20.75,-5.0625,11.4375,-4.625,23.0,42.6875,94.6875,0.6220703125,0.37841796875,0.13690185546875,-0.671630859375,-26.0,17.0,-13.0,665.0,-717.0,-59.0,1886,1789.5520000000001,2516.279510414153,
3,0.1420142650604248,0.04400444030761719,22.724979411382254,21.124638420820247,102321.0,646.0,-708.0,-59.0,-30.0625,39.75,20.0,-8.5,9.875,-6.0625,23.9375,43.0625,94.75,0.62310791015625,0.377197265625,0.14227294921875,-0.67022705078125,-23.0,5.0,0.0,669.0,-713.0,-59.0,1849,1801.4416,2067.0617913732362,
4,0.18301844596862793,0.041004180908203125,24.387757000651224,21.855720492160987,102321.0,650.0,-694.0,-71.0,-30.375,40.875,20.0,-5.5,12.9375,-2.375,24.625,43.1875,94.5625,0.62353515625,0.37451171875,0.1463623046875,-0.67041015625,-21.0,17.0,-14.0,671.0,-712.0,-57.0,1872,1815.5532800000003,1722.47987764078,
5,0.22802281379699707,0.04500436782836914,22.220065479280787,21.92763047144648,102321.0,645.0,-702.0,-63.0,-29.25,40.875,20.0,-7.8125,10.5,-3.3125,25.4375,43.3125,94.5,0.62451171875,0.37237548828125,0.15032958984375,-0.66986083984375,-25.0,6.0,-6.0,673.0,-710.0,-56.0,1924,1837.2426240000002,1474.3716308891528,
6,0.28302836418151855,0.055005550384521484,18.179983529105805,21.199288690909917,102321.75,663.0,-697.0,-68.0,-30.375,39.375,19.6875,-6.1875,13.5,-1.3125,26.1875,43.5,94.3125,0.625732421875,0.368408203125,0.1558837890625,-0.66961669921875,-11.0,11.0,-15.0,675.0,-709.0,-54.0,1891,1847.9940992000004,1218.589633121241,
7,0.3300330638885498,0.04700469970703125,21.274468430449602,21.209996106220007,102321.75,671.0,-708.0,-56.0,-30.0625,39.0625,19.6875,-7.4375,13.625,-1.125,27.0,43.5625,93.9375,0.62652587890625,0.3642578125,0.16094970703125,-0.66998291015625,-4.0,0.0,-7.0,676.0,-708.0,-49.0,1872,1852.7952793600004,995.3002176455573,
8,0.38103818893432617,0.05100512504577637,19.60587292164296,20.995270900205856,102321.75,672.0,-695.0,-70.0,-28.875,39.75,20.75,-7.5,16.5625,-3.6875,27.9375,43.75,93.6875,0.62713623046875,0.3604736328125,0.16680908203125,-0.6700439453125,-6.0,10.0,-25.0,678.0,-706.0,-45.0,1844,1851.0362234880004,789.3426089387451,
9,0.4330432415008545,0.05200505256652832,19.228900859598856,20.78314389299213,102321.75,682.0,-701.0,-61.0,-29.25,38.25,19.875,-10.5625,15.3125,-2.0,28.9375,43.9375,93.5,0.628662109375,0.35638427734375,0.17291259765625,-0.66925048828125,1.0,3.0,-17.0,680.0,-704.0,-43.0,1835,1847.8289787904005,619.1397290864717,
10,0.4810481071472168,0.048004865646362305,20.83122172170432,20.787941686962434,102321.75,675.0,-707.0,-85.0,-31.875,39.375,19.5625,-10.375,17.0625,-2.75,30.0,44.0625,93.25,0.630126953125,0.35125732421875,0.1793212890625,-0.66888427734375,-6.0,-3.0,-45.0,682.0,-703.0,-40.0,1844,1847.0631830323205,492.1212910231563,
11,0.5310530662536621,0.05000495910644531,19.998016554144257,20.7135608454349,102321.75,663.0,-694.0,-85.0,-32.1875,38.6875,20.375,-14.0,16.875,-2.6875,31.1875,44.25,93.25,0.6328125,0.34674072265625,0.18621826171875,-0.66680908203125,-21.0,6.0,-44.0,684.0,-700.0,-40.0,1877,1853.0505464258565,417.64411127044724,
12,0.5820581912994385,0.05100512504577637,19.60587292164296,20.616495359699574,102321.75,690.0,-684.0,-95.0,-31.5,39.0625,18.875,-18.5,18.3125,-2.0625,32.5,44.375,93.5625,0.636962890625,0.34173583984375,0.1934814453125,-0.66339111328125,4.0,15.0,-51.0,686.0,-699.0,-44.0,1845,1851.4404371406854,327.8017694093533,
13,0.6300630569458008,0.048004865646362305,20.83122172170432,20.63285548436509,102328.75,673.0,-675.0,-79.0,-33.375,39.0625,19.6875,-22.3125,20.625,-2.125,34.125,44.625,93.875,0.6416015625,0.3358154296875,0.202392578125,-0.65924072265625,-15.0,20.0,-31.0,688.0,-696.0,-47.0,1788,1838.7523497125485,209.37974303950492,
14,0.6750674247741699,0.04500436782836914,22.220065479280787,20.738669185057205,102328.75,660.0,-677.0,-49.0,-31.875,38.6875,18.875,-23.625,21.4375,0.0,35.4375,44.6875,94.0625,0.6453857421875,0.32977294921875,0.209716796875,-0.65631103515625,-29.0,17.0,0.0,689.0,-695.0,-49.0,1774,1825.8018797700388,109.9517364095993,
15,0.7220721244812012,0.04700469970703125,21.274468430449602,20.77354808673343,102328.75,657.0,-688.0,-22.0,-33.0,38.375,21.0625,-21.6875,23.125,2.75,36.9375,44.6875,94.0625,0.64984130859375,0.32098388671875,0.2183837890625,-0.6534423828125,-32.0,6.0,26.0,689.0,-695.0,-49.0,1863,1833.2415038160311,119.61619850785497,
16,0.7660765647888184,0.04400444030761719,22.724979411382254,20.885640855507262,102328.75,671.0,-698.0,-11.0,-33.0,37.5625,20.375,-23.0625,18.0,1.0,38.3125,44.625,94.0625,0.654052734375,0.3125,0.22625732421875,-0.650634765625,-17.0,-2.0,38.0,689.0,-695.0,-49.0,1793,1825.193203052825,59.113464978190095,
17,0.8170816898345947,0.05100512504577637,19.60587292164296,20.805753220882213,102328.75,683.0,-706.0,0.0,-34.0625,36.5,20.375,-22.0,11.875,2.25,39.5,44.5625,94.0625,0.65771484375,0.30487060546875,0.23297119140625,-0.64825439453125,-4.0,-9.0,49.0,688.0,-696.0,-50.0,1817,1823.5545624422602,40.86537606755656,
18,0.86708664894104,0.05000495910644531,19.998016554144257,20.75917098018189,102328.75,665.0,-685.0,-22.0,-33.6875,37.1875,20.0,-16.0,13.3125,-2.75,40.625,44.625,94.3125,0.6612548828125,0.29962158203125,0.239013671875,-0.6448974609375,-23.0,9.0,30.0,688.0,-695.0,-52.0,2172,1893.2436499538085,311.4210059938751,
19,0.9140913486480713,0.04700469970703125,21.274468430449602,20.785668771617566,102328.75,662.0,-689.0,-15.0,-33.0,35.6875,21.5,-16.0625,9.0,-1.6875,41.5625,44.75,94.5625,0.6636962890625,0.29669189453125,0.24371337890625,-0.64190673828125,-27.0,4.0,40.0,690.0,-693.0,-56.0,1751,1864.7949199630468,128.0904831801314,
20,0.9620962142944336,0.048004865646362305,20.83122172170432,20.787941686962434,102328.75,663.0,-702.0,-24.0,-33.6875,36.0625,21.875,-12.5625,11.3125,-0.4375,42.375,44.75,94.625,0.6661376953125,0.29180908203125,0.24835205078125,-0.639892578125,-26.0,-8.0,31.0,690.0,-693.0,-56.0,1704,1832.6359359704375,-31.509798634852046,
21,1.0111010074615479,0.04900479316711426,20.406167139402843,20.769438310344707,102322.5,652.0,-668.0,-39.0,-34.5,35.375,21.5,-13.375,10.75,-1.6875,43.3125,44.8125,94.6875,0.668212890625,0.28778076171875,0.2532958984375,-0.6375732421875,-39.0,24.0,18.0,691.0,-692.0,-57.0,1891,1844.30874877635,22.431634913001247,
22,1.0591058731079102,0.048004865646362305,20.83122172170432,20.77223869549675,102322.5,668.0,-671.0,-41.0,-33.6875,34.25,23.0,-11.0625,10.6875,3.8125,44.0625,44.8125,94.75,0.67041015625,0.28314208984375,0.25738525390625,-0.63568115234375,-23.0,21.0,16.0,691.0,-692.0,-58.0,1896,1854.64699902108,61.01698454288807,
23,1.1081106662750244,0.04900479316711426,20.406167139402843,20.756049643774098,102322.5,688.0,-687.0,-24.0,-35.1875,35.75,22.1875,-9.9375,10.5,3.625,44.5,44.6875,94.6875,0.6722412109375,0.2779541015625,0.2607421875,-0.63470458984375,1.0,5.0,40.0,689.0,-694.0,-57.0,1774,1838.517599216864,-17.014258018306457,
24,1.1531152725219727,0.04500460624694824,22.219947765187033,20.813183704964484,102322.5,689.0,-679.0,-16.0,-33.375,35.5,21.5,-8.4375,4.0625,2.625,45.0625,44.625,94.625,0.67333984375,0.27471923828125,0.26312255859375,-0.63397216796875,25.0,6.0,41.0,689.0,-695.0,-56.0,1863,1843.4140793734914,8.148500248061858,
25,1.202120304107666,0.04900503158569336,20.4060678596102,20.79658742521407,102322.5,714.0,-687.0,-22.0,-33.6875,32.875,21.875,-4.75,4.25,0.0,45.1875,44.5625,94.6875,0.67425537109375,0.2730712890625,0.2642822265625,-0.63323974609375,25.0,8.0,34.0,688.0,-695.0,-57.0,1840,1842.7312634987932,3.732082783507229,
26,1.2531251907348633,0.051004886627197266,19.605964567849295,20.74812651779266,102322.5,708.0,-679.0,-16.0,-33.375,31.75,22.5625,-5.0625,1.375,-3.1875,45.6875,44.75,94.6875,0.6744384765625,0.27264404296875,0.26611328125,-0.6322021484375,17.0,14.0,40.0,690.0,-693.0,-57.0,1718,1817.7850107990348,-94.83340307960967,
27,1.3031301498413086,0.05000495910644531,19.998016554144257,20.719342579317946,102322.5,680.0,-667.0,-24.0,-35.1875,33.6875,22.6875,-3.6875,2.75,-2.6875,46.1875,45.0,94.5625,0.67388916015625,0.27252197265625,0.2694091796875,-0.63165283203125,-13.0,23.0,31.0,693.0,-690.0,-55.0,1896,1833.428008639228,-13.30093651076254,
28,1.3481347560882568,0.04500460624694824,22.219947765187033,20.76943708598145,102322.5,697.0,-689.0,-9.0,-35.1875,33.6875,22.6875,-3.5625,0.8125,-1.125,46.375,45.0625,94.5625,0.673828125,0.272216796875,0.27069091796875,-0.63134765625,3.0,0.0,45.0,694.0,-689.0,-55.0,1784,1823.5424069113824,-54.5722600126444,
29,1.3941395282745361,0.0460047721862793,21.736875382207526,20.80136127830189,102326.75,701.0,-696.0,-8.0,-33.6875,32.875,23.5,0.5625,-1.3125,-0.9375,46.5,45.125,94.5,0.673583984375,0.272216796875,0.27142333984375,-0.63128662109375,5.0,-6.0,45.0,695.0,-689.0,-54.0,1746,1808.033925529106,-111.07899344488101,
30,1.4431443214416504,0.04900479316711426,20.406167139402843,20.787941686962434,102326.75,671.0,-659.0,-40.0,-34.875,34.0,22.25,3.1875,-5.375,-3.875,46.4375,45.3125,94.375,0.67230224609375,0.27410888671875,0.271240234375,-0.6319580078125,-25.0,27.0,12.0,697.0,-687.0,-53.0,1690,1784.427140423285,-185.2079952545747,
31,1.4901490211486816,0.04700469970703125,21.274468430449602,20.803288503389844,102326.75,689.0,-682.0,-43.0,-34.5,33.25,22.25,3.3125,-4.0625,-2.125,46.25,45.4375,94.5625,0.671875,0.2767333984375,0.27001953125,-0.6317138671875,-9.0,9.0,8.0,698.0,-685.0,-54.0,1774,1782.341712338628,-157.03967099386145,
32,1.5351536273956299,0.04500460624694824,22.219947765187033,20.84481932553397,102326.75,679.0,-688.0,-38.0,-33.6875,33.6875,21.5625,2.625,-1.375,-3.25,46.1875,45.5,94.5625,0.67108154296875,0.27838134765625,0.2696533203125,-0.6319580078125,-26.0,0.0,15.0,700.0,-684.0,-54.0,1807,1787.2733698709026,-103.71550224250268,
33,1.5861587524414062,0.05100512504577637,19.60587292164296,20.804979293028893,102326.75,677.0,-681.0,-57.0,-35.1875,32.1875,22.75,2.0,-1.5625,-1.125,46.0625,45.5625,94.5,0.67047119140625,0.2796630859375,0.26910400390625,-0.63232421875,-23.0,-2.0,3.0,700.0,-683.0,-54.0,1858,1801.418695896722,-27.50610889451702,
34,1.6351635456085205,0.04900479316711426,20.406167139402843,20.793027150900073,102326.75,683.0,-687.0,-57.0,-34.5,33.6875,23.1875,2.3125,-1.9375,-0.625,45.9375,45.5625,94.5,0.66998291015625,0.2803955078125,0.268310546875,-0.63287353515625,-7.0,-2.0,0.0,700.0,-684.0,-53.0,1985,1838.1349567173777,127.8427438924278,
35,1.6831684112548828,0.048004865646362305,20.83122172170432,20.794116480540303,102326.75,671.0,-655.0,-73.0,-34.5,32.875,23.0625,1.0625,-2.375,-0.625,45.875,45.625,94.5,0.66943359375,0.28155517578125,0.2679443359375,-0.633056640625,-30.0,27.0,-19.0,701.0,-683.0,-53.0,1882,1846.9079653739022,138.82469281204112,
36,1.73417329788208,0.051004886627197266,19.605964567849295,20.75917098018189,102326.75,682.0,-663.0,-64.0,-34.5,32.875,23.1875,1.0,1.0,-0.125,45.8125,45.625,94.5,0.6693115234375,0.28192138671875,0.26776123046875,-0.63311767578125,-18.0,20.0,-10.0,701.0,-683.0,-54.0,1812,1839.926372299122,83.68358095937629,
37,1.7841784954071045,0.050005197525024414,19.9979212060819,20.737835421313903,102325.0,695.0,-674.0,-42.0,-34.5,31.375,22.0,0.4375,-0.125,-0.125,45.8125,45.625,94.4375,0.6693115234375,0.28179931640625,0.267578125,-0.63323974609375,-5.0,3.0,17.0,701.0,-683.0,-53.0,1695,1810.9410978392978,-48.98218218934376,
38,1.8311831951141357,0.04700469970703125,21.274468430449602,20.751610271102066,102325.0,712.0,-687.0,-49.0,-34.0625,32.1875,22.0,0.9375,0.4375,0.25,45.75,45.625,94.4375,0.66900634765625,0.28192138671875,0.267578125,-0.63348388671875,6.0,-3.0,9.0,701.0,-683.0,-53.0,,1810.9410978392978,-48.98218218934376,
39,1.8741874694824219,0.04300427436828613,23.25350246433779,20.809017579639615,102325.0,684.0,-673.0,-42.0,-33.375,32.5,22.25,2.25,0.9375,-2.4375,45.8125,45.75,94.3125,0.668212890625,0.2825927734375,0.26806640625,-0.63385009765625,-20.0,9.0,2.0,702.0,-682.0,-51.0,1779,1804.5528782714382,-68.8954416442656,
40,1.9251925945281982,0.05100512504577637,19.60587292164296,20.77714204474316,102325.0,678.0,-665.0,-58.0,-33.375,33.6875,22.25,0.5,-0.0625,-1.75,45.875,45.8125,94.25,0.66766357421875,0.283203125,0.26837158203125,-0.634033203125,-22.0,12.0,6.0,703.0,-681.0,-51.0,1756,1794.8423026171506,-93.193215770205,
41,1.9751975536346436,0.05000495910644531,19.998016554144257,20.757417365444883,102325.0,697.0,-679.0,-37.0,-34.5,34.25,22.0,1.8125,2.5625,0.25,45.875,45.8125,94.125,0.6671142578125,0.282958984375,0.2686767578125,-0.6346435546875,-11.0,-1.0,19.0,703.0,-681.0,-49.0,1807,1797.2738420937208,-64.82937927526298,
42,2.022202253341675,0.04700469970703125,21.274468430449602,20.76943586161834,102325.0,698.0,-676.0,-44.0,-33.375,33.6875,22.0,2.4375,-1.875,-0.8125,45.8125,45.8125,94.0625,0.66668701171875,0.28314208984375,0.26849365234375,-0.635009765625,-7.0,1.0,15.0,703.0,-681.0,-48.0,1690,1775.8190736749766,-143.15126210164632,
43,2.069206953048706,0.04700469970703125,21.274468430449602,20.78090832656691,102325.0,694.0,-671.0,-47.0,-34.5,34.25,22.6875,1.75,-0.4375,-1.6875,45.75,45.875,93.9375,0.666015625,0.28399658203125,0.268310546875,-0.635498046875,-8.0,13.0,2.0,704.0,-680.0,-47.0,1624,1745.4552589399814,-243.71581328285237,
44,2.1172118186950684,0.048004865646362305,20.83122172170432,20.78204911359278,102325.0,689.0,-664.0,-41.0,-34.0625,34.0,22.25,1.875,0.25,-0.75,45.6875,45.9375,93.8125,0.66522216796875,0.2845458984375,0.268310546875,-0.63604736328125,-13.0,15.0,0.0,705.0,-680.0,-46.0,1610,1718.3642071519853,-307.8405919202661,
45,2.1622164249420166,0.04500460624694824,22.219947765187033,20.81197769145924,102325.5,700.0,-669.0,-37.0,-34.0625,33.25,22.375,2.1875,-2.3125,0.125,45.625,45.9375,93.75,0.6646728515625,0.28509521484375,0.267822265625,-0.63653564453125,-4.0,10.0,8.0,705.0,-680.0,-45.0,1695,1713.6913657215882,-267.0385320358978,
46,2.213221311569214,0.051004886627197266,19.605964567849295,20.78418446431151,102325.5,690.0,-658.0,-35.0,-35.1875,33.6875,22.0,2.125,-3.1875,-1.3125,45.4375,46.0,93.8125,0.664306640625,0.28643798828125,0.26690673828125,-0.63671875,-14.0,20.0,10.0,705.0,-679.0,-45.0,1587,1688.3530925772707,-312.9870827243137,
47,2.2642264366149902,0.05100512504577637,19.60587292164296,20.757641214659085,102325.5,682.0,-655.0,-34.0,-33.375,34.25,22.0,3.125,-4.0,-0.1875,45.25,45.9375,93.875,0.6639404296875,0.28778076171875,0.265625,-0.63702392578125,-22.0,24.0,12.0,705.0,-679.0,-46.0,1554,1661.4824740618167,-355.7540525674385,
48,2.3142313957214355,0.05000495910644531,19.998016554144257,20.741227557772607,102325.5,684.0,-653.0,-23.0,-34.875,33.6875,21.5625,3.3125,-6.5,0.8125,44.875,45.9375,94.0,0.663818359375,0.28955078125,0.26348876953125,-0.63726806640625,-20.0,26.0,24.0,704.0,-680.0,-47.0,1530,1635.1859792494533,-389.778789768673,
49,2.362236261367798,0.048004865646362305,20.83122172170432,20.743056400136577,102325.5,686.0,-668.0,-19.0,-34.875,34.0,22.0,4.75,-11.0625,3.375,44.3125,45.75,94.125,0.66363525390625,0.29150390625,0.2598876953125,-0.63800048828125,-16.0,13.0,29.0,703.0,-681.0,-49.0,1577,1623.5487833995628,-360.3064332085318,
50,2.412241220474243,0.05000495910644531,19.998016554144257,20.72761197164605,102325.5,695.0,-674.0,-34.0,-33.6875,34.0,22.25,6.4375,-12.875,3.25,43.5,45.5625,94.3125,0.663330078125,0.29437255859375,0.255126953125,-0.63897705078125,-4.0,9.0,17.0,700.0,-683.0,-52.0,1507,1600.2390267196504,-381.47492655841813,
51,2.4582457542419434,0.046004533767700195,21.736988033603343,20.74650181414715,102325.5,667.0,-658.0,-30.0,-34.0625,33.6875,22.75,9.125,-13.25,4.6875,42.5625,45.375,94.5,0.6627197265625,0.29766845703125,0.24969482421875,-0.64019775390625,-31.0,28.0,24.0,698.0,-686.0,-54.0,1441,1568.3912213757205,-443.63501397824086,
52,2.5072507858276367,0.04900503158569336,20.4060678596102,20.73984792184837,102325.5,699.0,-676.0,-38.0,-33.6875,34.6875,22.6875,9.5,-17.8125,3.4375,41.375,45.0625,94.875,0.66253662109375,0.30181884765625,0.24249267578125,-0.64117431640625,5.0,12.0,20.0,694.0,-689.0,-58.0,1488,1552.3129771005765,-420.5267599309883,
53,2.554255485534668,0.04700469970703125,21.274468430449602,20.749686278507024,102324.5,694.0,-686.0,-41.0,-33.375,34.25,23.1875,10.875,-18.625,5.75,40.375,44.8125,95.125,0.662109375,0.30548095703125,0.2364501953125,-0.64215087890625,3.0,5.0,20.0,691.0,-692.0,-62.0,1441,1530.0503816804614,-431.14638463381266,
54,2.599260091781616,0.04500460624694824,22.219947765187033,20.775142961159638,102324.5,694.0,-688.0,-46.0,-31.5,35.0625,23.1875,12.5,-20.25,2.75,39.0625,44.5625,95.4375,0.66119384765625,0.31103515625,0.228271484375,-0.6434326171875,5.0,6.0,20.0,688.0,-695.0,-66.0,1418,1507.6403053443692,-444.5072528274151,
55,2.6452643871307373,0.046004295349121094,21.737100686166794,20.791872550651675,102324.5,694.0,-684.0,-77.0,-32.5625,35.0625,23.1875,14.0,-20.25,0.8125,37.6875,44.375,95.75,0.6595458984375,0.3175048828125,0.22015380859375,-0.644775390625,7.0,12.0,-7.0,686.0,-696.0,-69.0,1418,1489.7122442754953,-433.54661597430356,
56,2.6942694187164307,0.04900503158569336,20.4060678596102,20.784855297314255,102324.5,663.0,-675.0,-74.0,-30.75,35.75,23.1875,15.0625,-19.6875,-0.9375,36.6875,44.375,95.9375,0.65777587890625,0.3231201171875,0.21441650390625,-0.64569091796875,-17.0,8.0,5.0,685.0,-697.0,-72.0,1432,1478.1697954203964,-393.9444917000884,
57,2.740273952484131,0.046004533767700195,21.736988033603343,20.800839984749697,102324.5,657.0,-682.0,-67.0,-30.75,35.75,23.1875,17.4375,-17.4375,1.875,35.4375,44.25,95.9375,0.65484619140625,0.32928466796875,0.20703125,-0.64794921875,-26.0,15.0,5.0,684.0,-698.0,-73.0,1399,1462.3358363363172,-383.99210918710963,
58,2.786278486251831,0.046004533767700195,21.736988033603343,20.816296822512886,102324.5,661.0,-699.0,-74.0,-30.375,35.0625,23.5,16.8125,-18.8125,1.6875,34.0,44.0625,95.9375,0.6519775390625,0.335205078125,0.19921875,-0.65032958984375,-20.0,0.0,0.0,682.0,-700.0,-73.0,1404,1450.6686690690537,-357.9155024045987,
59,2.8362834453582764,0.05000495910644531,19.998016554144257,20.80187017152906,102324.5,685.0,-717.0,-97.0,-31.0625,36.1875,23.5,18.4375,-17.3125,0.375,32.625,43.875,95.9375,0.64874267578125,0.34124755859375,0.1910400390625,-0.65283203125,5.0,-14.0,-23.0,680.0,-702.0,-73.0,1362,1432.934935255243,-357.2603023987537,
60,2.8802881240844727,0.04400467872619629,22.724856286808727,20.831249310890236,102324.5,699.0,-709.0,-115.0,-30.75,38.0625,23.5,17.25,-15.5625,-2.375,31.625,43.8125,95.9375,0.64605712890625,0.34649658203125,0.1854248046875,-0.65435791015625,19.0,-6.0,-41.0,679.0,-703.0,-73.0,1320,1410.3479482041946,-388.46544885642027,
61,2.92429256439209,0.04400444030761719,22.724979411382254,20.85974595797013,102328.0,672.0,-689.0,-120.0,-29.6875,37.6875,23.875,16.0625,-11.5,-4.0,30.9375,43.9375,95.9375,0.64324951171875,0.3515625,0.1815185546875,-0.655517578125,-8.0,12.0,-47.0,681.0,-701.0,-73.0,1311,1390.4783585633559,-401.07956218527113,
62,2.968296766281128,0.044004201889038086,22.72510253728998,20.88739936798084,102328.0,675.0,-700.0,-114.0,-30.375,38.0625,23.5,13.875,-8.125,-3.875,30.25,44.0625,95.875,0.64007568359375,0.3568115234375,0.1776123046875,-0.6568603515625,-6.0,0.0,-42.0,682.0,-700.0,-72.0,1254,1363.1826868506846,-444.92303744714894,
63,3.014301300048828,0.046004533767700195,21.736988033603343,20.9003658655422,102328.0,660.0,-707.0,-101.0,-30.0625,38.0625,23.1875,13.25,-6.0625,-4.3125,29.8125,44.1875,95.75,0.6375732421875,0.360107421875,0.17529296875,-0.6580810546875,-20.0,-2.0,-32.0,684.0,-699.0,-70.0,1207,1331.9461494805478,-491.7360777628927,
64,3.0613062381744385,0.04700493812561035,21.274360522031113,20.906108380115995,102328.0,649.0,-699.0,-85.0,-30.0625,38.0625,23.1875,11.4375,-3.5,-3.6875,29.4375,44.3125,95.625,0.6353759765625,0.36273193359375,0.17340087890625,-0.6593017578125,-35.0,-1.0,-15.0,685.0,-698.0,-69.0,1207,1306.9569195844383,-499.7148394058644,
65,3.1073107719421387,0.046004533767700195,21.736988033603343,20.918409766710766,102328.0,649.0,-671.0,-86.0,-31.5,38.75,23.5,10.1875,-4.8125,-3.9375,29.0,44.375,95.375,0.63262939453125,0.36553955078125,0.1710205078125,-0.6610107421875,-37.0,25.0,-20.0,686.0,-697.0,-66.0,1184,1282.3655356675506,-506.68039511091825,
66,3.152315139770508,0.04500436782836914,22.220065479280787,20.936992995187936,102328.0,688.0,-688.0,-79.0,-30.75,38.0625,21.875,7.75,-4.8125,1.0,28.5,44.375,95.375,0.63116455078125,0.36798095703125,0.16888427734375,-0.661865234375,-4.0,19.0,-19.0,686.0,-697.0,-66.0,1151,1256.0924285340407,-522.1023482588846,
67,3.199319839477539,0.04700469970703125,21.274468430449602,20.941951215149953,102328.0,708.0,-701.0,-76.0,-30.75,38.0625,21.875,7.6875,-4.5625,-0.1875,28.125,44.3125,95.1875,0.62939453125,0.3695068359375,0.16619873046875,-0.6630859375,23.0,-3.0,-12.0,685.0,-698.0,-64.0,1151,1235.0739428272325,-507.1133007321771,
68,3.2453243732452393,0.046004533767700195,21.736988033603343,20.953221366898923,102328.0,683.0,-666.0,-74.0,-30.0625,38.5,21.5,7.75,-5.125,-3.875,27.8125,44.5,95.125,0.6270751953125,0.37237548828125,0.16461181640625,-0.6640625,-4.0,30.0,-11.0,687.0,-696.0,-62.0,1081,1204.259154261786,-539.6547786467668,
69,3.2913291454315186,0.0460047721862793,21.736875382207526,20.96417494305437,102328.75,692.0,-683.0,-65.0,-30.75,39.5,21.875,6.75,-3.875,-3.25,27.5625,44.625,95.0,0.62506103515625,0.37493896484375,0.163330078125,-0.66485595703125,-2.0,14.0,2.0,689.0,-694.0,-61.0,1039,1171.207323409429,-575.4125285957114,
70,3.340333938598633,0.04900479316711426,20.406167139402843,20.95598861872087,102328.75,674.0,-677.0,-49.0,-31.0625,38.75,22.1875,5.3125,-3.625,-3.125,27.4375,44.8125,94.9375,0.62298583984375,0.37750244140625,0.1627197265625,-0.66552734375,-7.0,7.0,20.0,691.0,-692.0,-60.0,1025,1141.965858727543,-579.6712660164708,
71,3.3943395614624023,0.05400562286376953,18.51659043952745,20.917176586013294,102328.75,685.0,-680.0,-51.0,-30.75,38.75,21.5,8.5,-0.6875,-2.375,27.1875,44.875,94.625,0.62060546875,0.37896728515625,0.16162109375,-0.66717529296875,-7.0,11.0,5.0,692.0,-691.0,-56.0,978,1109.1726869820345,-585.1805588981097,
72,3.4423444271087646,0.048004865646362305,20.83122172170432,20.915977911156617,102328.75,692.0,-687.0,-49.0,-30.75,39.5,21.5,8.1875,-2.3125,-4.4375,27.0,45.0625,94.3125,0.61767578125,0.38092041015625,0.16094970703125,-0.6689453125,0.0,0.0,8.0,694.0,-690.0,-52.0,941,1075.5381495856277,-608.274148320789,
73,3.4883487224578857,0.046004295349121094,21.737100686166794,20.926806867108258,102328.75,669.0,-648.0,-32.0,-30.6875,38.75,21.5,11.375,1.1875,-3.0,26.8125,45.25,93.875,0.61419677734375,0.38287353515625,0.1602783203125,-0.671142578125,-18.0,36.0,-6.0,697.0,-688.0,-46.0,969,1054.2305196685022,-579.2525380350586,
74,3.534353494644165,0.0460047721862793,21.736875382207526,20.937351091829665,102328.75,699.0,-686.0,-51.0,-30.75,38.5,21.0625,12.0625,4.6875,-2.375,26.5625,45.375,93.1875,0.610595703125,0.38348388671875,0.1595458984375,-0.67431640625,-8.0,1.0,-10.0,698.0,-687.0,-40.0,875,1018.3844157348018,-619.2384892569479,
75,3.5803580284118652,0.046004533767700195,21.736988033603343,20.947625741570782,102328.75,681.0,-677.0,-49.0,-30.375,38.75,20.6875,11.75,5.25,-1.9375,26.5,45.4375,92.5625,0.60736083984375,0.38336181640625,0.1595458984375,-0.67724609375,-16.0,8.0,-5.0,699.0,-686.0,-31.0,857,986.1075325878414,-635.7112359510564,
76,3.6283628940582275,0.048004865646362305,20.83122172170432,20.94608566426938,102328.75,678.0,-676.0,-51.0,-31.0625,37.6875,19.5625,12.0,5.6875,-0.75,26.25,45.5,91.75,0.60369873046875,0.3829345703125,0.15911865234375,-0.680908203125,-20.0,11.0,-21.0,699.0,-686.0,-21.0,829,954.6860260702731,-639.4786625803339,
77,3.67636775970459,0.048004865646362305,20.83122172170432,20.944585806667842,102327.5,691.0,-692.0,-41.0,-31.5,38.5,18.75,7.4375,2.5625,-4.3125,26.25,45.5625,91.4375,0.60186767578125,0.38311767578125,0.1591796875,-0.68243408203125,-12.0,-4.0,-24.0,700.0,-685.0,-17.0,815,926.7488208562186,-627.976153284012,
78,3.720372200012207,0.04400444030761719,22.724979411382254,20.965644243805517,102327.5,668.0,-642.0,-41.0,-30.75,38.0625,18.75,8.875,4.125,-5.4375,26.3125,45.875,90.875,0.5980224609375,0.384521484375,0.1602783203125,-0.68475341796875,-38.0,29.0,-37.0,704.0,-682.0,-10.0,778,896.9990566849749,-637.5934782842075,
79,3.7693769931793213,0.04900479316711426,20.406167139402843,20.958370612159598,102327.5,693.0,-674.0,-43.0,-31.0625,38.5,18.0625,6.875,3.5625,-3.4375,26.375,46.0,90.4375,0.59576416015625,0.38482666015625,0.1610107421875,-0.68634033203125,-12.0,5.0,-37.0,706.0,-680.0,-5.0,782,873.9992453479799,-603.9423814908564,
80,3.8193819522857666,0.05000495910644531,19.998016554144257,20.945797251862384,102327.5,685.0,-665.0,-48.0,-30.75,38.0625,17.25,4.375,7.0,-7.0,26.5625,46.25,90.1875,0.593994140625,0.385498046875,0.1622314453125,-0.68719482421875,-15.0,0.0,-40.0,708.0,-677.0,-2.0,717,842.599396278384,-608.7408454909672,
81,3.867386817932129,0.048004865646362305,20.83122172170432,20.944375055637767,102327.5,678.0,-668.0,-43.0,-32.1875,37.6875,18.0625,3.375,10.375,-2.6875,26.9375,46.4375,89.75,0.59234619140625,0.3846435546875,0.16510009765625,-0.68841552734375,-32.0,6.0,-45.0,711.0,-675.0,2.0,707,815.4795170227072,-599.9807199609443,
82,3.91439151763916,0.04700469970703125,21.274468430449602,20.948338874762246,102327.5,683.0,-685.0,-56.0,-33.375,38.75,17.6875,-0.3125,15.5,-4.625,27.375,46.5,89.4375,0.59222412109375,0.38232421875,0.16790771484375,-0.6890869140625,-27.0,-10.0,-62.0,711.0,-674.0,6.0,698,791.9836136181658,-579.9571470137174,
83,3.9623963832855225,0.048004865646362305,20.83122172170432,20.94691998764102,102327.5,693.0,-674.0,-58.0,-33.375,37.6875,16.875,-3.8125,17.1875,-3.5,28.125,46.625,89.125,0.59283447265625,0.37890625,0.1728515625,-0.68927001953125,-19.0,-2.0,-67.0,713.0,-672.0,9.0,670,767.5868908945326,-565.6084256787628,
84,4.0084006786346436,0.046004295349121094,21.737100686166794,20.955988868012167,102327.5,690.0,-681.0,-63.0,-34.0625,37.0,16.5625,-7.625,21.1875,-5.8125,28.9375,46.75,89.0625,0.594482421875,0.3756103515625,0.17779541015625,-0.68841552734375,-24.0,-9.0,-74.0,714.0,-671.0,10.0,656,745.2695127156262,-549.5097598482405,
85,4.052405118942261,0.04400444030761719,22.724979411382254,20.97519806267205,102327.5,689.0,-669.0,-51.0,-33.6875,36.5625,16.5,-12.5,28.0625,-5.4375,30.25,46.875,88.875,0.59735107421875,0.369873046875,0.1859130859375,-0.6868896484375,-26.0,0.0,-63.0,716.0,-669.0,12.0,644,725.015610172501,-531.6617115371248,
86,4.097409725189209,0.04500460624694824,22.219947765187033,20.988869985666057,102327.5,705.0,-648.0,-43.0,-34.5,36.5625,16.0625,-17.25,30.3125,-4.875,31.5625,47.0,88.75,0.6002197265625,0.364013671875,0.19390869140625,-0.685302734375,-6.0,9.0,-55.0,717.0,-668.0,14.0,667,713.4124881380009,-476.89352233363684,
87,4.145414590835571,0.048004865646362305,20.83122172170432,20.98704438208286,102327.5,721.0,-640.0,-34.0,-34.5,36.5625,16.0625,-22.875,30.8125,-5.125,33.5625,47.25,88.625,0.604248046875,0.35614013671875,0.2059326171875,-0.682373046875,1.0,24.0,-50.0,720.0,-664.0,15.0,662,703.1299905104007,-424.35421545359696,
88,4.191418886184692,0.046004295349121094,21.737100686166794,20.99527687152821,102327.5,705.0,-614.0,-9.0,-35.1875,35.5,15.6875,-27.5,36.5625,-6.8125,35.9375,47.625,88.4375,0.60888671875,0.3470458984375,0.22027587890625,-0.678466796875,-19.0,45.0,-26.0,724.0,-660.0,17.0,656,693.7039924083207,-380.46214632538374,
89,4.238423824310303,0.04700493812561035,21.274360522031113,20.998371963068728,102327.5,728.0,-584.0,14.0,-34.5,36.5625,15.375,-34.75,36.25,-1.625,38.375,47.75,88.0,0.61376953125,0.33441162109375,0.2353515625,-0.67535400390625,2.0,74.0,-8.0,726.0,-658.0,22.0,656,686.1631939266566,-336.4548501648882,
90,4.287428617477417,0.04900479316711426,20.406167139402843,20.9916031331976,102327.5,800.0,-644.0,42.0,-35.5625,35.5,16.0625,-37.625,42.0,3.6875,40.5625,47.625,87.8125,0.61981201171875,0.32147216796875,0.24822998046875,-0.6715087890625,75.0,14.0,18.0,725.0,-659.0,24.0,658,680.5305551413253,-292.1519938297814,
91,4.332433223724365,0.04500460624694824,22.219947765187033,21.004362975910354,102327.5,774.0,-602.0,38.0,-36.25,35.0625,16.875,-43.125,45.5625,-2.375,43.4375,47.5,87.3125,0.62652587890625,0.3028564453125,0.26605224609375,-0.66705322265625,51.0,59.0,7.0,723.0,-661.0,30.0,642,672.8244441130603,-267.9674719679812,
92,4.3794379234313965,0.04700469970703125,21.274468430449602,21.007262029624968,102327.5,856.0,-618.0,-3.0,-36.5625,33.375,15.375,-55.25,34.75,-7.1875,46.875,47.625,87.8125,0.63665771484375,0.28631591796875,0.28509521484375,-0.6568603515625,131.0,41.0,-28.0,724.0,-660.0,24.0,634,665.0595552904483,-247.41275399890682,
93,4.426442623138428,0.04700469970703125,21.274468430449602,21.010099512836636,102328.75,816.0,-537.0,-33.0,-37.25,32.25,15.6875,-57.0625,45.0,-16.8125,51.1875,48.1875,88.3125,0.64630126953125,0.26959228515625,0.3084716796875,-0.643798828125,85.0,115.0,-52.0,731.0,-652.0,18.0,651,662.2476442323588,-209.8945858060371,
94,4.47444748878479,0.048004865646362305,20.83122172170432,21.008180392240863,102328.75,844.0,-497.0,-58.0,-36.5625,31.875,16.875,-60.5625,47.5,-15.25,54.6875,48.8125,88.625,0.65289306640625,0.25665283203125,0.32757568359375,-0.63287353515625,106.0,147.0,-74.0,738.0,-645.0,15.0,656,660.9981153858871,-173.121511134533,
95,4.522452354431152,0.048004865646362305,20.83122172170432,21.00630201375541,102328.75,898.0,-544.0,-7.0,-37.25,30.0625,16.875,-68.0,54.4375,-10.9375,59.4375,49.375,88.75,0.6612548828125,0.2364501953125,0.3531494140625,-0.6181640625,154.0,93.0,-20.0,744.0,-637.0,13.0,644,657.5984923087096,-152.6608693258077,
96,4.5664567947387695,0.04400444030761719,22.724979411382254,21.02286396547234,102328.75,927.0,-565.0,47.0,-37.6875,28.1875,16.0625,-65.3125,57.625,-14.375,63.25,49.75,88.8125,0.66754150390625,0.2188720703125,0.37347412109375,-0.60577392578125,178.0,67.0,34.0,749.0,-632.0,12.0,,657.5984923087096,-152.6608693258077,
97,4.608460903167725,0.04200410842895508,23.807194995969986,21.04824192678405,102328.75,849.0,-491.0,75.0,-38.0625,26.25,16.875,-62.8125,46.6875,-19.375,67.125,50.4375,88.8125,0.6722412109375,0.20404052734375,0.39349365234375,-0.593017578125,93.0,133.0,62.0,756.0,-624.0,12.0,646,655.2787938469678,-133.17379818275407,
98,4.652465343475342,0.04400444030761719,22.724979411382254,21.064101022791295,102328.75,848.0,-495.0,138.0,-39.875,23.75,16.0625,-60.9375,20.5625,-26.0,71.5625,51.5625,90.0625,0.6806640625,0.19268798828125,0.4134521484375,-0.5732421875,79.0,113.0,139.0,768.0,-609.0,0.0,782,680.6230350775743,8.650433486324275,
99,4.69646954536438,0.044004201889038086,22.72510253728998,21.079663999464728,102328.75,835.0,-486.0,167.0,-39.875,23.75,16.0625,-51.3125,11.625,-30.75,76.0,53.4375,91.0,0.68511962890625,0.18927001953125,0.4332275390625,-0.55413818359375,36.0,107.0,163.0,787.0,-583.0,-10.0,712,686.8984280620595,35.44213659590254,
100,4.743474245071411,0.04700469970703125,21.274468430449602,21.081594382830794,102328.75,706.0,-446.0,153.0,-39.1875,23.0,17.25,-44.375,10.625,-26.9375,79.0625,54.75,91.5625,0.68768310546875,0.18701171875,0.4466552734375,-0.5408935546875,-93.0,119.0,168.0,800.0,-565.0,-15.0,698,689.1187424496476,37.80091094560539,
101,4.788478851318359,0.04500460624694824,22.219947765187033,21.092293217958513,102327.5,771.0,-615.0,123.0,-41.0,20.5,16.875,-43.8125,-25.5,-24.5,81.625,55.75,94.5625,0.69818115234375,0.1873779296875,0.451904296875,-0.522705078125,-39.0,-65.0,167.0,810.0,-549.0,-44.0,740,699.2949939597181,75.46388415631888,
102,4.833483457565308,0.04500460624694824,22.219947765187033,21.102792819193553,102327.5,628.0,-460.0,62.0,-40.25,18.1875,18.0625,-25.0625,-15.1875,-30.1875,83.4375,56.8125,97.4375,0.70587158203125,0.19329833984375,0.45361328125,-0.508544921875,-191.0,71.0,132.0,820.0,-532.0,-69.0,660,691.4359951677745,25.445798796324247,
103,4.880488157272339,0.04700469970703125,21.274468430449602,21.104446252271163,102327.5,622.0,-512.0,78.0,-39.875,17.0625,18.75,-18.6875,-20.375,-11.125,84.8125,57.5625,99.8125,0.71160888671875,0.1983642578125,0.45452880859375,-0.4976806640625,-205.0,5.0,168.0,828.0,-517.0,-89.0,660,685.1487961342197,-6.39472443400393,
104,4.924492359161377,0.044004201889038086,22.72510253728998,21.118928087383775,102327.5,755.0,-546.0,40.0,-40.5625,14.875,19.5625,-5.375,-18.5625,-12.75,85.0,57.75,101.625,0.71612548828125,0.202392578125,0.451416015625,-0.49237060546875,-102.0,-36.0,125.0,829.0,-512.0,-105.0,648,677.7190369073758,-38.88418759868387,
105,4.967496871948242,0.043004512786865234,23.253373546076485,21.137406365153726,102327.5,716.0,-526.0,26.0,-40.0,15.5625,20.75,5.0,-5.5625,-1.5,84.875,57.9375,102.0625,0.7161865234375,0.2064208984375,0.449951171875,-0.491943359375,-73.0,-51.0,158.0,831.0,-508.0,-108.0,639,669.9752295259007,-67.12127922100811,
106,5.0185017585754395,0.051004886627197266,19.605964567849295,21.12184175663004,102327.5,727.0,-614.0,35.0,-39.25,15.25,20.5,15.0625,1.375,-0.375,84.25,57.8125,101.375,0.71380615234375,0.207763671875,0.4486083984375,-0.49603271484375,-72.0,-81.0,131.0,830.0,-511.0,-103.0,670,669.9801836207206,-53.67759741530541,
107,5.063506364822388,0.04500460624694824,22.219947765187033,21.131601757896327,102327.5,747.0,-560.0,71.0,-39.25,15.5,20.0625,5.75,-6.375,-10.4375,84.0625,57.9375,101.375,0.7130126953125,0.21026611328125,0.4478759765625,-0.49676513671875,-84.0,-50.0,174.0,831.0,-510.0,-103.0,675,670.9841468965765,-38.48047562270759,
108,5.110511064529419,0.04700469970703125,21.274468430449602,21.13291579576,102327.5,708.0,-551.0,1.0,-38.1875,15.875,20.75,-1.5625,-11.8125,-1.875,83.9375,58.25,102.3125,0.713623046875,0.216796875,0.4456787109375,-0.4951171875,-125.0,-48.0,111.0,834.0,-503.0,-110.0,703,677.3873175172612,-3.5395702532582476,
109,5.154515266418457,0.044004201889038086,22.72510253728998,21.14650832642448,102327.5,739.0,-633.0,3.0,-38.875,14.375,20.75,-8.125,-3.5625,6.0,83.75,57.9375,102.875,0.71612548828125,0.21539306640625,0.443359375,-0.494140625,-91.0,-126.0,119.0,831.0,-506.0,-116.0,712,684.309854013809,28.63141413782942,
110,5.201520204544067,0.04700493812561035,21.274360522031113,21.14766369722136,102331.0,718.0,-645.0,22.0,-38.875,14.375,20.75,-5.6875,3.75,9.4375,83.8125,57.6875,103.125,0.71826171875,0.21221923828125,0.44281005859375,-0.49298095703125,-110.0,-135.0,142.0,828.0,-510.0,-119.0,740,695.4478832110472,70.29602103965443,
111,5.2465245723724365,0.04500436782836914,22.220065479280787,21.156862694308643,102331.0,660.0,-684.0,-55.0,-37.375,15.1875,21.1875,-8.0,4.4375,6.0625,83.625,57.3125,102.75,0.7183837890625,0.20849609375,0.44268798828125,-0.49444580078125,-165.0,-168.0,61.0,825.0,-515.0,-116.0,736,703.5583065688378,92.27964444668281,
112,5.292529344558716,0.0460047721862793,21.736875382207526,21.16190439551326,102331.0,697.0,-777.0,-13.0,-37.375,14.6875,21.5625,-11.875,1.0625,-1.0,83.9375,57.125,103.25,0.72125244140625,0.205078125,0.442626953125,-0.49176025390625,-143.0,-266.0,117.0,823.0,-517.0,-122.0,717,706.2466452550702,85.51093215890667,
113,5.335533380508423,0.04300403594970703,23.253631384028562,21.178763572693125,102331.0,655.0,-638.0,0.0,-37.0625,14.6875,20.5,-9.0625,6.0,1.125,84.375,57.1875,103.0625,0.72125244140625,0.2027587890625,0.4449462890625,-0.49066162109375,-169.0,-120.0,120.0,824.0,-517.0,-120.0,740,712.9973162040562,99.80426849564347,
114,5.380537986755371,0.04500460624694824,22.219947765187033,21.187472382988506,102331.0,740.0,-552.0,-67.0,-37.75,13.5625,19.6875,-3.75,-3.5625,3.1875,84.6875,57.0625,103.375,0.72320556640625,0.19976806640625,0.445556640625,-0.4884033203125,-46.0,-15.0,60.0,823.0,-518.0,-123.0,703,710.997852963245,70.95782104266738,
115,5.430542945861816,0.05000495910644531,19.998016554144257,21.176519759894788,102331.0,815.0,-536.0,-132.0,-37.375,14.6875,21.25,-8.5625,-11.0625,6.125,84.3125,56.625,104.3125,0.7269287109375,0.19903564453125,0.44134521484375,-0.48699951171875,16.0,-32.0,-8.0,819.0,-522.0,-133.0,693,707.398282370596,42.36940237421278,
116,5.476547718048096,0.0460047721862793,21.736875382207526,21.181226928365692,102331.0,925.0,-606.0,-137.0,-35.5625,13.5625,21.6875,-4.1875,-3.8125,7.3125,83.9375,56.125,104.8125,0.729736328125,0.19683837890625,0.43792724609375,-0.4866943359375,85.0,-117.0,-24.0,814.0,-527.0,-139.0,698,705.5186258964768,25.723950191512493,
117,5.523552417755127,0.04700469970703125,21.274468430449602,21.18202040120241,102331.0,837.0,-696.0,-148.0,-36.6875,14.25,22.875,-3.75,-8.5625,-3.1875,83.875,56.1875,105.4375,0.731201171875,0.19903564453125,0.43621826171875,-0.48516845703125,22.0,-170.0,-3.0,815.0,-525.0,-145.0,646,693.6149007171815,-30.069924953123156,
118,5.569556951522827,0.046004533767700195,21.736988033603343,21.18660443318323,102329.0,646.0,-536.0,-190.0,-35.875,13.1875,20.875,12.5625,4.9375,-17.0625,84.375,56.75,105.625,0.72967529296875,0.203369140625,0.4385986328125,-0.4835205078125,-174.0,-18.0,-45.0,821.0,-515.0,-142.0,662,687.2919205737452,-51.54444870541592,
119,5.613561153411865,0.044004201889038086,22.72510253728998,21.198664581693034,102329.0,619.0,-490.0,-174.0,-36.25,13.875,21.6875,15.0625,-6.0,-12.375,84.25,57.1875,105.0,0.7259521484375,0.2078857421875,0.43994140625,-0.48602294921875,-217.0,3.0,-10.0,824.0,-512.0,-137.0,658,681.4335364589962,-67.86203490643317,
120,5.6585657596588135,0.04500460624694824,22.219947765187033,21.20678721373302,102329.0,706.0,-458.0,-179.0,-35.5625,13.1875,22.5,11.125,-29.4375,-19.5625,83.875,57.6875,106.125,0.72528076171875,0.2193603515625,0.4361572265625,-0.48541259765625,-122.0,44.0,-33.0,829.0,-502.0,-145.0,662,677.546829167197,-71.56211452561655,
121,5.701570272445679,0.043004512786865234,23.253373546076485,21.22222374154783,102329.0,699.0,-481.0,-196.0,-35.5625,13.1875,22.5,8.5,-17.5625,-24.5,83.75,58.25,107.5,0.72540283203125,0.230224609375,0.43328857421875,-0.4827880859375,-134.0,9.0,-40.0,834.0,-491.0,-155.0,592,660.4374633337576,-136.81978659278204,
122,5.746574640274048,0.04500436782836914,22.220065479280787,21.230038351017043,102329.0,576.0,-496.0,-210.0,-36.25,12.75,22.5,26.6875,29.5,-8.5625,83.8125,59.125,106.125,0.71795654296875,0.236328125,0.4375,-0.48712158203125,-265.0,-13.0,-71.0,841.0,-483.0,-139.0,615,651.3499706670061,-149.84076569376597,
123,5.792579174041748,0.046004533767700195,21.736988033603343,21.234064534016074,102329.0,602.0,-407.0,-132.0,-36.25,11.375,22.875,4.125,5.1875,9.9375,83.75,59.3125,103.75,0.71142578125,0.233642578125,0.44244384765625,-0.4935302734375,-241.0,78.0,-13.0,843.0,-485.0,-119.0,587,638.4799765336049,-175.8235942490701,
124,5.834583520889282,0.04200434684753418,23.807059865250682,21.252588047809873,102329.0,781.0,-530.0,-153.0,-35.5625,11.6875,21.25,-3.0,-11.9375,12.1875,83.3125,58.9375,104.0625,0.71405029296875,0.23193359375,0.4384765625,-0.49395751953125,-57.0,-37.0,-28.0,838.0,-492.0,-124.0,597,630.1839812268839,-180.15952678104526,
125,5.879587888717651,0.04500436782836914,22.220065479280787,21.25999344951755,102329.0,848.0,-598.0,-184.0,-35.25,11.0,20.1875,-9.1875,-2.8125,20.625,82.5,57.8125,104.4375,0.7174072265625,0.22674560546875,0.43505859375,-0.49462890625,9.0,-87.0,-66.0,832.0,-502.0,-129.0,606,625.3471849815072,-165.62240728127824,
126,5.925592422485352,0.046004533767700195,21.736988033603343,21.263696693326107,102324.0,860.0,-618.0,-141.0,-35.0,11.6875,21.6875,-19.0,-3.75,6.0,82.375,57.3125,104.875,0.72149658203125,0.22100830078125,0.43231201171875,-0.49365234375,69.0,-112.0,-14.0,825.0,-511.0,-136.0,597,619.6777479852058,-157.1452226541971,
127,5.967596769332886,0.04200434684753418,23.807059865250682,21.28159875892507,102324.0,770.0,-589.0,-62.0,-35.6875,11.375,22.0625,-28.6875,-12.625,-4.75,83.5625,57.25,106.6875,0.72833251953125,0.2171630859375,0.43304443359375,-0.48455810546875,-54.0,-81.0,89.0,825.0,-507.0,-152.0,606,616.9421983881647,-138.7412567275816,
128,6.013601303100586,0.046004533767700195,21.736988033603343,21.285082523512788,102324.0,806.0,-619.0,55.0,-35.0,11.0,22.5,-17.6875,-9.375,11.9375,84.25,56.8125,108.5,0.73590087890625,0.2125244140625,0.43133544921875,-0.4766845703125,-14.0,-111.0,225.0,821.0,-508.0,-170.0,550,603.5537587105318,-169.19787599433036,
129,6.057605743408203,0.04400444030761719,22.724979411382254,21.295542408050554,102324.0,872.0,-663.0,-73.0,-35.0,9.0625,22.0625,-1.1875,-11.0625,7.9375,84.25,56.375,108.9375,0.73944091796875,0.20782470703125,0.4296875,-0.4747314453125,55.0,-150.0,102.0,816.0,-513.0,-176.0,522,587.2430069684254,-209.4906003001713,
130,6.103610277175903,0.046004533767700195,21.736988033603343,21.298869701122214,102324.0,897.0,-704.0,-107.0,-35.0,11.375,23.5625,2.125,-16.0625,-2.875,83.625,55.9375,110.375,0.74371337890625,0.21099853515625,0.423095703125,-0.47259521484375,85.0,-189.0,83.0,812.0,-514.0,-191.0,475,564.7944055747404,-265.1854762132698,
131,6.148614883422852,0.04500460624694824,22.219947765187033,21.305611504988917,102324.0,728.0,-551.0,-128.0,-34.5625,10.5625,23.25,13.6875,13.1875,-1.25,83.6875,56.25,109.3125,0.7398681640625,0.211181640625,0.42633056640625,-0.4755859375,-87.0,-38.0,51.0,815.0,-513.0,-180.0,508,553.4355244597923,-262.627129979639,
132,6.195619344711304,0.04700446128845215,21.27457633996277,21.305376049720948,102324.0,746.0,-548.0,-178.0,-34.5625,10.5625,23.25,14.25,0.0625,-6.8125,83.4375,56.4375,108.5625,0.736572265625,0.21343994140625,0.42718505859375,-0.47900390625,-70.0,-34.0,-6.0,817.0,-513.0,-172.0,428,528.3484195678338,-316.84520961823597,
133,6.240623950958252,0.04500460624694824,22.219947765187033,21.311971534445327,102324.0,755.0,-572.0,-154.0,-35.25,9.875,22.875,4.8125,-18.25,-5.9375,83.5625,56.6875,109.5,0.7379150390625,0.2176513671875,0.42584228515625,-0.4761962890625,-64.0,-65.0,25.0,819.0,-507.0,-180.0,414,505.4787356542671,-355.10880408774705,
134,6.2856285572052,0.04500460624694824,22.219947765187033,21.318472572865627,102324.0,814.0,-586.0,-218.0,-34.0625,10.5625,22.5,6.875,-8.0625,4.625,83.0625,56.4375,109.8125,0.73876953125,0.21881103515625,0.42279052734375,-0.47705078125,-2.0,-77.0,-34.0,817.0,-509.0,-183.0,381,480.5829885234137,-394.7234834347712,
135,6.330633163452148,0.04500460624694824,22.219947765187033,21.324881179244215,102330.5,822.0,-506.0,-197.0,-34.5,9.875,24.0,7.875,-1.8125,1.625,82.8125,56.375,109.6875,0.73846435546875,0.21917724609375,0.421875,-0.47821044921875,6.0,4.0,-13.0,816.0,-511.0,-183.0,353,455.066390818731,-429.17428037648506,
136,6.3746373653411865,0.044004201889038086,22.72510253728998,21.334546924885498,102330.5,866.0,-515.0,-179.0,-34.1875,10.5625,23.25,4.1875,-5.875,-3.625,82.8125,56.375,109.8125,0.7386474609375,0.2196044921875,0.42156982421875,-0.4779052734375,49.0,-4.0,4.0,816.0,-510.0,-184.0,325,429.05311265498483,-461.5703070216237,
137,6.422642230987549,0.048004865646362305,20.83122172170432,21.33078491263475,102330.5,858.0,-561.0,-165.0,-34.1875,10.1875,23.25,-1.5625,-9.4375,-6.375,83.0,56.4375,110.625,0.740478515625,0.2215576171875,0.42059326171875,-0.47515869140625,41.0,-54.0,25.0,817.0,-507.0,-190.0,311,405.44249012398785,-467.62386820343215,
138,6.466646671295166,0.04400444030761719,22.724979411382254,21.340272171134533,102330.5,808.0,-520.0,-172.0,-34.0625,10.1875,23.5625,-1.4375,0.8125,-7.25,83.5,56.6875,110.8125,0.740478515625,0.2220458984375,0.42254638671875,-0.47308349609375,-11.0,-17.0,18.0,819.0,-503.0,-191.0,292,382.7539920991903,-477.21822466048786,
139,6.508650779724121,0.04200410842895508,23.807194995969986,21.356192658702103,102330.5,793.0,-503.0,-162.0,-34.5,9.5,24.0,3.1875,10.0,3.75,83.875,56.75,110.5,0.740234375,0.219482421875,0.42486572265625,-0.47265625,-26.0,0.0,25.0,820.0,-503.0,-188.0,292,364.60319367935233,-468.19849919111573,
140,6.550655126571655,0.04200434684753418,23.807059865250682,21.371908197717968,102330.5,724.0,-556.0,-106.0,-34.5,9.5,24.0,1.25,9.9375,7.125,84.125,56.625,109.5,0.7391357421875,0.2132568359375,0.42822265625,-0.47412109375,-110.0,-38.0,63.0,819.0,-508.0,-180.0,268,345.2825549434819,-466.5523199568423,
141,6.5986597537994385,0.0480046272277832,20.831325181528314,21.367975507270806,102330.5,750.0,-617.0,-101.0,-34.1875,10.25,23.25,4.4375,-5.75,12.5,83.75,56.1875,109.1875,0.74005126953125,0.21112060546875,0.42694091796875,-0.47576904296875,-66.0,-104.0,77.0,816.0,-513.0,-179.0,250,326.22604395478555,-452.6363314116541,
142,6.642664194107056,0.04400444030761719,22.724979411382254,21.376965002381613,102330.5,803.0,-604.0,-176.0,-34.1875,10.25,23.25,6.6875,-8.5,3.0625,83.0625,55.875,109.25,0.740478515625,0.21038818359375,0.42340087890625,-0.47772216796875,-8.0,-85.0,5.0,811.0,-519.0,-181.0,193,299.58083516382845,-483.2114293666196,
143,6.688668727874756,0.046004533767700195,21.736988033603343,21.379441233806855,102327.5,786.0,-585.0,-189.0,-34.5625,11.5,24.0,6.0,-6.875,6.8125,82.4375,55.625,109.4375,0.7408447265625,0.2122802734375,0.41998291015625,-0.479248046875,-23.0,-63.0,-5.0,809.0,-521.0,-184.0,212,282.0646681310628,-462.7188861304607,
144,6.736673593521118,0.048004865646362305,20.83122172170432,21.375534676118132,102327.5,789.0,-586.0,-160.0,-33.5,11.5,23.25,3.75,-1.5,4.1875,81.9375,55.375,109.375,0.74114990234375,0.21185302734375,0.4178466796875,-0.4808349609375,-17.0,-61.0,24.0,807.0,-525.0,-184.0,175,260.6517345048502,-459.38662252032304,
145,6.782678127288818,0.046004533767700195,21.736988033603343,21.377986287838134,102327.5,821.0,-574.0,-198.0,-33.5,11.75,23.25,2.75,-4.8125,8.375,81.3125,55.0,109.125,0.74139404296875,0.210693359375,0.41510009765625,-0.48333740234375,16.0,-50.0,-3.0,803.0,-531.0,-184.0,142,236.92138760388016,-470.67455134018684,
146,6.82968282699585,0.04700469970703125,21.274468430449602,21.377273835162935,102327.5,821.0,-598.0,-150.0,-33.5,11.5,23.5625,9.0625,3.0,8.5,80.6875,54.5625,108.625,0.740966796875,0.20849609375,0.41326904296875,-0.48651123046875,36.0,-70.0,16.0,799.0,-538.0,-181.0,142,217.93711008310416,-457.3157236302781,
147,6.874687433242798,0.04500460624694824,22.219947765187033,21.38279033446324,102327.5,846.0,-625.0,-166.0,-32.25,11.5,23.5625,11.0,8.375,6.25,80.1875,54.375,107.6875,0.73870849609375,0.20672607421875,0.4132080078125,-0.49072265625,23.0,-55.0,-38.0,797.0,-543.0,-173.0,95,193.34968806648334,-475.1188254822074,
148,6.921692132949829,0.04700469970703125,21.274468430449602,21.38205472841893,102327.5,817.0,-561.0,-180.0,-33.5,11.0625,22.875,-4.4375,2.3125,-7.5625,80.5,54.4375,107.625,0.73895263671875,0.20513916015625,0.41485595703125,-0.4896240234375,-20.0,-5.0,19.0,798.0,-542.0,-172.0,114,177.47975045318668,-447.6199577352228,
149,6.966696500778198,0.04500436782836914,22.220065479280787,21.387468218739873,102327.5,771.0,-624.0,-52.0,-34.0625,12.5625,22.875,-2.5,7.125,10.5625,80.875,54.4375,107.5,0.73919677734375,0.2022705078125,0.4168701171875,-0.48876953125,-27.0,-81.0,118.0,798.0,-543.0,-171.0,81,158.18380036254933,-443.8474210879574,
150,7.0117011070251465,0.04500460624694824,22.219947765187033,21.3928114890283,102327.5,843.0,-659.0,-172.0,-33.6875,12.875,23.25,8.5625,9.4375,3.8125,80.125,53.875,106.25,0.73736572265625,0.19720458984375,0.41595458984375,-0.494384765625,50.0,-105.0,-10.0,792.0,-554.0,-161.0,81,142.74704029003948,-423.6787373653447,
151,7.056705713272095,0.04500460624694824,22.219947765187033,21.39808660519916,102332.75,758.0,-642.0,-51.0,-34.875,11.5,21.6875,-0.3125,5.875,-4.125,81.125,54.3125,106.1875,0.73699951171875,0.19830322265625,0.41839599609375,-0.491455078125,-35.0,-75.0,109.0,796.0,-549.0,-160.0,76,129.39763223203158,-398.26761984129627,
152,7.102710247039795,0.046004533767700195,21.736988033603343,21.40028168308699,102332.75,797.0,-566.0,-186.0,-34.875,11.5,21.6875,7.8125,-1.4375,1.1875,80.9375,54.3125,105.75,0.735595703125,0.19549560546875,0.42108154296875,-0.49334716796875,0.0,-16.0,-30.0,796.0,-550.0,-155.0,95,122.51810578562527,-348.5221326815154,
153,7.150715112686157,0.048004865646362305,20.83122172170432,21.396461415245188,102332.75,769.0,-542.0,-147.0,-33.0,12.5625,22.5,-5.5,3.625,-2.8125,81.0,54.3125,106.0,0.73614501953125,0.19610595703125,0.4208984375,-0.492431640625,-27.0,6.0,9.0,797.0,-549.0,-157.0,48,107.61448462850021,-340.9098335012835,
154,7.194719314575195,0.044004201889038086,22.72510253728998,21.404587624151503,102332.75,731.0,-570.0,-93.0,-33.6875,13.25,22.5,8.3125,28.125,3.8125,81.3125,54.375,104.625,0.7327880859375,0.19134521484375,0.4256591796875,-0.4952392578125,-87.0,-2.0,35.0,797.0,-552.0,-144.0,29,91.89158770280017,-344.1887557649818,
155,7.2377238273620605,0.043004512786865234,23.253373546076485,21.415572588446356,102332.75,592.0,-414.0,-104.0,-33.375,12.1875,21.75,0.6875,10.0,-2.125,81.875,54.625,103.375,0.729248046875,0.18768310546875,0.43133544921875,-0.49688720703125,-196.0,120.0,24.0,799.0,-551.0,-131.0,29,79.31327016224013,-333.8486678823472,
156,8.984898328781128,0.04700446128845215,21.27457633996277,17.362466918550275,102335.5,720.0,-553.0,-148.0,-33.0,14.375,22.875,1.8125,-2.6875,-2.75,79.875,52.5,104.5625,0.738525390625,0.1771240234375,0.41766357421875,-0.498779296875,-68.0,31.0,3.0,778.0,-577.0,-150.0,1,63.65061612979211,-333.722200085826,
157,9.081907987594604,0.048004865646362305,20.83122172170432,17.28711634322364,102335.5,823.0,-633.0,-147.0,-33.0,14.375,22.5,-10.5625,-10.8125,1.875,79.5625,52.0,105.6875,0.7432861328125,0.17572021484375,0.4130859375,-0.49603271484375,77.0,-61.0,15.0,773.0,-580.0,-163.0,39,58.72049290383369,-287.51785807571366,
158,9.125912427902222,0.04400444030761719,22.724979411382254,17.31333729621593,102335.5,811.0,-609.0,-146.0,-33.375,13.6875,22.5,-3.125,-1.375,-0.4375,79.625,51.9375,106.0,0.74462890625,0.1749267578125,0.4124755859375,-0.4947509765625,39.0,-28.0,20.0,772.0,-581.0,-166.0,10,48.976394323066955,-274.30117438665155,
159,12.142214059829712,0.041004180908203125,24.387757000651224,13.094811145359587,102337.75,-18.0,-61.0,-48.0,-30.75,14.0,25.5625,19.0625,-31.625,57.25,68.6875,42.1875,108.5625,0.77557373046875,0.12847900390625,0.34869384765625,-0.51031494140625,-677.0,627.0,182.0,659.0,-688.0,-231.0,109,60.98111545845357,-160.8872951272431,
160,12.184218168258667,0.04200410842895508,23.807194995969986,13.131741223808596,102337.75,-19.0,-71.0,-64.0,-29.25,15.5,26.375,18.0,-32.9375,58.125,64.625,39.6875,108.25,0.7784423828125,0.12109375,0.329345703125,-0.52044677734375,-646.0,639.0,181.0,626.0,-716.0,-236.0,198,88.38489236676287,1.7715759946413243,
161,12.234223127365112,0.05000495910644531,19.998016554144257,13.159805761583703,102337.75,-23.0,-93.0,-64.0,-28.1875,16.25,25.5625,16.3125,-34.3125,59.4375,59.6875,36.4375,107.9375,0.7822265625,0.1102294921875,0.30517578125,-0.5318603515625,-607.0,657.0,180.0,583.0,-749.0,-243.0,414,153.50791389341032,261.8835133048708,
162,12.280227899551392,0.0460047721862793,21.736875382207526,13.19193758659137,102337.75,-26.0,-86.0,-62.0,-26.5625,18.75,25.1875,14.6875,-35.8125,60.875,55.625,33.8125,107.75,0.78521728515625,0.10107421875,0.28509521484375,-0.540283203125,-571.0,691.0,178.0,546.0,-775.0,-248.0,554,233.60633111472828,557.7246733342674,
163,12.327232599258423,0.04700469970703125,21.274468430449602,13.22275690732125,102337.75,-10.0,-87.0,-44.0,-25.0,17.6875,26.75,12.75,-37.375,62.1875,50.5625,30.4375,107.5625,0.78912353515625,0.08819580078125,0.259765625,-0.54962158203125,-504.0,717.0,203.0,497.0,-805.0,-255.0,658,318.4850648917826,807.3297270987097,
164,12.377237558364868,0.05000495910644531,19.998016554144257,13.250129459554925,102342.25,0.0,-94.0,-40.0,-25.25,18.5,25.875,10.875,-38.25,63.4375,45.0625,27.0,107.5,0.79248046875,0.07733154296875,0.23193359375,-0.55877685546875,-445.0,732.0,208.0,445.0,-833.0,-262.0,894,433.5880519134261,1106.2300696570235,
165,12.423242092132568,0.046004533767700195,21.736988033603343,13.281557163286044,102342.25,0.0,-111.0,-51.0,-24.5625,16.875,27.25,8.75,-39.375,64.875,39.4375,23.4375,107.4375,0.79571533203125,0.06591796875,0.20330810546875,-0.56671142578125,-394.0,746.0,207.0,390.0,-858.0,-269.0,1091,565.0704415307409,1456.5902816738478,
166,12.468246698379517,0.04500460624694824,22.219947765187033,13.313820620951848,102342.25,8.0,-119.0,-71.0,-25.75,15.0,26.5,7.0625,-40.3125,66.0625,36.0,21.25,107.4375,0.797607421875,0.058837890625,0.18560791015625,-0.57086181640625,-350.0,751.0,202.0,356.0,-871.0,-273.0,1250,702.0563532245928,1774.0361858198607,
167,12.515251398086548,0.04700469970703125,21.274468430449602,13.343719170158465,102342.25,-11.0,-161.0,-102.0,-26.375,12.375,25.75,3.1875,-43.4375,68.375,30.0625,17.5625,107.5,0.80096435546875,0.046630859375,0.15496826171875,-0.576416015625,-307.0,730.0,179.0,296.0,-891.0,-281.0,1507,863.0450825796743,2104.2188767204634,
168,12.562256336212158,0.04700493812561035,21.274360522031113,13.373393720339916,102342.25,0.0,-177.0,-83.0,-19.5,14.0625,26.75,-1.0625,-45.9375,71.75,23.8125,13.625,107.75,0.80462646484375,0.0338134765625,0.12249755859375,-0.58001708984375,-232.0,729.0,207.0,231.0,-907.0,-291.0,1774,1045.2360660637394,2458.5744346770543,
169,12.611261129379272,0.04900479316711426,20.406167139402843,13.400721646013382,102342.25,-26.0,-191.0,-100.0,-6.5,21.0,29.0,-4.75,-48.0625,75.5,17.25,9.5625,108.1875,0.80841064453125,0.02008056640625,0.08831787109375,-0.58160400390625,-189.0,727.0,201.0,162.0,-918.0,-301.0,2079,1251.9888528509916,2810.6659324852417,
170,12.657265424728394,0.046004295349121094,21.737100686166794,13.431021179967706,102342.25,-52.0,-214.0,-96.0,3.75,21.0625,28.75,-9.4375,-50.75,80.6875,10.1875,5.1875,108.6875,0.81219482421875,0.0052490234375,0.052001953125,-0.5810546875,-141.0,710.0,217.0,88.0,-925.0,-313.0,2327,1466.9910822807933,3183.23776776138,
171,12.705270290374756,0.048004865646362305,20.83122172170432,13.458981673892131,102342.25,-55.0,-227.0,-97.0,3.75,21.0625,28.75,-12.375,-52.75,85.5,4.1875,1.4375,109.125,0.81500244140625,-0.00775146484375,0.021240234375,-0.57904052734375,-80.0,698.0,224.0,25.0,-925.0,-322.0,2879,1749.3928658246346,3723.1450477304056,
172,12.752274990081787,0.04700469970703125,21.274468430449602,13.487789444140342,102356.25,-80.0,-233.0,-100.0,5.375,23.1875,28.0625,-15.125,-55.4375,92.0,356.125,-3.4375,109.8125,0.81781005859375,-0.02532958984375,-0.01934814453125,-0.5745849609375,-20.0,687.0,232.0,-59.0,-920.0,-332.0,3174,2034.314292659708,4190.82641825661,
173,12.80027985572815,0.048004865646362305,20.83122172170432,13.515329504501588,102356.25,-136.0,-245.0,-149.0,5.1875,25.5625,29.5625,-19.25,-57.6875,99.8125,347.4375,-8.8125,110.5625,0.8197021484375,-0.0447998046875,-0.06243896484375,-0.567626953125,13.0,661.0,191.0,-150.0,-907.0,-341.0,3338,2295.0514341277662,4438.95577560619,
174,12.844284296035767,0.04400444030761719,22.724979411382254,13.546881709376597,102356.25,-172.0,-277.0,-126.0,8.6875,28.75,32.0625,-22.0625,-60.5625,107.8125,339.875,-13.375,111.25,0.82012939453125,-0.06640625,-0.1087646484375,-0.55780029296875,78.0,598.0,250.0,-247.0,-883.0,-347.0,3576,2551.241147302213,4715.545811944398,
175,12.888288736343384,0.04400444030761719,22.724979411382254,13.578218457080466,102356.25,-171.0,-276.0,-141.0,11.0625,28.25,32.875,-22.8125,-62.625,116.1875,331.8125,-18.3125,111.9375,0.8187255859375,-0.08563232421875,-0.14813232421875,-0.548095703125,158.0,578.0,207.0,-329.0,-855.0,-348.0,3966,2834.1929178417704,5058.451281540638,
176,12.932293176651001,0.04400444030761719,22.724979411382254,13.609341947007861,102356.25,-202.0,-300.0,-106.0,16.5625,27.25,32.875,-23.9375,-65.9375,126.0625,321.125,-25.0,112.875,0.814208984375,-0.11181640625,-0.199951171875,-0.533447265625,233.0,507.0,245.0,-436.0,-808.0,-344.0,4316,3130.5543342734163,5393.722442579958,
177,12.979297876358032,0.04700469970703125,21.274468430449602,13.637101304409379,102356.25,-276.0,-255.0,-128.0,21.0,23.0625,32.1875,-24.0625,-68.5,136.3125,309.8125,-32.1875,113.8125,0.805908203125,-0.14044189453125,-0.25421142578125,-0.515869140625,247.0,494.0,216.0,-543.0,-745.0,-331.0,4653,3435.043467418733,5610.546844166968,
178,13.025302410125732,0.046004533767700195,21.736988033603343,13.665709585492976,102356.25,-338.0,-267.0,-67.0,23.6875,17.25,32.25,-23.6875,-71.0,145.75,300.5,-38.3125,114.5625,0.79595947265625,-0.16522216796875,-0.29931640625,-0.49957275390625,288.0,403.0,240.0,-629.0,-682.0,-315.0,5117,3771.434773934987,5950.864236203975,
179,13.072307109832764,0.04700469970703125,21.274468430449602,13.693068751831824,102356.25,-406.0,-256.0,-91.0,22.875,16.375,31.875,-22.0625,-73.125,158.375,288.5625,-46.5,115.6875,0.78253173828125,-0.1920166015625,-0.3455810546875,-0.48101806640625,305.0,351.0,201.0,-711.0,-608.0,-292.0,5717,4160.54781914799,6416.326028215208,
180,13.119311809539795,0.04700469970703125,21.274468430449602,13.720231869869256,102379.75,-390.0,-241.0,-48.0,19.1875,8.75,31.0625,-19.3125,-75.6875,170.75,276.625,-55.3125,117.0625,0.75994873046875,-0.22802734375,-0.40472412109375,-0.45465087890625,415.0,255.0,205.0,-806.0,-520.0,-262.0,6682,4664.838255318392,7278.763015389142,
181,13.165316581726074,0.0460047721862793,21.736875382207526,13.748245161930585,102379.75,-439.0,-149.0,-115.0,30.375,5.25,21.6875,-17.375,-81.0625,182.9375,264.8125,-64.6875,119.125,0.730224609375,-0.2662353515625,-0.4644775390625,-0.42449951171875,447.0,215.0,88.0,-886.0,-365.0,-204.0,6199,4971.670604254714,7156.925718723083,
182,13.20732069015503,0.04200410842895508,23.807194995969986,13.780236299983692,102379.75,-499.0,-82.0,-45.0,40.375,1.5625,19.75,-16.625,-86.0,192.75,255.5,-72.6875,122.25,0.70068359375,-0.29742431640625,-0.5126953125,-0.39715576171875,436.0,164.0,110.0,-936.0,-246.0,-155.0,6733,5323.9364834037715,7402.833070044149,
183,13.25432538986206,0.04700469970703125,21.274468430449602,13.806813596108983,102379.75,-498.0,-81.0,-55.0,45.25,-5.5625,18.0625,-15.3125,-92.6875,205.3125,244.125,-83.0,135.625,0.66546630859375,-0.3289794921875,-0.56060791015625,-0.36688232421875,474.0,53.0,24.0,-968.0,-117.0,-100.0,7282,5715.549186723018,7588.536874780985,
184,13.302330255508423,0.048004865646362305,20.83122172170432,13.83216297188281,102379.75,-520.0,-58.0,4.0,45.25,-5.5625,18.0625,-14.6875,-98.625,216.625,235.25,-86.375,-176.625,0.61273193359375,-0.36822509765625,-0.6195068359375,-0.3243408203125,457.0,-115.0,26.0,-978.0,57.0,-21.0,7718,6116.039349378415,7739.369374951991,
185,13.351335048675537,0.04900479316711426,20.406167139402843,13.856292222877903,102379.75,-513.0,49.0,84.0,45.0,-12.1875,15.5625,-13.5625,-105.6875,229.375,224.4375,-75.25,-75.0625,0.549560546875,-0.406494140625,-0.675537109375,-0.27630615234375,434.0,-190.0,20.0,-948.0,240.0,64.0,8257,6544.231479502732,7939.047534980344,
186,13.402340173721313,0.05100512504577637,19.60587292164296,13.878173333094482,102379.75,-518.0,173.0,213.0,34.5,-22.75,11.6875,-10.875,-110.1875,242.125,212.125,-60.1875,-69.75,0.4608154296875,-0.4493408203125,-0.73541259765625,-0.2119140625,332.0,-283.0,45.0,-851.0,456.0,168.0,8787,6992.7851836021855,8110.095412205499,
187,13.450344800949097,0.0480046272277832,20.831325181528314,13.902989311233473,102379.75,-454.0,328.0,163.0,34.5,-22.75,11.6875,-9.5,-110.4375,248.125,204.1875,-49.8125,-68.5,0.3948974609375,-0.47540283203125,-0.76861572265625,-0.16497802734375,294.0,-260.0,-68.0,-749.0,588.0,231.0,9308,7455.8281468817495,8417.236037983414,
188,13.497349739074707,0.04700493812561035,21.274360522031113,13.928660339573307,102407.5,-353.0,388.0,185.0,28.75,-28.1875,11.5625,-7.0625,-109.4375,250.25,194.75,-36.5625,-67.6875,0.3072509765625,-0.50347900390625,-0.80084228515625,-0.10369873046875,231.0,-339.0,-112.0,-584.0,728.0,298.0,9786,7921.862517505399,8716.70547364781,
189,13.54535436630249,0.0480046272277832,20.831325181528314,13.953123328407377,102407.5,-266.0,455.0,319.0,28.5625,-34.5,22.25,-2.5625,-104.75,247.875,185.6875,-23.5,-67.3125,0.21649169921875,-0.52606201171875,-0.8214111328125,-0.04107666015625,124.0,-374.0,-26.0,-391.0,830.0,346.0,10265,8390.490014004321,8925.790732633159,
190,13.59135913848877,0.0460047721862793,21.736875382207526,13.979470196026783,102407.5,-95.0,586.0,175.0,19.5,-37.375,12.1875,4.875,-97.6875,241.5625,178.75,-13.25,-67.375,0.1441650390625,-0.5406494140625,-0.8287353515625,0.0087890625,114.0,-285.0,-181.0,-225.0,881.0,366.0,10846,8881.592011203458,9275.637168720703,
191,13.634363174438477,0.04300403594970703,23.253631384028562,14.008721753729157,102407.5,88.0,601.0,215.0,12.75,-50.75,-1.5625,10.8125,-93.0625,226.125,170.5625,-1.0625,-67.75,0.05706787109375,-0.55487060546875,-0.82720947265625,0.06781005859375,107.0,-306.0,-154.0,-18.0,907.0,370.0,11324,9370.073608962768,9692.303937411823,
192,13.678367614746094,0.04400444030761719,22.724979411382254,14.036762675760562,102407.5,142.0,622.0,261.0,1.6875,-53.6875,-2.1875,18.375,-87.3125,208.5,164.5625,7.9375,-68.375,-0.00811767578125,-0.5635986328125,-0.81854248046875,0.11077880859375,7.0,-280.0,-96.0,135.0,903.0,357.0,12023,9900.658887170215,10165.351054578812,
193,13.726372480392456,0.048004865646362305,20.83122172170432,14.060524750854048,102407.5,-1273.0,3889.0,646.0,-7.6875,-51.0,-2.5,203.875,19.75,-172.4375,152.0,28.5625,-88.1875,-0.1756591796875,-0.6748046875,-0.695556640625,0.1732177734375,-1742.0,3028.0,619.0,468.0,860.0,27.0,12168,10354.127109736173,10021.540261266777,
194,13.771377086639404,0.04500460624694824,22.219947765187033,14.087189594729292,102407.5,1494.0,2671.0,-1307.0,-23.25,-41.75,13.5625,-120.0625,58.8125,-9.5,156.9375,22.1875,-88.0,-0.12939453125,-0.6837158203125,-0.70367431640625,0.1435546875,1123.0,1764.0,-1338.0,371.0,907.0,30.0,12032,10689.701687788938,9508.522128144847,
195,13.823382139205933,0.05200505256652832,19.228900859598856,14.106533266337202,102407.5,612.0,1647.0,753.0,-16.5625,-42.375,13.375,-53.4375,38.6875,4.375,157.375,21.625,-79.3125,-0.11962890625,-0.6322021484375,-0.75067138671875,0.15008544921875,250.0,752.0,585.0,362.0,895.0,168.0,11995,10950.76135023115,8610.795776024206,
196,13.871387004852295,0.048004865646362305,20.83122172170432,14.129805471611311,102407.5,764.0,1229.0,432.0,-15.75,-43.1875,7.1875,4.8125,-8.0,15.5,156.875,22.125,-79.1875,-0.12261962890625,-0.63134765625,-0.75030517578125,0.153076171875,362.0,251.0,270.0,370.0,892.0,169.0,12046,11169.809080184921,7801.242986879966,
197,13.915391445159912,0.04400444030761719,22.724979411382254,14.156985865354226,102461.75,273.0,589.0,776.0,-15.375,-42.5625,6.875,-40.5,-28.75,-13.125,158.625,23.0,-77.9375,-0.14068603515625,-0.61993408203125,-0.758544921875,0.14312744140625,-49.0,-350.0,618.0,383.0,882.0,187.0,12051,11346.047264147937,7041.996209915761,
198,13.962395906448364,0.04700446128845215,21.27457633996277,14.18094726196355,102461.75,401.0,1171.0,130.0,-15.375,-42.0625,4.1875,-0.375,16.0625,-33.9375,159.4375,22.0,-77.625,-0.13116455078125,-0.61920166015625,-0.76214599609375,0.13604736328125,233.0,283.0,-63.0,367.0,888.0,194.0,12140,11504.83781131835,6309.237291500889,
199,14.008400678634644,0.0460047721862793,21.736875382207526,14.205761568735763,102461.75,84.0,1109.0,28.0,-15.0,-42.0625,4.5625,-9.5,-29.625,-28.375,161.1875,20.75,-77.625,-0.12982177734375,-0.6192626953125,-0.7640380859375,0.12646484375,-260.0,212.0,-166.0,345.0,896.0,195.0,12215,11646.87024905468,5664.858113061865,
200,14.055405378341675,0.04700469970703125,21.274468430449602,14.229401046531535,102461.75,-173.0,1142.0,74.0,-15.0,-42.0625,4.5625,-13.0,-30.4375,-24.9375,164.0625,19.875,-77.875,-0.13568115234375,-0.6187744140625,-0.76629638671875,0.10693359375,-506.0,241.0,-119.0,333.0,901.0,193.0,12159,11749.296199243745,4967.698019200704,
201,14.103410243988037,0.048004865646362305,20.83122172170432,14.251872172950632,102461.75,-71.0,947.0,-67.0,-13.1875,-42.5,4.5625,-62.4375,-29.5,2.25,165.875,19.9375,-76.25,-0.1451416015625,-0.60601806640625,-0.77618408203125,0.0958251953125,-406.0,52.0,-286.0,334.0,895.0,219.0,12117,11822.836959394996,4280.547191419239,
202,14.149414777755737,0.046004533767700195,21.736988033603343,14.276208816605175,102461.75,-21.0,769.0,112.0,-12.5,-42.5,4.1875,-85.5625,-39.5625,-1.9375,168.1875,20.5625,-73.0625,-0.16162109375,-0.58123779296875,-0.7933349609375,0.0816650390625,-365.0,-108.0,-154.0,344.0,878.0,266.0,12093,11876.869567515998,3659.338984365513,
203,14.19841980934143,0.04900503158569336,20.4060678596102,14.29736567349855,102461.75,-21.0,932.0,118.0,-13.875,-43.0625,2.6875,-65.5625,-39.8125,-0.3125,170.5,21.0,-70.25,-0.176025390625,-0.55804443359375,-0.80816650390625,0.06695556640625,-373.0,71.0,-190.0,352.0,861.0,309.0,12117,11924.895654012798,3123.4759035094544,
204,14.24442434310913,0.046004533767700195,21.736988033603343,14.321393064837109,102461.75,238.0,771.0,-51.0,-13.1875,-43.0625,-1.875,-80.8125,-67.25,9.125,172.9375,22.3125,-67.875,-0.198974609375,-0.5350341796875,-0.81951904296875,0.0504150390625,-18.0,-95.0,-368.0,372.0,840.0,341.0,12126,11965.11652321024,2673.636833296744,
205,14.292429208755493,0.048004865646362305,20.83122172170432,14.343258028832334,102476.5,285.0,1297.0,832.0,-13.5625,-42.875,-0.75,-235.125,-103.1875,39.9375,176.75,25.5,-61.5,-0.24151611328125,-0.47613525390625,-0.84521484375,0.02386474609375,79.0,79.0,-231.0,422.0,778.0,421.0,12107,11993.493218568192,2257.1337131835485,
206,14.341434001922607,0.04900479316711426,20.406167139402843,14.363975037111611,102476.5,499.0,1148.0,345.0,-13.875,-42.5,-5.0,-271.3125,-126.4375,47.5,181.625,30.8125,-50.9375,-0.2972412109375,-0.37554931640625,-0.87774658203125,-0.0126953125,-56.0,306.0,-174.0,485.0,681.0,510.0,12018,11998.394574854554,1825.710549664692,
207,14.38943886756897,0.048004865646362305,20.83122172170432,14.385550535020391,102476.5,372.0,293.0,309.0,-17.25,-41.375,-11.0625,-243.0625,-161.125,16.75,186.1875,35.625,-43.625,-0.34356689453125,-0.2967529296875,-0.88970947265625,-0.04833984375,-199.0,-583.0,-149.0,571.0,550.0,576.0,12028,12004.315659883643,1485.237126746558,
208,14.43544340133667,0.046004533767700195,21.736988033603343,14.408978942810995,102476.5,1118.0,879.0,558.0,-19.0625,-35.0625,-16.0625,-240.875,-52.4375,339.875,181.625,45.75,-25.8125,-0.399658203125,-0.16265869140625,-0.90203857421875,-0.01312255859375,344.0,373.0,-121.0,702.0,298.0,615.0,12103,12024.052527906915,1273.9937142057813,
209,14.48244833946228,0.04700493812561035,21.274360522031113,14.431261558897436,102476.5,823.0,-255.0,27.0,-25.0,-28.375,-21.0,-202.875,-80.1875,139.75,176.8125,52.0625,-6.1875,-0.43853759765625,-0.049072265625,-0.89703369140625,0.024658203125,-263.0,36.0,-347.0,773.0,65.0,598.0,12112,12041.642022325532,1094.0360204970057,
210,14.530452966690063,0.0480046272277832,20.831325181528314,14.45240561195227,102476.5,567.0,-133.0,563.0,-31.6875,-16.5,-23.5,-140.0625,-72.75,174.6875,173.375,54.875,9.0,-0.464111328125,0.02423095703125,-0.88397216796875,0.05084228515625,-235.0,-45.0,6.0,802.0,-88.0,557.0,12089,12051.113617860425,914.6899937126577,
211,14.577457427978516,0.04700446128845215,21.27457633996277,14.474403443979721,102476.5,971.0,-790.0,543.0,-35.0625,-8.0,-22.6875,-118.0625,-66.0,108.5,168.9375,55.5625,26.125,-0.48681640625,0.09716796875,-0.86407470703125,0.083251953125,244.0,-1005.0,-217.0,809.0,-244.0,497.0,12121,12065.090894288342,791.2241218482222,
212,14.624462366104126,0.04700493812561035,21.274360522031113,14.496259396951466,102476.5,650.0,-565.0,205.0,-36.5625,-0.375,-22.5625,-37.5,-36.125,3.375,169.0625,57.25,32.3125,-0.5068359375,0.121826171875,-0.84954833984375,0.0809326171875,-291.0,-395.0,-196.0,825.0,-283.0,447.0,12121,12076.272715430674,680.5565163335477,
213,14.67346715927124,0.04900479316711426,20.406167139402843,14.51599664128588,102474.5,946.0,-442.0,489.0,-37.75,3.0,-19.5625,11.4375,17.1875,12.6875,168.6875,57.0,32.3125,-0.505126953125,0.1217041015625,-0.85015869140625,0.085205078125,16.0,-25.0,15.0,821.0,-287.0,451.0,12117,12084.41817234454,577.6887241090687,
214,14.71947169303894,0.046004533767700195,21.736988033603343,14.538565273453655,102474.5,1002.0,-276.0,596.0,-37.75,1.75,-19.6875,-19.125,-37.0,2.5,168.375,57.375,33.5625,-0.50994873046875,0.1243896484375,-0.8468017578125,0.08575439453125,127.0,-29.0,156.0,826.0,-292.0,440.0,12126,12092.734537875633,498.3055268937419,
215,14.764476299285889,0.04500460624694824,22.219947765187033,14.561979418829699,102474.5,559.0,-682.0,492.0,-38.875,2.6875,-20.1875,-85.25,40.3125,22.0625,169.8125,57.3125,37.25,-0.51324462890625,0.1483154296875,-0.84197998046875,0.074951171875,-265.0,-362.0,72.0,825.0,-320.0,420.0,12112,12096.587630300506,415.7675239980188,
216,14.81148099899292,0.04700469970703125,21.274468430449602,14.583281713333497,102474.5,816.0,-523.0,581.0,-38.1875,6.0,-19.0625,-61.6875,11.9375,29.125,170.625,55.5625,40.9375,-0.504638671875,0.1787109375,-0.841796875,0.0689697265625,7.0,-159.0,162.0,808.0,-363.0,418.0,12112,12099.670104240406,345.72961810283016,
217,14.854485273361206,0.04300427436828613,23.25350246433779,14.608382317302484,102474.5,970.0,-389.0,466.0,-38.1875,6.0,-19.0625,-64.875,-22.0,37.75,170.6875,54.75,44.875,-0.5050048828125,0.20220947265625,-0.83636474609375,0.06787109375,168.0,9.0,66.0,801.0,-398.0,400.0,12140,12107.736083392325,314.09614769955436,
218,14.899489879608154,0.04500460624694824,22.219947765187033,14.63137340684131,102474.5,659.0,-498.0,259.0,-37.5,7.875,-20.25,-72.875,6.8125,32.8125,170.375,53.5625,51.0625,-0.50714111328125,0.23736572265625,-0.82562255859375,0.0692138671875,-129.0,-45.0,-106.0,789.0,-453.0,365.0,12107,12107.58886671386,250.62268877851554,
219,14.945494413375854,0.046004533767700195,21.736988033603343,14.653245583096957,102474.5,660.0,-489.0,417.0,-38.25,11.1875,-19.5,-32.625,-23.375,-10.625,170.875,53.4375,54.25,-0.5113525390625,0.254638671875,-0.8182373046875,0.06512451171875,-128.0,-15.0,76.0,788.0,-473.0,340.0,12145,12115.071093371089,233.02636528538807,
220,14.993499279022217,0.048004865646362305,20.83122172170432,14.673025683057693,102474.5,766.0,-463.0,500.0,-38.6875,12.6875,-18.5,-10.3125,-31.25,-32.4375,171.75,55.0,55.5,-0.52301025390625,0.2535400390625,-0.8116455078125,0.0582275390625,-37.0,0.0,182.0,803.0,-463.0,318.0,12135,12119.056874696871,203.0268311346301,
221,15.037503719329834,0.04400444030761719,22.724979411382254,14.696588218689342,102481.25,848.0,-489.0,462.0,-38.6875,12.5625,-17.25,-46.5,-10.875,-18.375,173.3125,56.6875,56.6875,-0.53338623046875,0.25335693359375,-0.80548095703125,0.04986572265625,41.0,-25.0,226.0,817.0,-452.0,296.0,12168,12128.845499757497,206.910725501398,
222,15.082508087158203,0.04500436782836914,22.220065479280787,14.719037358847425,102481.25,661.0,-545.0,213.0,-39.375,10.25,-15.75,-48.125,5.9375,-17.25,174.9375,57.125,58.5625,-0.53656005859375,0.26580810546875,-0.8001708984375,0.03515625,-162.0,-91.0,-64.0,823.0,-454.0,277.0,12192,12141.476399805997,221.6604656291018,
223,15.129512786865234,0.04700469970703125,21.274468430449602,14.739403914817311,102481.25,268.0,-704.0,432.0,-39.75,11.5625,-16.0625,-13.5625,8.75,-57.0625,177.9375,58.25,57.4375,-0.53594970703125,0.267333984375,-0.8006591796875,0.01409912109375,-565.0,-269.0,154.0,834.0,-434.0,277.0,12145,12142.181119844798,180.3268813468351,
224,15.178517580032349,0.04900479316711426,20.406167139402843,14.75769941424824,102481.25,756.0,183.0,262.0,-39.0,11.1875,-16.5,-12.5625,12.8125,-17.8125,181.0625,61.375,56.1875,-0.5491943359375,0.255126953125,-0.79571533203125,-0.0074462890625,-104.0,573.0,1.0,860.0,-390.0,261.0,12206,12154.944895875838,196.3534544813327,
225,15.229522705078125,0.05100512504577637,19.60587292164296,14.773936410034446,102481.25,697.0,-524.0,218.0,-41.5625,8.5,-15.0,-22.0,15.25,-42.375,183.5625,61.875,54.625,-0.54498291015625,0.258056640625,-0.79736328125,-0.02490234375,-167.0,-147.0,-48.0,864.0,-376.0,267.0,12253,12174.555916700672,233.98100001614307,
226,15.277527570724487,0.048004865646362305,20.83122172170432,14.792969539984451,102481.25,879.0,-483.0,466.0,-41.5625,7.0625,-16.0625,7.5,6.6875,-41.125,186.0625,63.5625,51.25,-0.5479736328125,0.24652099609375,-0.7982177734375,-0.04254150390625,1.0,-143.0,193.0,878.0,-340.0,272.0,12309,12201.444733360539,299.2101803481008,
227,15.329532861709595,0.05200529098510742,19.22881270458359,14.808018094733011,102481.25,939.0,-428.0,369.0,-41.1875,6.0,-15.375,-11.0,60.9375,35.0,186.125,62.375,48.8125,-0.5360107421875,0.24505615234375,-0.80670166015625,-0.0433349609375,70.0,-86.0,70.0,868.0,-342.0,299.0,,12201.444733360539,299.2101803481008,
228,15.39453935623169,0.06500649452209473,15.38307837319416,14.810446400769107,102483.0,877.0,-287.0,309.0,-41.1875,5.25,-17.6875,-18.4375,34.1875,76.0625,183.375,57.625,50.875,-0.5087890625,0.26898193359375,-0.81744384765625,-0.024169921875,49.0,120.0,-22.0,828.0,-407.0,331.0,,12201.444733360539,299.2101803481008,
229,15.47154688835144,0.07700753211975098,12.985742725074537,14.801364185013366,102483.0,719.0,-255.0,338.0,-40.5,10.0625,-20.0,1.125,-7.375,-5.1875,181.375,55.125,52.5625,-0.4964599609375,0.28271484375,-0.8206787109375,-0.01025390625,-84.0,189.0,-2.0,804.0,-445.0,340.0,,12201.444733360539,299.2101803481008,
230,15.531553030014038,0.060006141662597656,16.664960823890276,14.808564189011568,0,0,0,0,0,0,0,0,0,0,0,0,0,0,0,0,0,0,0,0,0,0,0,,12201.444733360539,299.2101803481008,
231,15.598559617996216,0.06700658798217773,14.923905695153106,14.809059660450504,0,0,0,0,0,0,0,0,0,0,0,0,0,0,0,0,0,0,0,0,0,0,0,,12201.444733360539,299.2101803481008,
232,15.666566610336304,0.06800699234008789,14.704370324145813,14.808605214555035,0,0,0,0,0,0,0,0,0,0,0,0,0,0,0,0,0,0,0,0,0,0,0,,12201.444733360539,299.2101803481008,
233,15.73257303237915,0.06600642204284668,15.150040996781662,14.810037717318302,0,0,0,0,0,0,0,0,0,0,0,0,0,0,0,0,0,0,0,0,0,0,0,,12201.444733360539,299.2101803481008,
234,15.799579858779907,0.06700682640075684,14.923852594050105,14.810520412032666,0,0,0,0,0,0,0,0,0,0,0,0,0,0,0,0,0,0,0,0,0,0,0,,12201.444733360539,299.2101803481008,
235,15.864586353302002,0.06500649452209473,15.38307837319416,14.812866517070448,0,0,0,0,0,0,0,0,0,0,0,0,0,0,0,0,0,0,0,0,0,0,0,,12201.444733360539,299.2101803481008,
236,15.929592847824097,0.06500649452209473,15.38307837319416,14.815193473839253,0,0,0,0,0,0,0,0,0,0,0,0,0,0,0,0,0,0,0,0,0,0,0,,12201.444733360539,299.2101803481008,
237,15.995599508285522,0.06600666046142578,15.149986274254836,14.816575013473983,0,0,0,0,0,0,0,0,0,0,0,0,0,0,0,0,0,0,0,0,0,0,0,,12201.444733360539,299.2101803481008,
238,16.0626060962677,0.06700658798217773,14.923905695153106,14.817022752945524,0,0,0,0,0,0,0,0,0,0,0,0,0,0,0,0,0,0,0,0,0,0,0,,12201.444733360539,299.2101803481008,
239,16.126612663269043,0.06400656700134277,15.623396892681672,14.82022325397329,0,0,0,0,0,0,0,0,0,0,0,0,0,0,0,0,0,0,0,0,0,0,0,,12201.444733360539,299.2101803481008,
240,16.190618991851807,0.06400632858276367,15.623455088615893,14.82339866812899,0,0,0,0,0,0,0,0,0,0,0,0,0,0,0,0,0,0,0,0,0,0,0,,12201.444733360539,299.2101803481008,
241,16.256625413894653,0.06600642204284668,15.150040996781662,14.824724926860625,0,0,0,0,0,0,0,0,0,0,0,0,0,0,0,0,0,0,0,0,0,0,0,,12201.444733360539,299.2101803481008,
242,16.32263207435608,0.06600666046142578,15.149986274254836,14.826040242627156,0,0,0,0,0,0,0,0,0,0,0,0,0,0,0,0,0,0,0,0,0,0,0,,12201.444733360539,299.2101803481008,
243,16.388638734817505,0.06600666046142578,15.149986274254836,14.827344963297582,0,0,0,0,0,0,0,0,0,0,0,0,0,0,0,0,0,0,0,0,0,0,0,,12201.444733360539,299.2101803481008,
244,16.455645322799683,0.06700658798217773,14.923905695153106,14.827738153904683,0,0,0,0,0,0,0,0,0,0,0,0,0,0,0,0,0,0,0,0,0,0,0,,12201.444733360539,299.2101803481008,
245,16.52165198326111,0.06600666046142578,15.149986274254836,14.829025587043079,0,0,0,0,0,0,0,0,0,0,0,0,0,0,0,0,0,0,0,0,0,0,0,,12201.444733360539,299.2101803481008,
246,16.588658809661865,0.06700682640075684,14.923852594050105,14.829408623240852,0,0,0,0,0,0,0,0,0,0,0,0,0,0,0,0,0,0,0,0,0,0,0,,12201.444733360539,299.2101803481008,
247,16.654665231704712,0.06600642204284668,15.150040996781662,14.830679366031182,0,0,0,0,0,0,0,0,0,0,0,0,0,0,0,0,0,0,0,0,0,0,0,,12201.444733360539,299.2101803481008,
248,16.72167205810547,0.06700682640075684,14.923852594050105,14.831052728353644,0,0,0,0,0,0,0,0,0,0,0,0,0,0,0,0,0,0,0,0,0,0,0,,12201.444733360539,299.2101803481008,
249,16.79067897796631,0.06900691986083984,14.491300322005555,14.829656402028297,0,0,0,0,0,0,0,0,0,0,0,0,0,0,0,0,0,0,0,0,0,0,0,,12201.444733360539,299.2101803481008,
250,16.85968565940857,0.06900668144226074,14.491350389552059,14.828271715759254,0,0,0,0,0,0,0,0,0,0,0,0,0,0,0,0,0,0,0,0,0,0,0,,12201.444733360539,299.2101803481008,
251,16.925692558288574,0.06600689888000488,15.149931552123329,14.829526126367242,0,0,0,0,0,0,0,0,0,0,0,0,0,0,0,0,0,0,0,0,0,0,0,,12201.444733360539,299.2101803481008,
252,16.995699405670166,0.0700068473815918,14.28431699758199,14.82728035987309,0,0,0,0,0,0,0,0,0,0,0,0,0,0,0,0,0,0,0,0,0,0,0,,12201.444733360539,299.2101803481008,
253,17.063706159591675,0.06800675392150879,14.704421874835665,14.826790712039204,0,0,0,0,0,0,0,0,0,0,0,0,0,0,0,0,0,0,0,0,0,0,0,,12201.444733360539,299.2101803481008,
254,17.127712726593018,0.06400656700134277,15.623396892681672,14.82976764350045,0,0,0,0,0,0,0,0,0,0,0,0,0,0,0,0,0,0,0,0,0,0,0,,12201.444733360539,299.2101803481008,
255,17.19671940803528,0.06900668144226074,14.491350389552059,14.82840964892697,0,0,0,0,0,0,0,0,0,0,0,0,0,0,0,0,0,0,0,0,0,0,0,,12201.444733360539,299.2101803481008,
256,17.264726400375366,0.06800699234008789,14.704370324145813,14.827921049153382,0,0,0,0,0,0,0,0,0,0,0,0,0,0,0,0,0,0,0,0,0,0,0,,12201.444733360539,299.2101803481008,
257,17.333733320236206,0.06900691986083984,14.491300322005555,14.826580936258333,0,0,0,0,0,0,0,0,0,0,0,0,0,0,0,0,0,0,0,0,0,0,0,,12201.444733360539,299.2101803481008,
258,17.3987398147583,0.06500649452209473,15.38307837319416,14.828660164292714,0,0,0,0,0,0,0,0,0,0,0,0,0,0,0,0,0,0,0,0,0,0,0,,12201.444733360539,299.2101803481008,
259,17.465746641159058,0.06700682640075684,14.923852594050105,14.829025367266652,0,0,0,0,0,0,0,0,0,0,0,0,0,0,0,0,0,0,0,0,0,0,0,,12201.444733360539,299.2101803481008,
260,17.53475332260132,0.06900668144226074,14.491350389552059,14.82769647320185,0,0,0,0,0,0,0,0,0,0,0,0,0,0,0,0,0,0,0,0,0,0,0,,12201.444733360539,299.2101803481008,
261,17.60576033592224,0.07100701332092285,14.083115923780744,14.82469345373649,0,0,0,0,0,0,0,0,0,0,0,0,0,0,0,0,0,0,0,0,0,0,0,,12201.444733360539,299.2101803481008,
262,17.676767587661743,0.07100725173950195,14.083068637392303,14.821714360428324,0,0,0,0,0,0,0,0,0,0,0,0,0,0,0,0,0,0,0,0,0,0,0,,12201.444733360539,299.2101803481008,
263,17.74277424812317,0.06600666046142578,15.149986274254836,14.822935597448643,0,0,0,0,0,0,0,0,0,0,0,0,0,0,0,0,0,0,0,0,0,0,0,,12201.444733360539,299.2101803481008,
264,17.809780836105347,0.06700658798217773,14.923905695153106,14.8233154820636,0,0,0,0,0,0,0,0,0,0,0,0,0,0,0,0,0,0,0,0,0,0,0,,12201.444733360539,299.2101803481008,
265,17.876787662506104,0.06700682640075684,14.923852594050105,14.823692321176807,0,0,0,0,0,0,0,0,0,0,0,0,0,0,0,0,0,0,0,0,0,0,0,,12201.444733360539,299.2101803481008,
266,17.94279408454895,0.06600642204284668,15.150040996781662,14.824892864877725,0,0,0,0,0,0,0,0,0,0,0,0,0,0,0,0,0,0,0,0,0,0,0,,12201.444733360539,299.2101803481008,
267,18.006800413131714,0.06400632858276367,15.623455088615893,14.827731405590884,0,0,0,0,0,0,0,0,0,0,0,0,0,0,0,0,0,0,0,0,0,0,0,,12201.444733360539,299.2101803481008,
268,18.07380723953247,0.06700682640075684,14.923852594050105,14.828087765250094,0,0,0,0,0,0,0,0,0,0,0,0,0,0,0,0,0,0,0,0,0,0,0,,12201.444733360539,299.2101803481008,
269,18.14181423187256,0.06800699234008789,14.704370324145813,14.827623994043863,0,0,0,0,0,0,0,0,0,0,0,0,0,0,0,0,0,0,0,0,0,0,0,,12201.444733360539,299.2101803481008,
270,18.208820819854736,0.06700658798217773,14.923905695153106,14.827978300802126,0,0,0,0,0,0,0,0,0,0,0,0,0,0,0,0,0,0,0,0,0,0,0,,12201.444733360539,299.2101803481008,
271,18.275827407836914,0.06700658798217773,14.923905695153106,14.828330009496131,0,0,0,0,0,0,0,0,0,0,0,0,0,0,0,0,0,0,0,0,0,0,0,,12201.444733360539,299.2101803481008,
272,18.343834161758423,0.06800675392150879,14.704421874835665,14.827870640427024,0,0,0,0,0,0,0,0,0,0,0,0,0,0,0,0,0,0,0,0,0,0,0,,12201.444733360539,299.2101803481008,
273,18.40984082221985,0.06600666046142578,15.149986274254836,14.829025554121104,0,0,0,0,0,0,0,0,0,0,0,0,0,0,0,0,0,0,0,0,0,0,0,,12201.444733360539,299.2101803481008,
274,18.477847576141357,0.06800675392150879,14.704421874835665,14.828566956780696,0,0,0,0,0,0,0,0,0,0,0,0,0,0,0,0,0,0,0,0,0,0,0,,12201.444733360539,299.2101803481008,
275,18.542854070663452,0.06500649452209473,15.38307837319416,14.830510931705815,0,0,0,0,0,0,0,0,0,0,0,0,0,0,0,0,0,0,0,0,0,0,0,,12201.444733360539,299.2101803481008,
276,18.607860565185547,0.06500649452209473,15.38307837319416,14.832441324091999,0,0,0,0,0,0,0,0,0,0,0,0,0,0,0,0,0,0,0,0,0,0,0,,12201.444733360539,299.2101803481008,
277,18.676867485046387,0.06900691986083984,14.491300322005555,14.831180883077943,0,0,0,0,0,0,0,0,0,0,0,0,0,0,0,0,0,0,0,0,0,0,0,,12201.444733360539,299.2101803481008,
278,18.74187397956848,0.06500649452209473,15.38307837319416,14.833095148492763,0,0,0,0,0,0,0,0,0,0,0,0,0,0,0,0,0,0,0,0,0,0,0,,12201.444733360539,299.2101803481008,
279,18.804880142211914,0.06300616264343262,15.871463330646657,14.836574223821815,0,0,0,0,0,0,0,0,0,0,0,0,0,0,0,0,0,0,0,0,0,0,0,,12201.444733360539,299.2101803481008,
280,18.869886875152588,0.06500673294067383,15.383021954243045,14.838456735461262,0,0,0,0,0,0,0,0,0,0,0,0,0,0,0,0,0,0,0,0,0,0,0,,12201.444733360539,299.2101803481008,
281,18.936893463134766,0.06700658798217773,14.923905695153106,14.838759089342417,0,0,0,0,0,0,0,0,0,0,0,0,0,0,0,0,0,0,0,0,0,0,0,,12201.444733360539,299.2101803481008,
282,19.006900548934937,0.0700070858001709,14.284268350412592,14.83671676368097,0,0,0,0,0,0,0,0,0,0,0,0,0,0,0,0,0,0,0,0,0,0,0,,12201.444733360539,299.2101803481008,
283,19.075907468795776,0.06900691986083984,14.491300322005555,14.835467222879396,0,0,0,0,0,0,0,0,0,0,0,0,0,0,0,0,0,0,0,0,0,0,0,,12201.444733360539,299.2101803481008,
284,19.141913890838623,0.06600642204284668,15.150040996781662,14.836551957112462,0,0,0,0,0,0,0,0,0,0,0,0,0,0,0,0,0,0,0,0,0,0,0,,12201.444733360539,299.2101803481008,
285,19.20992088317871,0.06800699234008789,14.704370324145813,14.836084007486052,0,0,0,0,0,0,0,0,0,0,0,0,0,0,0,0,0,0,0,0,0,0,0,,12201.444733360539,299.2101803481008,
286,19.276927709579468,0.06700682640075684,14.923852594050105,14.836389092120488,0,0,0,0,0,0,0,0,0,0,0,0,0,0,0,0,0,0,0,0,0,0,0,,12201.444733360539,299.2101803481008,
287,19.342934131622314,0.06600642204284668,15.150040996781662,14.837459407505564,0,0,0,0,0,0,0,0,0,0,0,0,0,0,0,0,0,0,0,0,0,0,0,,12201.444733360539,299.2101803481008,
288,19.40794062614441,0.06500649452209473,15.38307837319416,14.839286946912626,0,0,0,0,0,0,0,0,0,0,0,0,0,0,0,0,0,0,0,0,0,0,0,,12201.444733360539,299.2101803481008,
