Index,Time,Difference,Hz,AveHz,0x6104 Pressure,0x6104 Acceleration-X,0x6104 Acceleration-Y,0x6104 Acceleration-Z,0x6104 Magnetic-X,0x6104 Magnetic-Y,0x6104 Magnetic-Z,0x6104 Angular-Vel-X,0x6104 Angular-Vel-Y,0x6104 Angular-Vel-Z,0x6104 Heading,0x6104 Roll,0x6104 Pitch,0x6104 Quaternion-X,0x6104 Quaternion-Y,0x6104 Quaternion-Z,0x6104 Quaternion-W,0x6104 Linear-Acceleration-X,0x6104 Linear-Acceleration-Y,0x6104 Linear-Acceleration-Z,0x6104 Gravity-X,0x6104 Gravity-Y,0x6104 Gravity-Z,0x6104 Range,0x6104 Smoothed Range,0x6104 Velocity,
0,0.0009999275207519531,0.0009999275207519531,1000.072484501669,0.0,102669.5,1207.0,-339.0,-24.0,-52.0,2.0625,0.5625,-16.5625,16.125,69.0,171.0,76.375,111.25,0.70989990234375,-0.10174560546875,0.69512939453125,-0.04937744140625,126.0,-244.0,74.0,955.0,-218.0,-23.0,6,62.00000000000001,,
1,0.2869997024536133,0.03299975395202637,30.303256244084647,3.484324169853892,102671.25,848.0,-100.0,-328.0,-47.0,8.75,12.5625,-28.25,-49.3125,-47.0,171.75,65.625,150.4375,0.815185546875,-0.12115478515625,0.56494140625,-0.04046630859375,-45.0,98.0,22.0,893.0,-198.0,-351.0,6,50.80000000000001,-67.87929398674959,
2,0.3280000686645508,0.0410003662109375,24.390026051358394,6.097559699127446,102671.25,810.0,-271.0,-323.0,-50.0,7.0,13.75,-22.125,-29.375,-29.0625,174.3125,64.75,157.4375,0.82781982421875,-0.10760498046875,0.54986572265625,-0.02728271484375,-77.0,-111.0,62.0,887.0,-160.0,-386.0,24,45.44000000000001,-80.44954311645586,
3,0.3749997615814209,0.04699969291687012,21.276734760134126,8.000005086266254,102671.25,805.0,-77.0,-374.0,-47.0,4.6875,13.0,-48.0625,-14.0,1.25,177.625,64.0625,160.5625,0.83209228515625,-0.11700439453125,0.54205322265625,-0.01104736328125,-95.0,85.0,7.0,882.0,-142.0,-404.0,29,42.152000000000015,-78.35121527142888,
4,0.4219999313354492,0.04700016975402832,21.27651889840869,9.47867452807803,102671.25,738.0,-177.0,-438.0,-47.25,3.5625,15.375,-37.625,-34.25,-15.4375,180.625,62.875,164.5,0.83978271484375,-0.11962890625,0.52960205078125,0.00299072265625,-138.0,-52.0,27.0,872.0,-119.0,-430.0,100,53.72160000000002,-13.448809607737267,
5,0.4659998416900635,0.04399991035461426,22.72731903180185,10.729617378980786,102674.0,650.0,0.0,-377.0,-48.0,2.5,15.5,-34.4375,-47.0,7.0625,182.375,61.0625,166.375,0.84759521484375,-0.1282958984375,0.5147705078125,0.0107421875,-261.0,128.0,82.0,858.0,-111.0,-460.0,118,66.57728000000002,47.675980459961075,
6,0.5069997310638428,0.0409998893737793,24.390309712385008,11.834325804098826,102674.0,622.0,0.0,-405.0,-48.0,0.5,15.875,-28.1875,-32.8125,0.625,183.75,59.6875,167.8125,0.8536376953125,-0.13372802734375,0.50311279296875,0.01666259765625,-197.0,113.0,74.0,846.0,-104.0,-483.0,217,96.66182400000002,184.89505351114371,
7,0.5499999523162842,0.043000221252441406,23.255694293508395,12.727273830697651,102674.0,717.0,-41.0,-448.0,-46.75,0.875,16.6875,-22.25,-23.4375,-2.375,185.0625,59.1875,168.875,0.85589599609375,-0.1368408203125,0.49822998046875,0.02227783203125,-95.0,68.0,30.0,842.0,-96.0,-492.0,160,109.32945920000003,206.83497313549222,
8,0.5939998626708984,0.04399991035461426,22.72731903180185,13.468016581735045,102674.0,731.0,-138.0,-441.0,-47.5625,0.0625,18.6875,-33.625,-3.4375,14.4375,186.625,58.25,169.875,0.85919189453125,-0.143798828125,0.490234375,0.028564453125,-102.0,-48.0,66.0,834.0,-90.0,-507.0,165,120.46356736000003,216.07766416577545,
9,0.6379997730255127,0.04399991035461426,22.72731903180185,14.10658809065141,102674.0,709.0,33.0,-394.0,-45.75,0.875,18.1875,-30.0625,4.25,13.25,189.4375,58.5,170.3125,0.85540771484375,-0.15985107421875,0.490966796875,0.0406494140625,-126.0,118.0,110.0,836.0,-85.0,-504.0,175,131.37085388800003,222.44080747124644,
10,0.678999662399292,0.0409998893737793,24.390309712385008,14.72754782331454,102674.0,797.0,-62.0,-547.0,-45.75,0.875,18.1875,-14.0625,4.25,18.875,189.875,58.5625,170.0625,0.85394287109375,-0.16558837890625,0.49151611328125,0.04266357421875,-39.0,25.0,-44.0,837.0,-88.0,-503.0,193,143.69668311040002,238.07880441625744,
11,0.7170000076293945,0.03800034523010254,26.315550396837846,15.341701370923442,102674.0,798.0,-12.0,-566.0,-45.6875,0.375,17.875,-12.875,-10.25,15.5625,190.0625,58.3125,169.625,0.85394287109375,-0.17266845703125,0.48895263671875,0.04339599609375,-13.0,62.0,-26.0,833.0,-92.0,-508.0,193,153.55734648832,242.36080034658733,
12,0.7549998760223389,0.037999868392944336,26.315880614620127,15.894042345041319,102674.0,849.0,-25.0,-543.0,-45.6875,-0.6875,18.1875,-24.5,15.75,5.5,190.9375,58.375,169.75,0.8525390625,-0.1766357421875,0.4896240234375,0.04705810546875,16.0,103.0,-65.0,836.0,-88.0,-503.0,151,153.04587719065603,191.1966872821961,
13,0.7960000038146973,0.0410001277923584,24.390167881046946,16.331658213190536,102674.0,819.0,-44.0,-555.0,-45.6875,-0.375,17.875,-21.625,28.8125,-20.0,194.1875,59.375,171.0625,0.84674072265625,-0.18511962890625,0.49493408203125,0.061767578125,-25.0,32.0,-62.0,844.0,-77.0,-492.0,142,150.83670175252482,142.18091786281576,
14,0.8409998416900635,0.04499983787536621,22.222302284058216,16.64685212290381,102673.25,807.0,66.0,-362.0,-46.6875,-1.0625,16.25,-34.0625,35.375,-0.125,198.5625,61.0,172.9375,0.83782958984375,-0.1961669921875,0.5028076171875,0.08221435546875,-50.0,124.0,109.0,857.0,-58.0,-471.0,165,153.66936140201986,126.33437809003925,
15,0.8789997100830078,0.037999868392944336,26.315880614620127,17.064852044812945,102673.25,815.0,9.0,-275.0,-46.6875,-1.0625,16.25,-17.5,51.75,-8.5625,200.375,62.625,173.8125,0.83013916015625,-0.19744873046875,0.51312255859375,0.0924072265625,-55.0,57.0,172.0,871.0,-48.0,-447.0,179,158.7354891216159,127.73142492149283,
16,0.9169998168945312,0.03800010681152344,26.315715504693067,17.448204138344163,102673.25,933.0,0.0,-247.0,-46.25,-1.0625,15.5,0.1875,75.0625,-16.625,202.6875,65.3125,174.5625,0.81689453125,-0.2012939453125,0.5299072265625,0.10638427734375,42.0,39.0,160.0,891.0,-41.0,-418.0,212,169.38839129729274,158.2528885280818,
17,0.9579999446868896,0.0410001277923584,24.390167881046946,17.74530373856779,102673.25,956.0,-48.0,-264.0,-46.25,-2.875,13.5,11.25,58.8125,-13.1875,203.875,67.875,175.125,0.8045654296875,-0.19952392578125,0.547119140625,0.115966796875,47.0,-17.0,102.0,908.0,-31.0,-367.0,156,166.71071303783418,113.54050636654067,
18,0.998999834060669,0.0409998893737793,24.390309712385008,18.018021010909262,102673.25,923.0,-94.0,-113.0,-47.0625,-2.875,8.6875,22.6875,91.3125,-21.0625,205.0625,70.875,175.625,0.78985595703125,-0.197265625,0.56683349609375,0.1259765625,-2.0,-70.0,205.0,926.0,-24.0,-319.0,175,168.36857043026734,98.91953614531488,
19,1.0369999408721924,0.03800010681152344,26.315715504693067,18.322083976224356,102673.25,1091.0,-159.0,-336.0,-47.5625,-4.1875,6.6875,11.75,100.1875,15.1875,204.875,74.8125,173.1875,0.76922607421875,-0.19580078125,0.59393310546875,0.131103515625,144.0,-129.0,-81.0,946.0,-30.0,-255.0,160,166.6948563442139,70.3266321712959,
20,1.0779998302459717,0.0409998893737793,24.390309712385008,18.552878617278182,102673.25,1105.0,-135.0,-178.0,-47.5625,-4.1875,6.6875,-35.8125,93.625,39.875,204.75,78.0625,166.5,0.74774169921875,-0.20294189453125,0.61749267578125,0.135498046875,145.0,-87.0,18.0,959.0,-47.0,-196.0,203,173.9558850753711,91.68105365372679,
21,1.1119999885559082,0.03400015830993652,29.411627760208123,18.88489228068385,102673.25,875.0,-136.0,-299.0,-52.75,-3.0,3.5625,-6.5,40.25,51.125,205.125,79.25,157.375,0.73291015625,-0.2203369140625,0.62823486328125,0.14019775390625,-88.0,-66.0,-131.0,963.0,-69.0,-168.0,245,188.16470806029687,156.92576543164668,
22,1.1480000019073486,0.03600001335144043,27.77776747574423,19.16376303436239,102673.25,1028.0,-99.0,-341.0,-47.875,-1.5625,-0.25,-20.375,14.0625,56.3125,203.6875,79.0625,145.625,0.72296142578125,-0.2357177734375,0.63555908203125,0.13330078125,65.0,5.0,-187.0,962.0,-104.0,-153.0,245,199.5317664482375,188.69091330200195,
23,1.184999942779541,0.03699994087219238,27.02707021760563,19.40928363764398,102673.75,932.0,292.0,-69.0,-47.875,-1.5625,-0.25,-20.625,-5.5625,17.25,203.375,78.4375,142.4375,0.72064208984375,-0.2452392578125,0.635009765625,0.13140869140625,-28.0,412.0,85.0,960.0,-119.0,-155.0,170,193.62541315859002,119.02644562374385,
24,1.2289998531341553,0.04399991035461426,22.72731903180185,19.528073936539524,102673.75,946.0,-63.0,-54.0,-47.5625,1.75,-1.1875,-17.5625,-4.8125,-16.625,205.5625,78.875,149.25,0.72381591796875,-0.24212646484375,0.63006591796875,0.14306640625,-15.0,32.0,107.0,962.0,-96.0,-161.0,193,193.50033052687203,94.65259792371667,
25,1.2669997215270996,0.037999868392944336,26.315880614620127,19.731653902707887,102673.75,807.0,106.0,-56.0,-47.875,1.0,0.0,25.3125,-13.8125,-34.4375,206.375,79.125,154.0,0.7271728515625,-0.236328125,0.62744140625,0.14715576171875,-155.0,187.0,109.0,963.0,-80.0,-166.0,254,205.60026442149766,139.40616150212603,
26,1.304999828338623,0.03800010681152344,26.315715504693067,19.92337426825583,102673.75,1065.0,7.0,373.0,-48.25,0.75,-1.1875,98.3125,-10.0625,-107.5625,206.1875,79.8125,164.875,0.73602294921875,-0.20806884765625,0.62738037109375,0.14617919921875,99.0,52.0,540.0,965.0,-45.0,-166.0,198,204.08021153719812,103.52467335063791,
27,1.3399999141693115,0.03500008583068848,28.57135850573225,20.14925502195853,102673.75,881.0,-67.0,-158.0,-49.0625,-1.875,0.0,57.0,-2.4375,-81.1875,206.5,79.75,-179.1875,0.7470703125,-0.17437744140625,0.62432861328125,0.1473388671875,-83.0,-70.0,15.0,965.0,2.0,-173.0,203,203.86416922975852,81.58521423685781,
28,1.3779997825622559,0.037999868392944336,26.315880614620127,20.31930654440071,102673.75,847.0,-174.0,-165.0,-49.0625,-1.875,0.0,59.9375,15.3125,-55.125,206.125,79.875,-165.375,0.75189208984375,-0.13934326171875,0.62774658203125,0.14569091796875,-118.0,-217.0,0.0,965.0,43.0,-166.0,203,203.69133538380683,64.35851641824021,
29,1.4139997959136963,0.03600001335144043,27.77776747574423,20.509196736666304,102673.75,920.0,-123.0,-153.0,-49.75,-5.25,0.0,20.1875,38.5625,6.875,205.0625,80.75,-164.25,0.748046875,-0.13238525390625,0.63482666015625,0.14129638671875,-47.0,-165.0,-2.0,968.0,42.0,-151.0,184,199.75306830704548,29.607559711461032,
30,1.4519999027252197,0.03800010681152344,26.315715504693067,20.66115840895981,102673.75,801.0,25.0,-187.0,-49.375,-7.75,-1.1875,3.75,44.8125,20.375,204.875,82.375,-160.8125,0.73858642578125,-0.129638671875,0.64599609375,0.1427001953125,-170.0,-16.0,-65.0,972.0,42.0,-122.0,231,206.00245464563642,56.57746236222374,
31,1.489999771118164,0.037999868392944336,26.315880614620127,20.805372323471016,102673.75,742.0,87.0,-220.0,-49.75,-7.375,-4.25,-17.1875,14.125,5.25,204.5625,83.875,-178.0625,0.7298583984375,-0.13397216796875,0.6549072265625,0.1429443359375,-315.0,60.0,-90.0,975.0,32.0,-99.0,207,206.20196371650914,46.31202126790306,
32,1.5239999294281006,0.03400015830993652,29.411627760208123,20.997376300409925,102673.75,1007.0,-95.0,-222.0,-49.75,-7.375,-4.25,-30.875,18.0,28.0625,204.875,84.3125,-178.625,0.7261962890625,-0.14227294921875,0.65673828125,0.1451416015625,31.0,-118.0,-128.0,975.0,23.0,-93.0,212,207.36157097320734,43.87080441073113,
33,1.55899977684021,0.034999847412109375,28.571553133514985,21.16741803958728,102673.75,1002.0,97.0,-136.0,-48.25,-7.0625,-4.75,18.875,62.3125,47.9375,203.125,86.25,179.4375,0.713134765625,-0.153076171875,0.67022705078125,0.1373291015625,23.0,106.0,-74.0,978.0,-9.0,-62.0,142,194.28925677856589,-39.60262038945517,
34,1.5959999561309814,0.037000179290771484,27.02689606289065,21.303258730922966,102677.5,917.0,-100.0,-89.0,-48.6875,-4.375,-7.0625,38.75,72.8125,27.8125,201.125,87.75,178.5,0.70135498046875,-0.1495361328125,0.68511962890625,0.12786865234375,-62.0,-75.0,-61.0,979.0,-25.0,-27.0,198,195.0314054228527,-27.670501457093074,
35,1.6329998970031738,0.03699994087219238,27.02707021760563,21.43294685090355,102677.5,1014.0,-123.0,45.0,-48.6875,-4.375,-7.0625,1.5,46.5,18.375,199.5625,87.4375,2.375,0.6873779296875,-0.14910888671875,0.700439453125,0.12115478515625,35.0,-82.0,35.0,979.0,-41.0,10.0,207,197.4251243382822,-9.19735932396982,
36,1.6689999103546143,0.03600001335144043,27.77776747574423,21.569803435370492,102677.5,944.0,-141.0,-11.0,-47.875,-2.875,-7.5,8.125,38.875,25.75,199.9375,86.0625,3.125,0.67462158203125,-0.1571044921875,0.7103271484375,0.12493896484375,-80.0,-79.0,-1.0,978.0,-53.0,39.0,193,196.54009947062576,-12.27469045597816,
37,1.7059998512268066,0.03699994087219238,27.02707021760563,21.6881613286149,102677.5,952.0,31.0,90.0,-49.0625,-3.25,-9.875,-12.5,43.1875,42.0,200.1875,85.0625,3.875,0.66778564453125,-0.166748046875,0.71417236328125,0.12744140625,-81.0,72.0,41.0,977.0,-66.0,51.0,245,206.2320795765006,42.56941300904074,
38,1.74399995803833,0.03800010681152344,26.315715504693067,21.788991349944073,102677.5,979.0,203.0,99.0,-49.0625,-3.25,-9.875,-10.1875,14.4375,10.1875,199.6875,83.75,4.875,0.66046142578125,-0.1739501953125,0.71966552734375,0.12493896484375,4.0,286.0,33.0,974.0,-83.0,65.0,203,205.5856636612005,30.653350942283893,
39,1.7769999504089355,0.03299999237060547,30.303037308903853,21.947102469544273,102677.5,930.0,-78.0,19.0,-46.0625,-1.0625,-13.0625,-6.0625,32.25,33.5625,201.375,82.1875,46.5,0.64605712890625,-0.18963623046875,0.72650146484375,0.13720703125,-24.0,164.0,-24.0,971.0,-96.0,91.0,198,204.0685309289604,15.327934796300921,
40,1.809000015258789,0.032000064849853516,31.249936670193268,22.111663716198336,102677.5,889.0,80.0,226.0,-46.75,-0.375,-13.375,3.1875,56.1875,-14.8125,202.5,81.1875,40.9375,0.6358642578125,-0.19500732421875,0.73236083984375,0.14581298828125,-47.0,78.0,29.0,969.0,-98.0,113.0,189,201.05482474316835,-6.573277652673491,
41,1.8469998836517334,0.037999868392944336,26.315880614620127,22.198160575374935,102677.5,857.0,-31.0,-13.0,-45.75,-0.375,-14.25,-5.5625,42.625,-19.3125,204.4375,80.375,32.1875,0.62542724609375,-0.19586181640625,0.73809814453125,0.16021728515625,-109.0,55.0,-151.0,966.0,-86.0,138.0,170,194.8438597945347,-37.94802454010552,
42,1.8819997310638428,0.034999847412109375,28.571553133514985,22.31668756735611,102677.5,1053.0,12.0,217.0,-45.75,-0.375,-14.25,9.0,-11.0,11.5625,204.0625,80.0625,30.625,0.62384033203125,-0.1922607421875,0.7408447265625,0.1580810546875,106.0,158.0,75.0,966.0,-85.0,144.0,203,196.47508783562776,-21.037075902290393,
43,1.9179997444152832,0.03600001335144043,27.77776747574423,22.419189640251425,102677.5,735.0,-114.0,-51.0,-46.0625,-1.0625,-15.375,-40.0,-10.9375,1.125,205.5,80.1875,32.4375,0.62225341796875,-0.2027587890625,0.7374267578125,0.16705322265625,-135.0,-136.0,-142.0,966.0,-89.0,140.0,189,194.98007026850223,-25.135310792185475,
44,1.9559998512268066,0.03800010681152344,26.315715504693067,22.494889236521733,102674.25,1074.0,54.0,129.0,-44.5625,0.0,-15.75,-33.4375,-38.75,2.25,207.0,80.6875,35.4375,0.6234130859375,-0.2137451171875,0.7313232421875,0.1756591796875,70.0,-2.0,-84.0,967.0,-91.0,128.0,179,191.7840562148018,-36.929327950984614,
45,1.992999792098999,0.03699994087219238,27.02707021760563,22.579028948420834,102674.25,1018.0,-282.0,12.0,-44.5625,0.0,-15.75,-46.25,-0.5625,-15.0,208.9375,81.375,37.4375,0.625,-0.22418212890625,0.7239990234375,0.18707275390625,48.0,-193.0,-103.0,969.0,-89.0,116.0,189,191.22724497184146,-32.553257673076025,
46,2.0299997329711914,0.03699994087219238,27.02707021760563,22.660101502906357,102674.25,961.0,-116.0,107.0,-45.375,0.75,-14.5625,-22.75,10.625,-11.0625,211.375,81.375,34.875,0.61981201171875,-0.2335205078125,0.72125244140625,0.20269775390625,-30.0,-99.0,3.0,969.0,-83.0,120.0,170,186.98179597747318,-48.99101575367173,
47,2.069000005722046,0.03900027275085449,25.640846318904014,22.716287999041256,102674.25,913.0,-118.0,62.0,-45.75,0.0,-13.875,-23.9375,16.3125,0.5625,213.0,80.9375,33.625,0.61328125,-0.24224853515625,0.72076416015625,0.2138671875,-18.0,-5.0,-34.0,968.0,-85.0,127.0,179,185.38543678197857,-47.37921276322672,
48,2.1039998531341553,0.034999847412109375,28.571553133514985,22.813689805395352,102674.25,926.0,-43.0,185.0,-45.375,0.75,-14.25,-10.3125,-19.0,-2.6875,214.0,81.1875,34.8125,0.61297607421875,-0.248291015625,0.71728515625,0.21942138671875,-42.0,42.0,62.0,969.0,-85.0,122.0,203,188.90834942558286,-17.772353054287056,
49,2.1389997005462646,0.034999847412109375,28.571553133514985,22.907904095305025,102674.25,1039.0,-138.0,375.0,-45.375,0.75,-14.25,-3.625,-26.375,-7.4375,214.375,82.1875,37.8125,0.6195068359375,-0.25030517578125,0.710693359375,0.2200927734375,67.0,-56.0,270.0,971.0,-81.0,105.0,189,188.9266795404663,-14.113138473162515,
50,2.173999786376953,0.03500008583068848,28.57135850573225,22.999082296749787,102674.25,858.0,-78.0,54.0,-45.375,1.0625,-12.6875,-10.8125,-24.5625,-7.875,215.5,83.125,4.4375,0.62432861328125,-0.2557373046875,0.70294189453125,0.22515869140625,-136.0,-2.0,-47.0,973.0,-76.0,87.0,179,186.94134363237305,-22.63525957541715,
51,2.2089998722076416,0.03500008583068848,28.57135850573225,23.087371186233415,102674.25,923.0,-33.0,122.0,-50.1875,0.5,-13.375,-9.9375,-6.1875,5.25,216.3125,83.375,4.5625,0.624267578125,-0.26251220703125,0.69903564453125,0.22967529296875,-29.0,84.0,48.0,974.0,-78.0,81.0,189,187.35307490589847,-15.755463295550433,
52,2.246999740600586,0.037999868392944336,26.315880614620127,23.141969738768754,102674.25,1020.0,-37.0,85.0,-46.0625,0.0625,-13.375,-33.9375,14.1875,3.625,218.0,83.25,4.5,0.61968994140625,-0.27008056640625,0.69671630859375,0.2401123046875,46.0,39.0,1.0,973.0,-77.0,84.0,160,181.88245992471877,-41.39718078309578,
53,2.2839999198913574,0.037000179290771484,27.02689606289065,23.204904491643344,102674.25,955.0,-144.0,25.0,-46.0625,0.0625,-13.375,-12.875,6.75,0.4375,218.6875,83.0625,41.4375,0.61627197265625,-0.27392578125,0.69659423828125,0.24481201171875,-17.0,-65.0,-62.0,973.0,-78.0,88.0,184,182.30596793977503,-30.828523205531305,
54,2.32099986076355,0.03699994087219238,27.02707021760563,23.265835088088018,102674.25,946.0,-86.0,-65.0,-47.1875,0.0625,-11.5,1.875,-2.1875,19.5625,218.9375,82.8125,43.6875,0.6138916015625,-0.2799072265625,0.69647216796875,0.24432373046875,-36.0,48.0,-89.0,972.0,-88.0,87.0,193,184.44477435182003,-13.101684348383971,
55,2.357999801635742,0.03699994087219238,27.02707021760563,23.32485353130503,102676.5,866.0,-201.0,132.0,-46.375,1.1875,-12.25,6.6875,14.875,8.0,218.5625,82.25,46.4375,0.61102294921875,-0.28375244140625,0.69744873046875,0.244384765625,-104.0,-106.0,41.0,971.0,-95.0,92.0,198,187.15581948145604,4.172973937646837,
56,2.4009997844696045,0.042999982833862305,23.25582323750381,23.323617254039338,102676.5,854.0,-47.0,66.0,-46.75,2.0,-11.875,-9.5,-6.6875,-3.9375,219.8125,82.4375,45.8125,0.60888671875,-0.28790283203125,0.6951904296875,0.2515869140625,-49.0,49.0,-35.0,972.0,-92.0,90.0,207,191.12465558516485,21.798089327412562,
57,2.44599986076355,0.04500007629394531,22.222184546263723,23.303353738624796,102676.5,967.0,-79.0,77.0,-45.375,1.1875,-13.0625,-22.75,-9.1875,-34.0625,221.75,83.0,44.0,0.60845947265625,-0.29351806640625,0.68878173828125,0.26300048828125,-6.0,3.0,-8.0,973.0,-82.0,85.0,221,197.0997244681319,43.99428814071644,
58,2.4839999675750732,0.03800010681152344,26.315715504693067,23.349436697706835,102676.5,1000.0,-61.0,82.0,-45.375,1.1875,-13.0625,-11.5,12.125,-4.3125,222.9375,83.375,4.1875,0.60833740234375,-0.29266357421875,0.6865234375,0.2701416015625,25.0,10.0,-4.0,974.0,-71.0,86.0,175,192.67977957450555,11.932628039154693,
59,2.5209999084472656,0.03699994087219238,27.02707021760563,23.403412194623712,102676.5,912.0,-93.0,72.0,-46.75,0.875,-12.25,6.6875,6.8125,-12.875,223.8125,83.375,3.875,0.6063232421875,-0.29400634765625,0.6854248046875,0.27593994140625,-61.0,-26.0,-17.0,974.0,-64.0,92.0,217,197.54382365960444,35.8382746372232,
60,2.556999921798706,0.03600001335144043,27.77776747574423,23.46499876221872,102676.5,990.0,-34.0,180.0,-46.0625,0.0625,-11.875,20.3125,2.0625,-12.1875,224.1875,83.375,3.3125,0.60577392578125,-0.28900146484375,0.68670654296875,0.2791748046875,16.0,23.0,83.0,974.0,-57.0,97.0,221,202.23505892768355,54.73302819992101,
61,2.5929999351501465,0.03600001335144043,27.77776747574423,23.52487525090039,102676.5,926.0,-121.0,187.0,-47.1875,-0.5625,-13.375,29.0625,-2.75,3.875,223.75,83.375,3.1875,0.6072998046875,-0.2852783203125,0.68798828125,0.276611328125,-47.0,-65.0,89.0,974.0,-55.0,97.0,203,202.38804714214686,44.63635676951501,
62,2.6379997730255127,0.04499983787536621,22.222302284058216,23.50265554757513,102676.5,892.0,-50.0,35.0,-47.1875,-0.5625,-13.375,19.75,-38.6875,13.1875,222.625,84.0,3.375,0.61444091796875,-0.28338623046875,0.68597412109375,0.26763916015625,-83.0,7.0,-46.0,975.0,-58.0,82.0,207,203.3104377137175,39.80861383669363,
63,2.67799973487854,0.039999961853027344,25.000023841880648,23.525020999622072,102676.5,946.0,-106.0,-70.0,-46.375,-1.0,-11.5,0.1875,-35.5625,3.9375,222.25,85.0625,3.75,0.62353515625,-0.28955078125,0.67730712890625,0.26202392578125,-31.0,-42.0,-124.0,977.0,-64.0,53.0,221,206.84835017097402,49.53647022573477,
64,2.7149996757507324,0.03699994087219238,27.02707021760563,23.572746829998486,102674.75,908.0,-20.0,14.0,-45.375,-1.375,-10.6875,-11.75,-18.1875,15.6875,222.4375,85.25,4.1875,0.62628173828125,-0.29766845703125,0.671630859375,0.26092529296875,-69.0,51.0,-23.0,977.0,-71.0,37.0,189,203.27868013677923,20.333631647014784,
65,2.751999855041504,0.037000179290771484,27.02689606289065,23.61918729062568,102674.75,983.0,-37.0,9.0,-48.25,-0.25,-9.5,-10.5625,6.25,15.6875,222.5,84.6875,4.875,0.623779296875,-0.30670166015625,0.66998291015625,0.26068115234375,7.0,46.0,-23.0,976.0,-84.0,32.0,264,215.4229441094234,81.9112573474042,
66,2.7889997959136963,0.03699994087219238,27.02707021760563,23.664397572455872,102674.75,896.0,-133.0,165.0,-48.25,-0.25,-9.5,-7.6875,39.125,5.25,222.5625,84.125,5.125,0.61761474609375,-0.30767822265625,0.67437744140625,0.2628173828125,-79.0,-44.0,118.0,975.0,-88.0,46.0,221,216.53835528753876,71.55826512440854,
67,2.8239998817443848,0.03500008583068848,28.57135850573225,23.72521345808772,102674.75,977.0,-103.0,144.0,-45.75,0.875,-9.5,3.3125,0.125,30.3125,222.25,82.8125,59.6875,0.60821533203125,-0.314208984375,0.67999267578125,0.26275634765625,4.0,2.0,82.0,973.0,-105.0,61.0,151,203.43068423003103,-17.65418169232595,
68,2.861999750137329,0.037999868392944336,26.315880614620127,23.759610739566668,102674.75,991.0,-111.0,63.0,-45.0,-0.5625,-10.25,1.8125,-14.1875,15.4375,221.5625,82.375,65.75,0.60888671875,-0.3197021484375,0.67877197265625,0.25762939453125,19.0,6.0,10.0,972.0,-117.0,53.0,170,196.74454738402483,-49.31366115636318,
69,2.9009997844696045,0.03900003433227539,25.641003068872344,23.784903525118807,102674.75,1000.0,-129.0,127.0,-45.75,2.0,-10.6875,-2.1875,-12.125,3.9375,221.75,82.3125,70.25,0.6094970703125,-0.32562255859375,0.6754150390625,0.257568359375,28.0,-6.0,83.0,971.0,-123.0,44.0,142,185.79563790721988,-95.59913322420276,
70,2.937999725341797,0.03699994087219238,27.02707021760563,23.82573401767641,102674.75,953.0,-107.0,-46.0,-45.75,2.0,-10.6875,2.4375,-8.9375,2.9375,221.5625,82.3125,72.1875,0.61090087890625,-0.32623291015625,0.67431640625,0.2562255859375,-18.0,17.0,-86.0,971.0,-124.0,39.0,170,182.6365103257759,-93.55569917337445,
71,2.9739997386932373,0.03600001335144043,27.77776747574423,23.873573045839304,102674.75,969.0,-98.0,34.0,-48.6875,2.0,-11.0625,-2.75,4.5,6.375,221.75,82.0625,72.9375,0.60888671875,-0.3302001953125,0.67388916015625,0.25714111328125,-1.0,31.0,-5.0,971.0,-129.0,39.0,160,178.10920826062073,-99.99622815036696,
72,3.01200008392334,0.03800034523010254,26.315550396837846,23.90438180407186,102674.75,975.0,-125.0,87.0,-49.375,3.0625,-9.5,2.4375,-7.5625,5.375,221.4375,81.8125,74.25,0.6087646484375,-0.33184814453125,0.6739501953125,0.2550048828125,4.0,8.0,49.0,970.0,-134.0,37.0,151,172.68736660849657,-108.53273196832315,
73,3.052000045776367,0.039999961853027344,25.000023841880648,23.918741449897414,102674.75,964.0,-132.0,6.0,-45.0,2.375,-9.0625,-1.1875,5.8125,16.0,220.9375,81.4375,75.875,0.6085205078125,-0.3341064453125,0.67425537109375,0.251953125,-5.0,8.0,-28.0,969.0,-141.0,35.0,128,163.74989328679726,-131.51359480038954,
74,3.0889999866485596,0.03699994087219238,27.02707021760563,23.955972910277353,102679.0,958.0,-153.0,66.0,-45.0,2.375,-9.0625,-4.5,11.875,17.9375,220.5625,80.8125,74.625,0.60455322265625,-0.33685302734375,0.67694091796875,0.25048828125,-9.0,-3.0,24.0,968.0,-150.0,41.0,,163.74989328679726,-131.51359480038954,
75,3.124000072479248,0.03500008583068848,28.57135850573225,24.00768190138965,102679.0,923.0,-158.0,10.0,-48.25,3.0625,-7.875,2.75,-8.1875,11.25,220.0,80.375,75.9375,0.60382080078125,-0.3394775390625,0.6776123046875,0.24700927734375,-43.0,0.0,-29.0,966.0,-158.0,39.0,146,160.19991462943784,-125.49641842173443,
76,3.1610000133514404,0.03699994087219238,27.02707021760563,24.04302425782695,102679.0,976.0,-146.0,10.0,-46.375,3.0625,-8.6875,4.625,-8.25,16.25,219.25,79.8125,78.0625,0.6036376953125,-0.34271240234375,0.677978515625,0.24188232421875,10.0,23.0,-25.0,965.0,-169.0,35.0,165,161.15993170355028,-95.20784496296008,
77,3.197999954223633,0.03699994087219238,27.02707021760563,24.077548812439872,102679.0,971.0,-175.0,7.0,-45.0,5.0,-7.5,-1.8125,-9.0,8.75,218.8125,79.5625,79.9375,0.6044921875,-0.34478759765625,0.67724609375,0.23895263671875,7.0,-1.0,-23.0,964.0,-174.0,30.0,132,155.32794536284024,-107.69057683806552,
78,3.233999729156494,0.03599977493286133,27.777951441779145,24.118740424367413,102679.0,967.0,-174.0,19.0,-45.0,5.0,-7.5,-2.5625,-0.4375,11.8125,218.5625,79.1875,81.0625,0.60345458984375,-0.34820556640625,0.677001953125,0.23712158203125,4.0,7.0,-9.0,963.0,-181.0,28.0,146,153.4623562902722,-96.51691000407419,
79,3.2709996700286865,0.03699994087219238,27.02707021760563,24.151638021812204,102679.0,892.0,-194.0,-33.0,-44.25,5.0,-8.375,-5.875,4.625,10.4375,218.4375,78.875,81.3125,0.60211181640625,-0.3505859375,0.67724609375,0.23638916015625,-69.0,-8.0,-62.0,962.0,-186.0,28.0,156,153.96988503221775,-74.47012501405628,
80,3.306999683380127,0.03600001335144043,27.77776747574423,24.191112083273914,102679.0,925.0,-193.0,19.0,-45.0,4.5625,-8.25,-11.6875,10.375,12.8125,218.4375,78.625,80.75,0.59857177734375,-0.35400390625,0.67852783203125,0.23663330078125,-23.0,0.0,22.0,960.0,-193.0,32.0,128,148.7759080257742,-88.43151712311513,
81,3.3429996967315674,0.03600001335144043,27.77776747574423,24.229735970120863,102679.0,1054.0,-228.0,121.0,-45.0,4.5625,-8.25,-0.125,-0.625,22.6875,218.0,77.8125,80.5625,0.5955810546875,-0.35784912109375,0.679931640625,0.2342529296875,104.0,-6.0,65.0,957.0,-207.0,33.0,123,143.62072642061938,-99.3851008831371,
82,3.3829996585845947,0.039999961853027344,25.000023841880648,24.2388437113552,102679.0,1113.0,-266.0,97.0,-44.25,6.0625,-7.0625,0.1875,7.875,29.3125,216.75,76.6875,80.5625,0.591552734375,-0.36248779296875,0.683349609375,0.22735595703125,172.0,-69.0,83.0,954.0,-222.0,36.0,123,139.4965811364955,-100.12882679260497,
83,3.4210000038146973,0.03800034523010254,26.315550396837846,24.26191169466476,102679.0,1613.0,-354.0,220.0,-43.875,6.5,-8.0,-15.5,3.4375,59.8125,215.5,74.9375,80.8125,0.5831298828125,-0.37335205078125,0.6871337890625,0.22003173828125,1046.0,-105.0,254.0,947.0,-251.0,40.0,151,141.79726490919643,-67.99430948054436,
84,3.4589998722076416,0.037999868392944336,26.315880614620127,24.28447617906056,102678.75,3003.0,-50.0,446.0,-43.5,8.0,-8.75,-30.125,-11.125,83.8125,214.375,73.4375,82.6875,0.57818603515625,-0.38427734375,0.68756103515625,0.2127685546875,2063.0,226.0,410.0,940.0,-276.0,35.0,179,149.23781192735714,-15.23453817695846,
85,3.494999885559082,0.03600001335144043,27.77776747574423,24.320458593206183,102678.75,3914.0,348.0,853.0,-43.5,8.0,-8.75,-114.3125,267.625,0.6875,215.875,70.0,72.6875,0.5345458984375,-0.40435791015625,0.70599365234375,0.22869873046875,2993.0,668.0,753.0,921.0,-320.0,99.0,245,168.39024954188574,94.2147611884478,
86,3.5309996604919434,0.03599977493286133,27.777951441779145,24.355708940515267,102678.75,3914.0,-3921.0,1047.0,-43.875,11.6875,-10.0,253.0625,232.75,-546.375,234.3125,72.0625,-9.125,0.53814697265625,-0.241943359375,0.7183837890625,0.3685302734375,2064.0,-3922.0,-725.0,933.0,48.0,297.0,484,231.5121996335086,426.05150186185955,
87,3.566999673843384,0.03600001335144043,27.77776747574423,24.390246132615683,102678.75,-256.0,220.0,-6.0,-42.75,8.375,-19.5,290.5625,216.3125,-52.375,233.0,64.5,-23.5,0.52972412109375,-0.14935302734375,0.74713134765625,0.3726806640625,-982.0,-219.0,-428.0,885.0,168.0,386.0,670,319.2097597068069,828.0496878707258,
88,3.602999687194824,0.03600001335144043,27.77776747574423,24.424093155698795,102678.75,-69.0,-98.0,-49.0,-37.1875,-10.25,-32.75,296.6875,217.1875,-80.5,228.8125,58.0,-30.1875,0.51690673828125,-0.0633544921875,0.77734375,0.3529052734375,-901.0,-359.0,-498.0,831.0,261.0,448.0,834,422.16780776544556,1234.4286940424536,
89,3.6389997005462646,0.03600001335144043,27.77776747574423,24.457270492943394,102678.75,-77.0,-100.0,-20.0,-37.1875,-10.25,-32.75,308.4375,227.125,-128.8125,224.75,48.4375,-39.9375,0.49200439453125,0.06256103515625,0.80291748046875,0.33062744140625,-812.0,-518.0,-518.0,734.0,417.0,498.0,1110,559.7342462123565,1751.8006631628778,
90,3.674999713897705,0.03600001335144043,27.77776747574423,24.48979782492173,102678.75,-77.0,-83.0,-11.0,-28.875,-20.25,-37.5625,316.875,224.875,-169.8125,222.25,38.0,-50.25,0.45751953125,0.19757080078125,0.80859375,0.31268310546875,-675.0,-669.0,-493.0,604.0,593.0,493.0,1320,711.7873969698853,2246.1799436696856,
91,3.7109997272491455,0.03600001335144043,27.77776747574423,24.52169406852951,102678.75,-43.0,-46.0,-6.0,-22.0,-32.75,-36.875,322.75,227.0,-187.5625,220.75,27.1875,-60.6875,0.41241455078125,0.3353271484375,0.79400634765625,0.2950439453125,-479.0,-809.0,-447.0,448.0,760.0,426.0,1521,873.6299175759082,2696.068735952238,
92,3.748999834060669,0.03800010681152344,26.315715504693067,24.539878386804748,102678.75,5.0,-67.0,-14.0,-8.0,-44.0,-31.25,334.9375,245.5,-200.3125,219.5625,19.0,-68.6875,0.36944580078125,0.4381103515625,0.77099609375,0.2777099609375,-314.0,-931.0,-350.0,320.0,863.0,336.0,1479,994.7039340607266,2794.0848633267906,
93,3.7849998474121094,0.03600001335144043,27.77776747574423,24.570674702559426,102678.75,37.0,-75.0,7.0,-8.0,-44.0,-31.25,345.875,256.625,-211.4375,217.875,8.5625,-80.25,0.29986572265625,0.57147216796875,0.72247314453125,0.24810791015625,-103.0,-1027.0,-151.0,146.0,955.0,163.0,1544,1104.5631472485813,2845.596626461521,
94,3.82099986076355,0.03600001335144043,27.77776747574423,24.600890715870374,0,0,0,0,0,0,0,0,0,0,0,0,0,0,0,0,0,0,0,0,0,0,0,,1104.5631472485813,2845.596626461521,
95,3.86899995803833,0.04800009727478027,20.833291113462177,24.55414862505378,102664.5,51.0,-56.0,23.0,15.5625,-53.6875,-2.5625,367.25,240.6875,-225.25,214.9375,-7.1875,-108.375,0.13897705078125,0.79827880859375,0.5589599609375,0.1761474609375,174.0,-979.0,330.0,-123.0,923.0,-307.0,1737,1231.0505177988653,2803.506943739302,
96,3.9040000438690186,0.03500008583068848,28.57135850573225,24.590163658108004,102664.5,42.0,-43.0,32.0,22.6875,-48.1875,15.0,375.8125,224.875,-226.625,214.3125,-10.4375,-120.625,0.07647705078125,0.86297607421875,0.4771728515625,0.14752197265625,220.0,-873.0,523.0,-178.0,829.0,-491.0,1732,1331.2404142390924,2815.3178449606253,
97,3.940999984741211,0.03699994087219238,27.02707021760563,24.613042470328654,102664.5,36.0,-38.0,26.0,22.6875,-48.1875,15.0,384.75,209.5,-225.4375,359.25,-11.9375,-137.75,-0.0057373046875,0.92864990234375,0.35443115234375,0.109619140625,239.0,-683.0,737.0,-203.0,644.0,-710.0,1788,1422.592331391274,2746.0492118454813,
98,3.9779999256134033,0.03699994087219238,27.02707021760563,24.63549568440188,102664.5,34.0,-39.0,17.0,25.1875,-36.25,30.5,392.3125,199.875,-224.8125,352.125,-11.0,-150.875,-0.0855712890625,0.96929931640625,0.21881103515625,0.07281494140625,209.0,-442.0,898.0,-175.0,403.0,-876.0,1751,1488.2738651130194,2551.875254255914,
99,4.013999938964844,0.03600001335144043,27.77776747574423,24.66367750507011,102664.5,34.0,-34.0,18.0,23.875,-19.1875,40.75,402.0,188.75,-224.5,343.375,-7.0625,-168.0625,-0.16180419921875,0.9832763671875,0.07427978515625,0.0379638671875,134.0,-165.0,981.0,-96.0,131.0,-967.0,1779,1546.4190920904155,2364.529122365227,
100,4.052000045776367,0.03800010681152344,26.315715504693067,24.679170501055584,102664.5,41.0,-29.0,20.0,17.5,0.875,45.5625,410.75,178.6875,-222.375,335.0625,-0.5625,175.4375,-0.21551513671875,0.9757080078125,-0.03729248046875,0.01361083984375,52.0,47.0,998.0,-10.0,-77.0,-977.0,1798,1596.7352736723324,2156.444561850622,
101,4.08899998664856,0.03699994087219238,27.02707021760563,24.70041583022405,102664.5,52.0,-33.0,11.0,17.5,0.875,45.5625,420.75,173.5625,-218.3125,326.8125,7.8125,159.6875,-0.28045654296875,0.9412841796875,-0.18707275390625,-0.0164794921875,-81.0,302.0,922.0,133.0,-336.0,-911.0,1774,1632.188218937866,1916.7934977029986,
102,4.126999855041504,0.037999868392944336,26.315880614620127,24.71529042468896,102664.5,46.0,-45.0,9.0,6.6875,20.1875,42.5,428.3125,173.25,-217.1875,320.3125,15.0625,148.0625,-0.33660888671875,0.87908935546875,-0.33447265625,-0.04443359375,-251.0,501.0,766.0,297.0,-547.0,-757.0,1760,1657.750575150293,1667.9739810253232,
103,4.164000034332275,0.037000179290771484,27.02689606289065,24.73583072784886,102664.5,50.0,-49.0,18.0,-7.875,35.1875,31.375,438.625,172.125,-220.875,196.4375,25.625,132.0,-0.372802734375,0.8140869140625,-0.44061279296875,-0.0638427734375,-374.0,607.0,610.0,424.0,-656.0,-591.0,1756,1677.4004601202344,1440.5942645663317,
104,4.196999788284302,0.03299975395202637,30.303256244084647,24.77960572938564,102664.5,56.0,-49.0,24.0,-16.0,43.5625,15.25,446.625,164.875,-226.4375,197.1875,36.375,114.375,-0.41302490234375,0.7039794921875,-0.57122802734375,-0.0865478515625,-525.0,668.0,350.0,582.0,-718.0,-325.0,1709,1683.7203680961875,1190.778169819934,
105,4.23199987411499,0.03500008583068848,28.57135850573225,24.810964821202397,102663.5,61.0,-45.0,28.0,-16.0,43.5625,15.25,451.4375,154.1875,-231.75,197.3125,44.125,99.1875,-0.437255859375,0.60528564453125,-0.6575927734375,-0.1002197265625,-621.0,648.0,141.0,682.0,-694.0,-112.0,1676,1682.17629447695,943.7992796690519,
106,4.267999887466431,0.03600001335144043,27.77776747574423,24.835989408360483,102663.5,69.0,-35.0,31.0,-26.6875,43.1875,-4.875,455.625,131.875,-237.6875,197.0,52.9375,74.875,-0.46240234375,0.4559326171875,-0.7520751953125,-0.11279296875,-713.0,534.0,-122.0,782.0,-570.0,153.0,1624,1670.54103558156,690.3991205119956,
107,4.303999900817871,0.03600001335144043,27.77776747574423,24.860595368430943,102663.5,77.0,-21.0,48.0,-31.5625,32.5,-23.0,456.1875,107.75,-240.3125,196.625,57.6875,52.8125,-0.47674560546875,0.333984375,-0.8045654296875,-0.1175537109375,-751.0,395.0,-267.0,829.0,-417.0,316.0,1563,1649.0328284652483,432.8293011901857,
108,4.3480000495910645,0.04400014877319336,22.72719588187483,24.83900615644141,102663.5,87.0,5.0,44.0,-33.0625,13.1875,-34.5,453.625,57.1875,-236.25,195.5,60.6875,10.75,-0.49505615234375,0.12103271484375,-0.8525390625,-0.11602783203125,-767.0,95.0,-427.0,855.0,-89.0,471.0,1643,1647.8262627721988,340.7790699820915,
109,4.395999908447266,0.04799985885620117,20.833394593842822,24.795268942237186,102663.5,98.0,34.0,37.0,-32.6875,-7.6875,-37.1875,447.9375,4.4375,-215.625,193.75,57.75,-28.9375,-0.5084228515625,-0.09051513671875,-0.85015869140625,-0.1025390625,-731.0,-219.0,-420.0,829.0,253.0,457.0,1151,1548.4610102177592,-141.39984709102458,
110,4.430999755859375,0.034999847412109375,28.571553133514985,24.82509728296429,102663.5,114.0,45.0,24.0,-32.6875,-7.6875,-37.1875,442.75,-24.1875,-193.25,192.1875,54.375,-49.0,-0.51470947265625,-0.2108154296875,-0.8262939453125,-0.08837890625,-682.0,-385.0,-348.0,797.0,430.0,373.0,1077,1454.1688081742075,-651.9348098255133,
111,4.472999811172485,0.04200005531311035,23.809492452926584,24.81556107441554,102663.5,123.0,57.0,9.0,-29.25,-27.375,-30.875,435.625,-55.375,-155.25,189.1875,49.5,-72.125,-0.521728515625,-0.358154296875,-0.77178955078125,-0.06201171875,-622.0,-548.0,-186.0,746.0,605.0,195.0,1020,1367.335046539366,-935.0414063212077,
112,4.508999824523926,0.03600001335144043,27.77776747574423,24.839211434616836,102663.5,141.0,70.0,3.0,-29.25,-42.6875,-17.5,430.0625,-76.4375,-111.625,184.5,44.9375,-92.4375,-0.52734375,-0.487060546875,-0.6956787109375,-0.0274658203125,-551.0,-622.0,33.0,693.0,692.0,-30.0,941,1282.0680372314928,-1221.7385566382102,
113,4.54699969291687,0.037999868392944336,26.315880614620127,24.851552151196923,102663.5,134.0,77.0,-29.0,-21.0,-48.875,-0.5,429.0625,-78.0625,-61.0625,176.75,41.25,-111.3125,-0.531005859375,-0.59552001953125,-0.60260009765625,0.01678466796875,-512.0,-609.0,238.0,647.0,686.0,-267.0,792,1184.0544297851943,-1493.253723743575,
114,4.583999872207642,0.037000179290771484,27.02689606289065,24.86911064094291,102663.5,131.0,41.0,-38.0,-21.0,-48.875,-0.5,436.3125,-57.375,-9.625,162.875,39.0,-129.5,-0.53076171875,-0.68212890625,-0.49737548828125,0.07489013671875,-486.0,-545.0,445.0,623.0,620.0,-433.0,684,1084.0435438281554,-1735.1997429785602,
115,4.621999740600586,0.037999868392944336,26.315880614620127,24.881005290808783,102670.0,180.0,22.0,-94.0,-18.0,-47.0,17.6875,447.9375,-26.0,24.3125,145.25,38.5,-143.1875,-0.52630615234375,-0.732421875,-0.41229248046875,0.1287841796875,-430.0,-437.0,520.0,610.0,459.0,-614.0,503,967.8348350625243,-1999.7866956339496,
116,4.658999681472778,0.03699994087219238,27.02707021760563,24.898048493390473,102670.0,218.0,-9.0,-106.0,-19.5,-36.375,33.1875,475.1875,49.1875,71.375,66.5625,40.0625,-162.4375,-0.51068115234375,-0.777099609375,-0.293701171875,0.22149658203125,-413.0,-234.0,608.0,631.0,225.0,-715.0,221,818.4678680500195,-2407.21965763471,
117,4.732999801635742,0.03699994087219238,27.02707021760563,24.720051743835775,102670.0,956.0,-1017.0,-1138.0,-23.5,-17.6875,37.875,-11.0,-8.6875,-29.4375,28.0625,45.0,155.6875,-0.5391845703125,-0.728515625,-0.1009521484375,0.40899658203125,526.0,259.0,-1337.0,692.0,-289.0,-630.0,15,657.7742944400156,-2794.3910256028794,
118,4.769999742507935,0.03699994087219238,27.02707021760563,24.73794682805556,102670.0,766.0,-526.0,-587.0,-33.25,26.375,8.0,-15.625,-16.1875,-37.9375,29.875,44.875,157.625,-0.5323486328125,-0.737548828125,-0.10711669921875,0.4014892578125,73.0,-262.0,54.0,692.0,-264.0,-642.0,62,538.6194355520125,-2879.5941680692936,
119,4.81499981880188,0.04500007629394531,22.222184546263723,24.714434990282275,102670.0,713.0,-305.0,-732.0,-34.375,22.25,7.75,-17.3125,20.875,-40.4375,34.0,45.1875,160.75,-0.52520751953125,-0.74627685546875,-0.1197509765625,0.39105224609375,18.0,-78.0,-79.0,695.0,-227.0,-652.0,1,431.09554844161005,-2781.558466955233,
120,5.2799999713897705,0.039999961853027344,25.000023841880648,22.72727285042282,102682.25,744.0,-196.0,-558.0,-37.6875,19.875,9.0,1.0625,1.5625,-2.8125,36.375,50.75,161.25,-0.48541259765625,-0.75091552734375,-0.1397705078125,0.42535400390625,2.0,-7.0,43.0,759.0,-199.0,-587.0,,431.09554844161005,-2781.558466955233,
121,5.930999755859375,0.03699994087219238,27.02707021760563,20.401282242586714,102681.0,722.0,-295.0,-633.0,-39.1875,23.1875,7.0625,-6.0625,-1.5,-31.0625,24.0625,50.0,153.3125,-0.47845458984375,-0.7470703125,-0.0963134765625,0.45135498046875,-28.0,-12.0,-70.0,751.0,-282.0,-562.0,1,345.0764387532881,-2690.2156770846263,
122,6.041999816894531,0.03699994087219238,27.02707021760563,20.19199001940811,102681.0,749.0,-203.0,-497.0,-38.375,25.0625,8.25,9.0625,17.5,-22.25,25.0625,50.0625,155.5625,-0.46649169921875,-0.75799560546875,-0.09912109375,0.4449462890625,-2.0,56.0,75.0,752.0,-259.0,-573.0,15,279.0611510026305,-2509.012505162194,
123,6.0829997062683105,0.0409998893737793,24.390309712385008,20.220287019454062,102681.0,754.0,-230.0,-449.0,-39.5625,22.75,11.5,22.25,17.0,-8.1875,25.0,50.8125,155.25,-0.461181640625,-0.757568359375,-0.10015869140625,0.450927734375,-5.0,28.0,112.0,760.0,-259.0,-562.0,39,231.04892080210442,-2241.4166370443863,
124,6.120999813079834,0.03800010681152344,26.315715504693067,20.258128375535488,102685.75,768.0,-234.0,-498.0,-39.875,24.25,8.6875,0.3125,-0.375,-10.25,24.8125,51.25,155.0625,-0.45697021484375,-0.758056640625,-0.1002197265625,0.45440673828125,3.0,23.0,57.0,765.0,-258.0,-556.0,10,186.83913664168355,-2025.8157301334136,
125,6.3459999561309814,0.03699994087219238,27.02707021760563,19.6974473470072,102685.75,801.0,-255.0,-408.0,-41.0625,22.0625,9.0625,29.75,48.625,-16.5625,26.5,54.25,154.9375,-0.439697265625,-0.75579833984375,-0.11138916015625,0.4722900390625,5.0,-13.0,110.0,796.0,-242.0,-518.0,15,152.47130931334684,-1806.4249205926315,
126,6.384000062942505,0.03800010681152344,26.315715504693067,19.736841910669444,102685.75,692.0,-120.0,-733.0,-41.0625,22.0625,9.0625,17.625,32.0,-2.9375,26.375,55.5,154.0625,-0.43316650390625,-0.75299072265625,-0.113037109375,0.4822998046875,-115.0,122.0,-233.0,808.0,-242.0,-499.0,100,141.97704745067747,-1500.3727383960568,
127,6.421999931335449,0.037999868392944336,26.315880614620127,19.775770999360702,102685.75,990.0,-355.0,-441.0,-42.875,21.6875,5.875,-1.5,52.25,1.0,27.25,56.875,153.0,-0.43231201171875,-0.74603271484375,-0.11944580078125,0.4923095703125,168.0,-113.0,36.0,821.0,-242.0,-477.0,53,124.18163796054199,-1293.9585650429822,
128,6.458999872207642,0.03699994087219238,27.02707021760563,19.81730957307644,102685.75,770.0,-160.0,-417.0,-46.25,22.75,3.5,5.0,47.125,4.1875,28.0625,58.875,151.3125,-0.42864990234375,-0.73675537109375,-0.126953125,0.50732421875,-69.0,82.0,27.0,839.0,-243.0,-444.0,20,103.3453103684336,-1147.7958298161752,
129,6.496999979019165,0.03800010681152344,26.315715504693067,19.855317903121616,102683.75,933.0,-337.0,-541.0,-45.5625,23.1875,4.0,-17.4375,23.9375,-5.375,29.375,60.0625,151.0,-0.42730712890625,-0.73175048828125,-0.1348876953125,0.5135498046875,83.0,-100.0,-113.0,850.0,-236.0,-427.0,57,94.07624829474689,-967.0210639582361,
130,6.534999847412109,0.037999868392944336,26.315880614620127,19.892884932733487,102683.75,819.0,-222.0,-305.0,-45.5625,23.1875,4.0,-25.0625,-3.3125,9.875,30.5625,60.125,151.1875,-0.43304443359375,-0.72833251953125,-0.13995361328125,0.51220703125,-16.0,71.0,26.0,850.0,-235.0,-427.0,10,77.26099863579752,-862.1184716725777,
131,6.572999954223633,0.03800010681152344,26.315715504693067,19.930016873927244,102683.75,756.0,-162.0,-448.0,-45.1875,22.75,2.375,-15.1875,-0.625,3.75,31.5625,60.0,151.875,-0.4368896484375,-0.72760009765625,-0.14404296875,0.5089111328125,-92.0,67.0,-16.0,849.0,-230.0,-431.0,24,66.60879890863802,-745.7588288418818,
132,6.609999895095825,0.03699994087219238,27.02707021760563,19.969743130848627,102683.75,825.0,-134.0,-594.0,-45.875,21.6875,2.375,-9.5625,11.4375,6.875,32.1875,60.125,151.75,-0.44012451171875,-0.72479248046875,-0.14697265625,0.50921630859375,27.0,-22.0,-75.0,850.0,-230.0,-429.0,24,58.087039126910426,-642.6707030731694,
133,6.6499998569488525,0.039999961853027344,25.000023841880648,20.000000430229026,102683.75,864.0,-200.0,-477.0,-45.875,21.6875,2.375,0.4375,-6.3125,13.625,32.0625,59.875,151.625,-0.44281005859375,-0.7242431640625,-0.14617919921875,0.5079345703125,-6.0,39.0,-38.0,847.0,-236.0,-432.0,10,48.469631301528345,-562.2236474448639,
134,6.68999981880188,0.039999961853027344,25.000023841880648,20.02989590872638,102683.75,822.0,-206.0,-305.0,-45.5625,22.5,2.875,5.4375,13.5625,-1.875,31.375,60.0,150.4375,-0.44329833984375,-0.7215576171875,-0.14398193359375,0.511962890625,-58.0,54.0,152.0,849.0,-241.0,-425.0,15,41.77570504122268,-483.24858117657766,
135,6.729999780654907,0.039999961853027344,25.000023841880648,20.059436017821525,102683.75,772.0,-288.0,-323.0,-47.0625,21.6875,5.25,4.75,30.125,-26.375,32.3125,61.25,150.5625,-0.43658447265625,-0.72021484375,-0.150146484375,0.517822265625,-118.0,46.0,65.0,860.0,-231.0,-410.0,20,37.42056403297814,-408.37459074943524,
136,6.8480000495910645,0.03900003433227539,25.641003068872344,19.859812940293622,102683.75,1080.0,-260.0,-277.0,-46.25,22.75,0.5,-29.0,11.6875,-43.0625,39.0,63.25,158.9375,-0.4178466796875,-0.7314453125,-0.1800537109375,0.50787353515625,204.0,-102.0,133.0,876.0,-157.0,-411.0,57,41.336451226382515,-306.6182174908603,
137,6.888000011444092,0.039999961853027344,25.000023841880648,19.889663149300358,102683.5,1063.0,-180.0,-569.0,-46.25,19.5,0.875,-1.0625,36.0,-23.75,42.0625,64.875,161.875,-0.4100341796875,-0.7303466796875,-0.19622802734375,0.5098876953125,237.0,12.0,-126.0,888.0,-128.0,-395.0,114,55.86916098110602,-172.63095592164441,
138,6.927999973297119,0.039999961853027344,25.000023841880648,19.919168667999305,102683.5,1269.0,-88.0,-500.0,-47.375,18.6875,2.875,-11.0,23.0625,-45.5,43.375,66.0,163.5625,-0.40234375,-0.73016357421875,-0.2041015625,0.51318359375,447.0,22.0,-118.0,895.0,-112.0,-382.0,,55.86916098110602,-172.63095592164441,
139,6.961999893188477,0.03399991989135742,29.411834004179347,19.965527453684057,102683.5,2231.0,-461.0,-1081.0,-45.875,17.1875,1.25,-43.9375,56.5625,-87.75,47.3125,67.625,169.0,-0.39117431640625,-0.73065185546875,-0.22479248046875,0.512451171875,1324.0,-390.0,-715.0,906.0,-71.0,-366.0,151,74.89532878488482,-26.185866901234803,
140,7.001999855041504,0.039999961853027344,25.000023841880648,19.99428776040301,102683.5,3914.0,-3921.0,-2535.0,-45.875,17.1875,1.25,-100.6875,-77.125,-40.125,53.3125,69.1875,178.1875,-0.378173828125,-0.73095703125,-0.2550048828125,0.507568359375,2997.0,-3910.0,-2187.0,916.0,-10.0,-347.0,339,127.71626302790786,243.15622956420935,
141,7.040999889373779,0.03900003433227539,25.641003068872344,20.025564865126057,102683.5,3914.0,1196.0,-3944.0,-47.375,13.5,0.0625,217.9375,-315.5625,581.9375,32.6875,49.5,153.8125,-0.5345458984375,-0.71099853515625,-0.128662109375,0.4383544921875,3168.0,2622.0,-3349.0,746.0,-280.0,-571.0,339,169.9730104223263,411.22606157553685,
142,7.080999851226807,0.039999961853027344,25.000023841880648,20.053665157950544,102683.5,559.0,1223.0,1637.0,-43.6875,15.25,13.5625,149.125,-188.0,69.0,5.5625,39.3125,144.1875,-0.558837890625,-0.70819091796875,-0.02105712890625,0.43096923828125,-736.0,488.0,652.0,621.0,-443.0,-615.0,611,258.1784083378611,770.0082594346172,
143,7.120999813079834,0.039999961853027344,25.000023841880648,20.081449761778952,102683.5,-26.0,137.0,66.0,-28.375,33.25,21.875,-181.625,323.375,-309.375,40.1875,56.25,156.0625,-0.5013427734375,-0.70892333984375,-0.170654296875,0.46575927734375,-877.0,352.0,556.0,815.0,-220.0,-498.0,884,383.34272667028887,1241.8287960403807,
144,7.159999847412109,0.03900003433227539,25.641003068872344,20.111732272179722,102683.5,-72.0,91.0,40.0,-37.5,19.5,15.875,-171.8125,279.8125,-278.0,58.8125,66.625,171.4375,-0.45550537109375,-0.69891357421875,-0.27093505859375,0.48028564453125,-972.0,149.0,424.0,900.0,-57.0,-384.0,1053,517.2741813362311,1680.2904048538971,
145,7.200000047683716,0.040000200271606445,24.999874830872667,20.138888755514298,102683.5,-81.0,48.0,29.0,-37.5,19.5,15.875,-161.1875,249.625,-263.5625,77.375,74.625,-146.375,-0.391357421875,-0.67608642578125,-0.390380859375,0.4871826171875,-1026.0,-95.0,245.0,945.0,143.0,-216.0,1240,661.8193450689848,2066.9545240284856,
146,7.240000009536743,0.039999961853027344,25.000023841880648,20.165745829790673,102683.5,-63.0,4.0,7.0,-46.0,3.875,5.5625,-153.75,220.75,-270.8125,95.25,67.8125,-90.25,-0.3046875,-0.638916015625,-0.5220947265625,0.475830078125,-955.0,-367.0,10.0,908.0,369.0,-2.0,1446,818.6554760551878,2437.7450220074666,
147,7.2799999713897705,0.039999961853027344,25.000023841880648,20.19230777166299,102672.5,-14.0,-11.0,-15.0,-46.5,-8.0625,-3.375,-144.75,204.0625,-294.75,107.8125,55.4375,-72.9375,-0.22662353515625,-0.604736328125,-0.61700439453125,0.44970703125,-812.0,-542.0,-178.0,807.0,531.0,162.0,1502,955.3243808441503,2633.5411932395286,
148,7.319999933242798,0.039999961853027344,25.000023841880648,20.218579419362815,102672.5,20.0,-10.0,-15.0,-40.0,-20.0,-13.0625,-130.8125,206.4375,-316.875,116.375,44.875,-66.125,-0.137939453125,-0.5645751953125,-0.7017822265625,0.41204833984375,-616.0,-674.0,-345.0,646.0,665.0,318.0,1591,1082.4595046753202,2742.509179975563,
149,7.359999895095825,0.039999961853027344,25.000023841880648,20.24456550594286,102672.5,67.0,-5.0,-23.0,-29.75,-27.75,-24.375,-108.4375,223.3125,-342.1875,127.0,29.6875,-60.25,-0.0631103515625,-0.52996826171875,-0.75689697265625,0.377197265625,-417.0,-745.0,-445.0,485.0,740.0,422.0,1788,1223.5676037402563,2899.5485121616225,
150,7.3989996910095215,0.03899979591369629,25.641159820757196,20.273010712821634,102672.5,91.0,0.0,-20.0,-29.75,-27.75,-24.375,-92.75,237.4375,-353.1875,136.75,13.5,-56.1875,0.04547119140625,-0.47698974609375,-0.81597900390625,0.3233642578125,-138.0,-792.0,-550.0,229.0,792.0,530.0,1924,1363.654082992205,3038.034770374579,
151,7.438999891281128,0.040000200271606445,24.999874830872667,20.298427504613812,102672.5,108.0,0.0,-16.0,-18.6875,-33.5625,-31.6875,-64.9375,258.375,-362.625,145.8125,-3.375,-53.1875,0.19293212890625,-0.40228271484375,-0.8604736328125,0.24591064453125,238.0,-769.0,-602.0,-131.0,772.0,590.0,2065,1503.9232663937642,3131.770221833203,
152,7.478999853134155,0.039999961853027344,25.000023841880648,20.323573069239032,102672.5,108.0,0.0,-14.0,0.6875,-33.375,-34.375,-47.625,266.875,-364.625,154.75,-20.75,-50.9375,0.3128662109375,-0.3377685546875,-0.86993408203125,0.1766357421875,523.0,-683.0,-576.0,-416.0,684.0,564.0,2125,1628.1386131150114,3126.493503378293,
153,7.5249998569488525,0.046000003814697266,21.739128631995772,20.33222630013931,102672.5,104.0,-1.0,-7.0,17.5,-29.375,-32.375,-18.1875,276.25,-365.375,164.0,-38.375,-49.1875,0.40106201171875,-0.28857421875,-0.86102294921875,0.12054443359375,714.0,-583.0,-503.0,-666.0,541.0,473.0,2237,1749.9108904920092,3030.63944304456,
154,7.56499981880188,0.039999961853027344,25.000023841880648,20.356907295258868,102672.5,107.0,-3.0,3.0,29.75,-20.0,-28.1875,5.625,281.8125,-365.5,177.0625,-60.5625,-46.8125,0.53826904296875,-0.22222900390625,-0.82867431640625,0.02056884765625,922.0,-408.0,-367.0,-814.0,402.0,369.0,2275,1854.9287123936074,2949.601164708114,
155,7.605000019073486,0.040000200271606445,24.999874830872667,20.381328022519003,102672.5,98.0,-10.0,8.0,41.5,-5.875,-16.5625,34.75,283.1875,-362.8125,189.75,-78.25,-40.8125,0.63470458984375,-0.14208984375,-0.7568359375,-0.06463623046875,1058.0,-140.0,-142.0,-960.0,130.0,150.0,2280,1939.942969914886,2784.750091140799,
156,7.644000053405762,0.03900003433227539,25.641003068872344,20.408163122721938,102661.75,86.0,-10.0,10.0,41.5,-5.875,-16.5625,57.1875,280.625,-360.9375,205.3125,-83.4375,173.75,0.7149658203125,-0.080810546875,-0.677490234375,-0.1524658203125,1060.0,96.0,45.0,-974.0,-106.0,-34.0,2322,2016.3543759319089,2619.6530921485064,
157,7.684000015258789,0.039999961853027344,25.000023841880648,20.432066591388782,102661.75,77.0,-15.0,8.0,44.6875,9.25,-4.1875,78.875,275.75,-360.1875,225.1875,-66.125,120.375,0.77569580078125,-0.02337646484375,-0.582275390625,-0.2423095703125,974.0,326.0,209.0,-896.0,-341.0,-200.0,2256,2064.283500745527,2335.3683263309904,
158,7.723999977111816,0.039999961853027344,25.000023841880648,20.455722484230236,102661.75,75.0,-27.0,8.0,38.5625,25.5,4.5,100.8125,272.0,-363.0,250.0625,-48.6875,120.0,0.81500244140625,0.0308837890625,-0.47381591796875,-0.33221435546875,812.0,532.0,332.0,-737.0,-559.0,-323.0,2186,2088.6268005964216,1990.0112763972759,
159,7.763999938964844,0.039999961853027344,25.000023841880648,20.479134627762388,102661.75,89.0,-37.0,13.0,26.5625,39.875,11.0625,123.0625,270.5,-369.4375,279.8125,-31.1875,117.5,0.8311767578125,0.0826416015625,-0.3538818359375,-0.4207763671875,598.0,706.0,401.0,-508.0,-743.0,-387.0,2101,2091.1014404771377,1604.3822323214147,
160,7.803999900817871,0.039999961853027344,25.000023841880648,20.502306770049003,102661.75,103.0,-43.0,19.0,9.5,50.5,12.6875,145.8125,269.9375,-376.5625,312.0625,-13.625,113.5,0.822509765625,0.13165283203125,-0.22467041015625,-0.505615234375,335.0,830.0,399.0,-231.0,-873.0,-380.0,2008,2074.48115238171,1200.4042661282094,
161,7.843999862670898,0.039999961853027344,25.000023841880648,20.525242582701825,102661.75,120.0,-53.0,21.0,9.5,50.5,12.6875,167.625,267.75,-385.3125,342.5,3.8125,107.6875,0.78741455078125,0.17779541015625,-0.0894775390625,-0.58343505859375,55.0,878.0,319.0,65.0,-932.0,-297.0,1943,2048.1849219053684,828.8421351305406,
162,7.884000062942505,0.040000200271606445,24.999874830872667,20.547945041433394,102661.75,145.0,-62.0,27.0,-8.25,54.75,9.875,188.9375,262.3125,-397.6875,8.4375,21.0,99.1875,0.72491455078125,0.221923828125,0.048095703125,-0.65032958984375,-206.0,840.0,173.0,351.0,-903.0,-146.0,1957,2029.947937524295,571.8892427405495,
163,7.922999858856201,0.03899979591369629,25.641159820757196,20.57301563848966,102661.75,178.0,-61.0,31.0,-27.375,53.875,-0.25,209.125,249.0625,-411.1875,29.25,37.1875,86.25,0.6353759765625,0.26513671875,0.1832275390625,-0.70172119140625,-414.0,717.0,-19.0,593.0,-779.0,51.0,1831,1990.158350019436,253.46115970962148,
164,7.9629998207092285,0.039999961853027344,25.000023841880648,20.595253509046703,102661.75,201.0,-45.0,51.0,-42.25,45.875,-14.0625,226.375,220.625,-419.875,45.6875,50.8125,65.25,0.5220947265625,0.30889892578125,0.30889892578125,-0.7325439453125,-558.0,517.0,-207.0,760.0,-562.0,258.0,1488,1889.726680015549,-299.3899011477164,
165,8.002999782562256,0.039999961853027344,25.000023841880648,20.617269084464887,102661.0,179.0,-18.0,62.0,-50.1875,29.25,-24.6875,237.4375,173.625,-412.3125,58.75,58.375,33.125,0.393798828125,0.35430908203125,0.41632080078125,-0.739013671875,-655.0,262.0,-367.0,835.0,-281.0,430.0,1530,1817.7813440124391,-599.2389439961449,
166,8.048999786376953,0.046000003814697266,21.739128631995772,20.623680507602618,102661.0,150.0,-11.0,65.0,-50.1875,29.25,-24.6875,239.875,112.5625,-400.0625,69.625,57.3125,-2.75,0.2618408203125,0.40264892578125,0.5009765625,-0.71990966796875,-675.0,-37.0,-463.0,825.0,25.0,528.0,1427,1739.6250752099515,-819.2009913757392,
167,8.088000059127808,0.03900027275085449,25.640846318904014,20.647873241733002,102661.0,218.0,-2.0,65.0,-51.5625,8.5625,-31.6875,234.25,46.125,-378.3125,79.5625,50.25,-30.75,0.1370849609375,0.45465087890625,0.5633544921875,-0.67608642578125,-536.0,-322.0,-472.0,754.0,320.0,538.0,1278,1647.3000601679614,-1128.8190975170255,
168,8.128000020980835,0.039999961853027344,25.000023841880648,20.66929128522896,102661.0,254.0,29.0,74.0,-46.875,-10.1875,-34.0,219.5625,-19.8125,-339.625,89.1875,41.125,-50.125,0.02911376953125,0.50787353515625,0.6046142578125,-0.6129150390625,-390.0,-537.0,-398.0,645.0,567.0,473.0,1081,1534.0400481343693,-1469.355878247919,
169,8.167999982833862,0.039999961853027344,25.000023841880648,20.69049955376787,102661.0,156.0,92.0,75.0,-37.75,-24.5625,-28.6875,196.5,-87.875,-282.625,98.875,32.4375,-64.4375,-0.052734375,0.56146240234375,0.62744140625,-0.5369873046875,-370.0,-653.0,-281.0,526.0,746.0,356.0,894,1406.0320385074954,-1815.5253611230423,
170,8.20799994468689,0.039999961853027344,25.000023841880648,20.711501114232156,102661.0,91.0,95.0,72.0,-24.5,-33.375,-18.6875,164.6875,-160.375,-218.0,109.0,25.3125,-75.6875,-0.10211181640625,0.61505126953125,0.6365966796875,-0.45391845703125,-328.0,-763.0,-145.0,420.0,858.0,218.0,698,1264.4256308059962,-2160.453002638544,
171,8.247999906539917,0.039999961853027344,25.000023841880648,20.73229897401096,102661.0,97.0,114.0,24.0,-24.5,-33.375,-18.6875,136.375,-203.0,-160.9375,120.0,19.625,-84.875,-0.1207275390625,0.66595458984375,0.6376953125,-0.36785888671875,-232.0,-805.0,-57.0,329.0,919.0,82.0,597,1130.940504644797,-2395.78866942412,
172,8.287999868392944,0.039999961853027344,25.000023841880648,20.752896082435758,102661.0,68.0,144.0,24.0,-15.375,-38.5625,-10.0,117.75,-223.3125,-99.0625,131.1875,15.0,-92.3125,-0.116943359375,0.7113037109375,0.63128662109375,-0.28619384765625,-186.0,-801.0,63.0,254.0,946.0,-38.0,447,994.1524037158377,-2600.572092441208,
173,8.32800006866455,0.040000200271606445,24.999874830872667,20.773294737465303,102661.0,-1944.0,3923.0,-3219.0,-7.875,-40.375,-5.0,-1112.375,582.75,989.4375,127.0625,22.625,-84.25,-0.043701171875,0.67230224609375,0.66156005859375,-0.329345703125,-2321.0,3022.0,-3309.0,377.0,900.0,90.0,156,826.5219229726703,-2918.6058812366064,
174,8.368000030517578,0.039999961853027344,25.000023841880648,20.79349896814445,102661.0,1416.0,1485.0,-1580.0,-4.0625,-43.25,-6.0625,179.625,-296.3125,-867.5625,125.3125,34.5625,-54.9375,0.08868408203125,0.51141357421875,0.77581787109375,-0.35870361328125,201.0,3207.0,-4148.0,494.0,715.0,452.0,118,684.8175383781363,-3043.40730366176,
175,8.405999898910522,0.037999868392944336,26.315880614620127,20.818463252977345,102671.75,740.0,1528.0,-842.0,-4.0625,-43.25,-6.0625,13.625,59.75,-44.375,131.3125,26.8125,-56.4375,0.060546875,0.49981689453125,0.78729248046875,-0.35589599609375,126.0,623.0,170.0,428.0,735.0,486.0,198,587.454030702509,-2947.1671317719,
176,8.45199990272522,0.046000003814697266,21.739128631995772,20.823473973686564,102671.75,731.0,632.0,728.0,-11.75,-26.25,-36.0,7.125,21.375,-82.25,133.125,22.6875,-56.875,0.02740478515625,0.49725341796875,0.79571533203125,-0.3447265625,352.0,-125.0,234.0,378.0,757.0,494.0,226,515.1632245620073,-2672.0415321373275,
177,8.491999864578247,0.039999961853027344,25.000023841880648,20.843146823200126,102671.75,613.0,691.0,678.0,-9.25,-24.1875,-35.5625,-20.8125,2.875,-36.625,135.5,20.5,-57.0,0.0159912109375,0.4947509765625,0.80438232421875,-0.32855224609375,245.0,15.0,192.0,344.0,770.0,500.0,146,441.3305796496058,-2506.7968023336907,
178,8.532000064849854,0.040000200271606445,24.999874830872667,20.862634628113128,102671.75,429.0,969.0,608.0,-7.0625,-26.6875,-37.1875,0.125,-23.625,-28.125,137.25,19.6875,-56.9375,0.01531982421875,0.4931640625,0.80999755859375,-0.31695556640625,41.0,209.0,112.0,330.0,773.0,503.0,179,388.8644637196847,-2267.766708088969,
179,8.57200002670288,0.039999961853027344,25.000023841880648,20.88194113886981,102671.75,204.0,806.0,594.0,-4.875,-24.5,-37.1875,1.5,-4.25,-2.4375,137.9375,19.6875,-57.4375,0.01763916015625,0.4964599609375,0.81011962890625,-0.31121826171875,-132.0,0.0,82.0,331.0,778.0,496.0,142,339.4915709757478,-2061.0780656193833,
180,8.610999822616577,0.03899979591369629,25.641159820757196,20.903495959578873,102671.75,209.0,738.0,621.0,-4.875,-24.5625,-38.5,-8.6875,9.625,15.8125,137.625,19.75,-57.125,0.01751708984375,0.49444580078125,0.81036376953125,-0.31396484375,-122.0,-36.0,121.0,332.0,775.0,500.0,137,298.9932567805982,-1856.5472018453208,
181,8.649999856948853,0.03900003433227539,25.641003068872344,20.92485583737857,102671.75,227.0,739.0,580.0,-4.875,-24.5625,-38.5,-3.25,4.3125,21.625,136.625,20.4375,-56.5625,0.0205078125,0.49169921875,0.80902099609375,-0.3214111328125,-114.0,-27.0,74.0,342.0,767.0,505.0,100,259.1946054244786,-1689.3332297881054,
182,8.68999981880188,0.039999961853027344,25.000023841880648,20.943613785378993,102671.75,279.0,688.0,558.0,-4.375,-24.5625,-36.0625,1.0,10.5,1.375,136.0625,20.4375,-56.4375,0.0189208984375,0.49072265625,0.80804443359375,-0.32550048828125,-42.0,-52.0,60.0,343.0,765.0,507.0,123,231.9556843395829,-1487.6613191403842,
